time,x,y,u,v,phase,toe_x,toe_y,energy
0.000000,0.000000,1.050000,4.402300,0.000000,0,0.417025,0.141105,19.990623
0.001000,0.004402,1.049995,4.402300,-0.009810,0,0.421428,0.141100,19.990623
0.002000,0.008805,1.049980,4.402300,-0.019620,0,0.425830,0.141086,19.990623
0.003000,0.013207,1.049956,4.402300,-0.029430,0,0.430232,0.141061,19.990623
0.004000,0.017609,1.049922,4.402300,-0.039240,0,0.434635,0.141027,19.990623
0.005000,0.022012,1.049877,4.402300,-0.049050,0,0.439037,0.140983,19.990623
0.006000,0.026414,1.049823,4.402300,-0.058860,0,0.443439,0.140929,19.990623
0.007000,0.030816,1.049760,4.402300,-0.068670,0,0.447841,0.140865,19.990623
0.008000,0.035218,1.049686,4.402300,-0.078480,0,0.452244,0.140791,19.990623
0.009000,0.039621,1.049603,4.402300,-0.088290,0,0.456646,0.140708,19.990623
0.010000,0.044023,1.049510,4.402300,-0.098100,0,0.461048,0.140615,19.990623
0.011000,0.048425,1.049406,4.402300,-0.107910,0,0.465451,0.140512,19.990623
0.012000,0.052828,1.049294,4.402300,-0.117720,0,0.469853,0.140399,19.990623
0.013000,0.057230,1.049171,4.402300,-0.127530,0,0.474255,0.140276,19.990623
0.014000,0.061632,1.049039,4.402300,-0.137340,0,0.478658,0.140144,19.990623
0.015000,0.066034,1.048896,4.402300,-0.147150,0,0.483060,0.140002,19.990623
0.016000,0.070437,1.048744,4.402300,-0.156960,0,0.487462,0.139849,19.990623
0.017000,0.074839,1.048582,4.402300,-0.166770,0,0.491864,0.139688,19.990623
0.018000,0.079241,1.048411,4.402300,-0.176580,0,0.496267,0.139516,19.990623
0.019000,0.083644,1.048229,4.402300,-0.186390,0,0.500669,0.139334,19.990623
0.020000,0.088046,1.048038,4.402300,-0.196200,0,0.505071,0.139143,19.990623
0.021000,0.092448,1.047837,4.402300,-0.206010,0,0.509474,0.138942,19.990623
0.022000,0.096851,1.047626,4.402300,-0.215820,0,0.513876,0.138731,19.990623
0.023000,0.101253,1.047405,4.402300,-0.225630,0,0.518278,0.138510,19.990623
0.024000,0.105655,1.047175,4.402300,-0.235440,0,0.522681,0.138280,19.990623
0.025000,0.110057,1.046934,4.402300,-0.245250,0,0.527083,0.138040,19.990623
0.026000,0.114460,1.046684,4.402300,-0.255060,0,0.531485,0.137789,19.990623
0.027000,0.118862,1.046424,4.402300,-0.264870,0,0.535887,0.137529,19.990623
0.028000,0.123264,1.046154,4.402300,-0.274680,0,0.540290,0.137260,19.990623
0.029000,0.127667,1.045875,4.402300,-0.284490,0,0.544692,0.136980,19.990623
0.030000,0.132069,1.045586,4.402300,-0.294300,0,0.549094,0.136691,19.990623
0.031000,0.136471,1.045286,4.402300,-0.304110,0,0.553497,0.136391,19.990623
0.032000,0.140874,1.044977,4.402300,-0.313920,0,0.557899,0.136082,19.990623
0.033000,0.145276,1.044658,4.402300,-0.323730,0,0.562301,0.135764,19.990623
0.034000,0.149678,1.044330,4.402300,-0.333540,0,0.566704,0.135435,19.990623
0.035000,0.154080,1.043991,4.402300,-0.343350,0,0.571106,0.135097,19.990623
0.036000,0.158483,1.043643,4.402300,-0.353160,0,0.575508,0.134748,19.990623
0.037000,0.162885,1.043285,4.402300,-0.362970,0,0.579910,0.134390,19.990623
0.038000,0.167287,1.042917,4.402300,-0.372780,0,0.584313,0.134022,19.990623
0.039000,0.171690,1.042539,4.402300,-0.382590,0,0.588715,0.133645,19.990623
0.040000,0.176092,1.042152,4.402300,-0.392400,0,0.593117,0.133257,19.990623
0.041000,0.180494,1.041755,4.402300,-0.402210,0,0.597520,0.132860,19.990623
0.042000,0.184897,1.041348,4.402300,-0.412020,0,0.601922,0.132453,19.990623
0.043000,0.189299,1.040931,4.402300,-0.421830,0,0.606324,0.132036,19.990623
0.044000,0.193701,1.040504,4.402300,-0.431640,0,0.610727,0.131609,19.990623
0.045000,0.198103,1.040067,4.402300,-0.441450,0,0.615129,0.131173,19.990623
0.046000,0.202506,1.039621,4.402300,-0.451260,0,0.619531,0.130726,19.990623
0.047000,0.206908,1.039165,4.402300,-0.461070,0,0.623933,0.130270,19.990623
0.048000,0.211310,1.038699,4.402300,-0.470880,0,0.628336,0.129804,19.990623
0.049000,0.215713,1.038223,4.402300,-0.480690,0,0.632738,0.129328,19.990623
0.050000,0.220115,1.037738,4.402300,-0.490500,0,0.637140,0.128843,19.990623
0.051000,0.224517,1.037242,4.402300,-0.500310,0,0.641543,0.128347,19.990623
0.052000,0.228920,1.036737,4.402300,-0.510120,0,0.645945,0.127842,19.990623
0.053000,0.233322,1.036222,4.402300,-0.519930,0,0.650347,0.127327,19.990623
0.054000,0.237724,1.035697,4.402300,-0.529740,0,0.654750,0.126802,19.990623
0.055000,0.242126,1.035162,4.402300,-0.539550,0,0.659152,0.126268,19.990623
0.056000,0.246529,1.034618,4.402300,-0.549360,0,0.663554,0.125723,19.990623
0.057000,0.250931,1.034064,4.402300,-0.559170,0,0.667956,0.125169,19.990623
0.058000,0.255333,1.033500,4.402300,-0.568980,0,0.672359,0.124605,19.990623
0.059000,0.259736,1.032926,4.402300,-0.578790,0,0.676761,0.124031,19.990623
0.060000,0.264138,1.032342,4.402300,-0.588600,0,0.681163,0.123447,19.990623
0.061000,0.268540,1.031748,4.402300,-0.598410,0,0.685566,0.122854,19.990623
0.062000,0.272943,1.031145,4.402300,-0.608220,0,0.689968,0.122250,19.990623
0.063000,0.277345,1.030532,4.402300,-0.618030,0,0.694370,0.121637,19.990623
0.064000,0.281747,1.029909,4.402300,-0.627840,0,0.698773,0.121014,19.990623
0.065000,0.286150,1.029276,4.402300,-0.637650,0,0.703175,0.120382,19.990623
0.066000,0.290552,1.028634,4.402300,-0.647460,0,0.707577,0.119739,19.990623
0.067000,0.294954,1.027981,4.402300,-0.657270,0,0.711979,0.119087,19.990623
0.068000,0.299356,1.027319,4.402300,-0.667080,0,0.716382,0.118424,19.990623
0.069000,0.303759,1.026647,4.402300,-0.676890,0,0.720784,0.117752,19.990623
0.070000,0.308161,1.025966,4.402300,-0.686700,0,0.725186,0.117071,19.990623
0.071000,0.312563,1.025274,4.402300,-0.696510,0,0.729589,0.116379,19.990623
0.072000,0.316966,1.024572,4.402300,-0.706320,0,0.733991,0.115678,19.990623
0.073000,0.321368,1.023861,4.402300,-0.716130,0,0.738393,0.114966,19.990623
0.074000,0.325770,1.023140,4.402300,-0.725940,0,0.742796,0.114245,19.990623
0.075000,0.330173,1.022409,4.402300,-0.735750,0,0.747198,0.113515,19.990623
0.076000,0.334575,1.021669,4.402300,-0.745560,0,0.751600,0.112774,19.990623
0.077000,0.338977,1.020918,4.402300,-0.755370,0,0.756002,0.112023,19.990623
0.078000,0.343379,1.020158,4.402300,-0.765180,0,0.760405,0.111263,19.990623
0.079000,0.347782,1.019388,4.402300,-0.774990,0,0.764807,0.110493,19.990623
0.080000,0.352184,1.018608,4.402300,-0.784800,0,0.769209,0.109713,19.990623
0.081000,0.356586,1.017818,4.402300,-0.794610,0,0.773612,0.108923,19.990623
0.082000,0.360989,1.017019,4.402300,-0.804420,0,0.778014,0.108124,19.990623
0.083000,0.365391,1.016209,4.402300,-0.814230,0,0.782416,0.107315,19.990623
0.084000,0.369793,1.015390,4.402300,-0.824040,0,0.786819,0.106495,19.990623
0.085000,0.374196,1.014561,4.402300,-0.833850,0,0.791221,0.105667,19.990623
0.086000,0.378598,1.013723,4.402300,-0.843660,0,0.795623,0.104828,19.990623
0.087000,0.383000,1.012874,4.402300,-0.853470,0,0.800025,0.103979,19.990623
0.088000,0.387402,1.012016,4.402300,-0.863280,0,0.804428,0.103121,19.990623
0.089000,0.391805,1.011147,4.402300,-0.873090,0,0.808830,0.102253,19.990623
0.090000,0.396207,1.010270,4.402300,-0.882900,0,0.813232,0.101375,19.990623
0.091000,0.400609,1.009382,4.402300,-0.892710,0,0.817635,0.100487,19.990623
0.092000,0.405012,1.008484,4.402300,-0.902520,0,0.822037,0.099589,19.990623
0.093000,0.409414,1.007577,4.402300,-0.912330,0,0.826439,0.098682,19.990623
0.094000,0.413816,1.006659,4.402300,-0.922140,0,0.830842,0.097765,19.990623
0.095000,0.418219,1.005732,4.402300,-0.931950,0,0.835244,0.096838,19.990623
0.096000,0.422621,1.004796,4.402300,-0.941760,0,0.839646,0.095901,19.990623
0.097000,0.427023,1.003849,4.402300,-0.951570,0,0.844048,0.094954,19.990623
0.098000,0.431425,1.002892,4.402300,-0.961380,0,0.848451,0.093998,19.990623
0.099000,0.435828,1.001926,4.402300,-0.971190,0,0.852853,0.093031,19.990623
0.100000,0.440230,1.000950,4.402300,-0.981000,0,0.857255,0.092055,19.990623
0.101000,0.444632,0.999964,4.402300,-0.990810,0,0.861658,0.091069,19.990623
0.102000,0.449035,0.998968,4.402300,-1.000620,0,0.866060,0.090074,19.990623
0.103000,0.453437,0.997963,4.402300,-1.010430,0,0.870462,0.089068,19.990623
0.104000,0.457839,0.996948,4.402300,-1.020240,0,0.874865,0.088053,19.990623
0.105000,0.462242,0.995922,4.402300,-1.030050,0,0.879267,0.087028,19.990623
0.106000,0.466644,0.994887,4.402300,-1.039860,0,0.883669,0.085993,19.990623
0.107000,0.471046,0.993843,4.402300,-1.049670,0,0.888071,0.084948,19.990623
0.108000,0.475448,0.992788,4.402300,-1.059480,0,0.892474,0.083893,19.990623
0.109000,0.479851,0.991724,4.402300,-1.069290,0,0.896876,0.082829,19.990623
0.110000,0.484253,0.990650,4.402300,-1.079100,0,0.901278,0.081755,19.990623
0.111000,0.488655,0.989565,4.402300,-1.088910,0,0.905681,0.080671,19.990623
0.112000,0.493058,0.988472,4.402300,-1.098720,0,0.910083,0.079577,19.990623
0.113000,0.497460,0.987368,4.402300,-1.108530,0,0.914485,0.078473,19.990623
0.114000,0.501862,0.986255,4.402300,-1.118340,0,0.918888,0.077360,19.990623
0.115000,0.506265,0.985131,4.402300,-1.128150,0,0.923290,0.076237,19.990623
0.116000,0.510667,0.983998,4.402300,-1.137960,0,0.927692,0.075103,19.990623
0.117000,0.515069,0.982855,4.402300,-1.147770,0,0.932094,0.073961,19.990623
0.118000,0.519471,0.981703,4.402300,-1.157580,0,0.936497,0.072808,19.990623
0.119000,0.523874,0.980540,4.402300,-1.167390,0,0.940899,0.071645,19.990623
0.120000,0.528276,0.979368,4.402300,-1.177200,0,0.945301,0.070473,19.990623
0.121000,0.532678,0.978186,4.402300,-1.187010,0,0.949704,0.069291,19.990623
0.122000,0.537081,0.976994,4.402300,-1.196820,0,0.954106,0.068099,19.990623
0.123000,0.541483,0.975792,4.402300,-1.206630,0,0.958508,0.066897,19.990623
0.124000,0.545885,0.974581,4.402300,-1.216440,0,0.962911,0.065686,19.990623
0.125000,0.550288,0.973359,4.402300,-1.226250,0,0.967313,0.064465,19.990623
0.126000,0.554690,0.972128,4.402300,-1.236060,0,0.971715,0.063233,19.990623
0.127000,0.559092,0.970887,4.402300,-1.245870,0,0.976117,0.061992,19.990623
0.128000,0.563494,0.969636,4.402300,-1.255680,0,0.980520,0.060742,19.990623
0.129000,0.567897,0.968376,4.402300,-1.265490,0,0.984922,0.059481,19.990623
0.130000,0.572299,0.967105,4.402300,-1.275300,0,0.989324,0.058211,19.990623
0.131000,0.576701,0.965825,4.402300,-1.285110,0,0.993727,0.056930,19.990623
0.132000,0.581104,0.964535,4.402300,-1.294920,0,0.998129,0.055640,19.990623
0.133000,0.585506,0.963235,4.402300,-1.304730,0,1.002531,0.054341,19.990623
0.134000,0.589908,0.961926,4.402300,-1.314540,0,1.006934,0.053031,19.990623
0.135000,0.594311,0.960606,4.402300,-1.324350,0,1.011336,0.051712,19.990623
0.136000,0.598713,0.959277,4.402300,-1.334160,0,1.015738,0.050382,19.990623
0.137000,0.603115,0.957938,4.402300,-1.343970,0,1.020140,0.049043,19.990623
0.138000,0.607517,0.956589,4.402300,-1.353780,0,1.024543,0.047694,19.990623
0.139000,0.611920,0.955230,4.402300,-1.363590,0,1.028945,0.046336,19.990623
0.140000,0.616322,0.953862,4.402300,-1.373400,0,1.033347,0.044967,19.990623
0.141000,0.620724,0.952484,4.402300,-1.383210,0,1.037750,0.043589,19.990623
0.142000,0.625127,0.951096,4.402300,-1.393020,0,1.042152,0.042201,19.990623
0.143000,0.629529,0.949698,4.402300,-1.402830,0,1.046554,0.040803,19.990623
0.144000,0.633931,0.948290,4.402300,-1.412640,0,1.050957,0.039395,19.990623
0.145000,0.638334,0.946872,4.402300,-1.422450,0,1.055359,0.037978,19.990623
0.146000,0.642736,0.945445,4.402300,-1.432260,0,1.059761,0.036550,19.990623
0.147000,0.647138,0.944008,4.402300,-1.442070,0,1.064163,0.035113,19.990623
0.148000,0.651540,0.942561,4.402300,-1.451880,0,1.068566,0.033666,19.990623
0.149000,0.655943,0.941104,4.402300,-1.461690,0,1.072968,0.032209,19.990623
0.150000,0.660345,0.939637,4.402300,-1.471500,0,1.077370,0.030743,19.990623
0.151000,0.664747,0.938161,4.402300,-1.481310,0,1.081773,0.029266,19.990623
0.152000,0.669150,0.936675,4.402300,-1.491120,0,1.086175,0.027780,19.990623
0.153000,0.673552,0.935179,4.402300,-1.500930,0,1.090577,0.026284,19.990623
0.154000,0.677954,0.933673,4.402300,-1.510740,0,1.094980,0.024778,19.990623
0.155000,0.682357,0.932157,4.402300,-1.520550,0,1.099382,0.023263,19.990623
0.156000,0.686759,0.930632,4.402300,-1.530360,0,1.103784,0.021737,19.990623
0.157000,0.691161,0.929097,4.402300,-1.540170,0,1.108186,0.020202,19.990623
0.158000,0.695563,0.927552,4.402300,-1.549980,0,1.112589,0.018657,19.990623
0.159000,0.699966,0.925997,4.402300,-1.559790,0,1.116991,0.017102,19.990623
0.160000,0.704368,0.924432,4.402300,-1.569600,0,1.121393,0.015537,19.990623
0.161000,0.708770,0.922857,4.402300,-1.579410,0,1.125796,0.013963,19.990623
0.162000,0.713173,0.921273,4.402300,-1.589220,0,1.130198,0.012378,19.990623
0.163000,0.717575,0.919679,4.402300,-1.599030,0,1.134600,0.010784,19.990623
0.164000,0.721977,0.918075,4.402300,-1.608840,0,1.139003,0.009180,19.990623
0.165000,0.726379,0.916461,4.402300,-1.618650,0,1.143405,0.007567,19.990623
0.166000,0.730782,0.914838,4.402300,-1.628460,0,1.147807,0.005943,19.990623
0.167000,0.735184,0.913204,4.402300,-1.638270,0,1.152209,0.004310,19.990623
0.168000,0.739586,0.911561,4.402300,-1.648080,0,1.156612,0.002666,19.990623
0.169000,0.743989,0.909908,4.402300,-1.657890,0,1.161014,0.001013,19.990623
0.170000,0.748391,0.908245,4.402300,-1.667700,1,1.165118,0.000000,19.990674
0.171000,0.752793,0.906573,4.402102,-1.677075,1,1.165118,0.000000,19.990674
0.172000,0.757195,0.904892,4.401628,-1.685839,1,1.165118,0.000000,19.990674
0.173000,0.761596,0.903202,4.400885,-1.693992,1,1.165118,0.000000,19.990674
0.174000,0.765997,0.901504,4.399875,-1.701531,1,1.165118,0.000000,19.990674
0.175000,0.770396,0.899799,4.398604,-1.708456,1,1.165118,0.000000,19.990674
0.176000,0.774794,0.898087,4.397075,-1.714766,1,1.165118,0.000000,19.990674
0.177000,0.779190,0.896369,4.395295,-1.720460,1,1.165118,0.000000,19.990674
0.178000,0.783584,0.894646,4.393268,-1.725539,1,1.165118,0.000000,19.990674
0.179000,0.787977,0.892919,4.390998,-1.730000,1,1.165118,0.000000,19.990674
0.180000,0.792366,0.891187,4.388491,-1.733846,1,1.165118,0.000000,19.990674
0.181000,0.796753,0.889451,4.385752,-1.737074,1,1.165118,0.000000,19.990674
0.182000,0.801138,0.887713,4.382786,-1.739686,1,1.165118,0.000000,19.990674
0.183000,0.805519,0.885972,4.379598,-1.741681,1,1.165118,0.000000,19.990674
0.184000,0.809897,0.884229,4.376194,-1.743060,1,1.165118,0.000000,19.990674
0.185000,0.814271,0.882486,4.372579,-1.743824,1,1.165118,0.000000,19.990674
0.186000,0.818642,0.880742,4.368759,-1.743973,1,1.165118,0.000000,19.990674
0.187000,0.823009,0.878998,4.364738,-1.743509,1,1.165118,0.000000,19.990674
0.188000,0.827371,0.877255,4.360524,-1.742431,1,1.165118,0.000000,19.990674
0.189000,0.831730,0.875514,4.356121,-1.740741,1,1.165118,0.000000,19.990674
0.190000,0.836084,0.873774,4.351536,-1.738442,1,1.165118,0.000000,19.990674
0.191000,0.840433,0.872037,4.346773,-1.735533,1,1.165118,0.000000,19.990674
0.192000,0.844777,0.870303,4.341840,-1.732017,1,1.165118,0.000000,19.990674
0.193000,0.849116,0.868573,4.336742,-1.727896,1,1.165118,0.000000,19.990674
0.194000,0.853450,0.866847,4.331486,-1.723172,1,1.165118,0.000000,19.990674
0.195000,0.857779,0.865127,4.326076,-1.717846,1,1.165118,0.000000,19.990674
0.196000,0.862103,0.863412,4.320521,-1.711922,1,1.165118,0.000000,19.990674
0.197000,0.866420,0.861703,4.314825,-1.705401,1,1.165118,0.000000,19.990674
0.198000,0.870732,0.860001,4.308995,-1.698286,1,1.165118,0.000000,19.990674
0.199000,0.875038,0.858307,4.303037,-1.690580,1,1.165118,0.000000,19.990674
0.200000,0.879338,0.856620,4.296958,-1.682286,1,1.165118,0.000000,19.990674
0.201000,0.883632,0.854943,4.290765,-1.673408,1,1.165118,0.000000,19.990674
0.202000,0.887920,0.853274,4.284463,-1.663948,1,1.165118,0.000000,19.990674
0.203000,0.892201,0.851615,4.278058,-1.653910,1,1.165118,0.000000,19.990674
0.204000,0.896476,0.849966,4.271559,-1.643297,1,1.165118,0.000000,19.990674
0.205000,0.900744,0.848328,4.264970,-1.632114,1,1.165118,0.000000,19.990674
0.206000,0.905006,0.846702,4.258300,-1.620365,1,1.165118,0.000000,19.990674
0.207000,0.909261,0.845088,4.251553,-1.608053,1,1.165118,0.000000,19.990674
0.208000,0.913509,0.843486,4.244737,-1.595183,1,1.165118,0.000000,19.990674
0.209000,0.917750,0.841898,4.237859,-1.581759,1,1.165118,0.000000,19.990674
0.210000,0.921985,0.840323,4.230924,-1.567787,1,1.165118,0.000000,19.990674
0.211000,0.926212,0.838762,4.223941,-1.553270,1,1.165118,0.000000,19.990674
0.212000,0.930432,0.837216,4.216915,-1.538214,1,1.165118,0.000000,19.990674
0.213000,0.934646,0.835686,4.209852,-1.522624,1,1.165118,0.000000,19.990674
0.214000,0.938852,0.834171,4.202761,-1.506506,1,1.165118,0.000000,19.990674
0.215000,0.943051,0.832673,4.195646,-1.489865,1,1.165118,0.000000,19.990674
0.216000,0.947243,0.831192,4.188515,-1.472706,1,1.165118,0.000000,19.990674
0.217000,0.951428,0.829728,4.181375,-1.455035,1,1.165118,0.000000,19.990674
0.218000,0.955606,0.828282,4.174232,-1.436859,1,1.165118,0.000000,19.990674
0.219000,0.959777,0.826854,4.167093,-1.418184,1,1.165118,0.000000,19.990674
0.220000,0.963940,0.825446,4.159963,-1.399015,1,1.165118,0.000000,19.990674
0.221000,0.968097,0.824057,4.152850,-1.379360,1,1.165118,0.000000,19.990674
0.222000,0.972246,0.822687,4.145760,-1.359225,1,1.165118,0.000000,19.990674
0.223000,0.976388,0.821338,4.138700,-1.338616,1,1.165118,0.000000,19.990674
0.224000,0.980523,0.820010,4.131676,-1.317542,1,1.165118,0.000000,19.990674
0.225000,0.984652,0.818703,4.124693,-1.296008,1,1.165118,0.000000,19.990674
0.226000,0.988773,0.817418,4.117759,-1.274023,1,1.165118,0.000000,19.990674
0.227000,0.992887,0.816155,4.110880,-1.251593,1,1.165118,0.000000,19.990674
0.228000,0.996995,0.814915,4.104062,-1.228727,1,1.165118,0.000000,19.990674
0.229000,1.001095,0.813698,4.097311,-1.205432,1,1.165118,0.000000,19.990674
0.230000,1.005189,0.812504,4.090632,-1.181716,1,1.165118,0.000000,19.990674
0.231000,1.009277,0.811335,4.084033,-1.157588,1,1.165118,0.000000,19.990674
0.232000,1.013357,0.810189,4.077518,-1.133054,1,1.165118,0.000000,19.990674
0.233000,1.017432,0.809069,4.071094,-1.108124,1,1.165118,0.000000,19.990674
0.234000,1.021500,0.807973,4.064766,-1.082806,1,1.165118,0.000000,19.990674
0.235000,1.025561,0.806903,4.058539,-1.057110,1,1.165118,0.000000,19.990674
0.236000,1.029617,0.805859,4.052421,-1.031042,1,1.165118,0.000000,19.990674
0.237000,1.033666,0.804841,4.046415,-1.004614,1,1.165118,0.000000,19.990674
0.238000,1.037710,0.803850,4.040527,-0.977833,1,1.165118,0.000000,19.990674
0.239000,1.041747,0.802886,4.034762,-0.950708,1,1.165118,0.000000,19.990674
0.240000,1.045779,0.801949,4.029126,-0.923250,1,1.165118,0.000000,19.990674
0.241000,1.049805,0.801039,4.023623,-0.895468,1,1.165118,0.000000,19.990674
0.242000,1.053826,0.800158,4.018259,-0.867371,1,1.165118,0.000000,19.990674
0.243000,1.057842,0.799305,4.013037,-0.838968,1,1.165118,0.000000,19.990674
0.244000,1.061853,0.798480,4.007963,-0.810270,1,1.165118,0.000000,19.990674
0.245000,1.065858,0.797684,4.003041,-0.781287,1,1.165118,0.000000,19.990674
0.246000,1.069859,0.796918,3.998275,-0.752029,1,1.165118,0.000000,19.990674
0.247000,1.073855,0.796180,3.993670,-0.722505,1,1.165118,0.000000,19.990674
0.248000,1.077846,0.795473,3.989230,-0.692727,1,1.165118,0.000000,19.990674
0.249000,1.081833,0.794795,3.984958,-0.662704,1,1.165118,0.000000,19.990674
0.250000,1.085816,0.794147,3.980858,-0.632446,1,1.165118,0.000000,19.990674
0.251000,1.089795,0.793530,3.976934,-0.601966,1,1.165118,0.000000,19.990674
0.252000,1.093770,0.792944,3.973190,-0.571272,1,1.165118,0.000000,19.990674
0.253000,1.097741,0.792388,3.969628,-0.540376,1,1.165118,0.000000,19.990674
0.254000,1.101709,0.791863,3.966252,-0.509289,1,1.165118,0.000000,19.990674
0.255000,1.105674,0.791369,3.963064,-0.478021,1,1.165118,0.000000,19.990674
0.256000,1.109635,0.790907,3.960068,-0.446584,1,1.165118,0.000000,19.990674
0.257000,1.113594,0.790476,3.957267,-0.414988,1,1.165118,0.000000,19.990674
0.258000,1.117550,0.790077,3.954662,-0.383245,1,1.165118,0.000000,19.990674
0.259000,1.121504,0.789710,3.952255,-0.351366,1,1.165118,0.000000,19.990674
0.260000,1.125455,0.789374,3.950050,-0.319361,1,1.165118,0.000000,19.990674
0.261000,1.129404,0.789071,3.948048,-0.287243,1,1.165118,0.000000,19.990674
0.262000,1.133351,0.788800,3.946250,-0.255023,1,1.165118,0.000000,19.990674
0.263000,1.137296,0.788561,3.944659,-0.222711,1,1.165118,0.000000,19.990674
0.264000,1.141240,0.788354,3.943276,-0.190320,1,1.165118,0.000000,19.990674
0.265000,1.145183,0.788180,3.942101,-0.157860,1,1.165118,0.000000,19.990674
0.266000,1.149124,0.788039,3.941136,-0.125343,1,1.165118,0.000000,19.990674
0.267000,1.153065,0.787930,3.940382,-0.092782,1,1.165118,0.000000,19.990674
0.268000,1.157005,0.787853,3.939839,-0.060186,1,1.165118,0.000000,19.990674
0.269000,1.160945,0.787809,3.939509,-0.027568,1,1.165118,0.000000,19.990674
0.270000,1.164884,0.787798,3.939390,0.005061,1,1.165118,0.000000,19.990674
0.271000,1.168824,0.787819,3.939483,0.037689,1,1.165118,0.000000,19.990674
0.272000,1.172763,0.787873,3.939789,0.070305,1,1.165118,0.000000,19.990674
0.273000,1.176703,0.787960,3.940306,0.102897,1,1.165118,0.000000,19.990674
0.274000,1.180644,0.788079,3.941035,0.135454,1,1.165118,0.000000,19.990674
0.275000,1.184586,0.788231,3.941975,0.167964,1,1.165118,0.000000,19.990674
0.276000,1.188528,0.788415,3.943124,0.200416,1,1.165118,0.000000,19.990674
0.277000,1.192472,0.788632,3.944482,0.232798,1,1.165118,0.000000,19.990674
0.278000,1.196417,0.788881,3.946048,0.265099,1,1.165118,0.000000,19.990674
0.279000,1.200364,0.789162,3.947819,0.297307,1,1.165118,0.000000,19.990674
0.280000,1.204313,0.789475,3.949796,0.329412,1,1.165118,0.000000,19.990674
0.281000,1.208264,0.789821,3.951975,0.361401,1,1.165118,0.000000,19.990674
0.282000,1.212217,0.790198,3.954355,0.393264,1,1.165118,0.000000,19.990674
0.283000,1.216173,0.790607,3.956934,0.424990,1,1.165118,0.000000,19.990674
0.284000,1.220131,0.791048,3.959709,0.456566,1,1.165118,0.000000,19.990674
0.285000,1.224092,0.791520,3.962679,0.487983,1,1.165118,0.000000,19.990674
0.286000,1.228056,0.792024,3.965839,0.519229,1,1.165118,0.000000,19.990674
0.287000,1.232024,0.792559,3.969189,0.550293,1,1.165118,0.000000,19.990674
0.288000,1.235995,0.793124,3.972723,0.581164,1,1.165118,0.000000,19.990674
0.289000,1.239969,0.793721,3.976440,0.611832,1,1.165118,0.000000,19.990674
0.290000,1.243948,0.794348,3.980337,0.642285,1,1.165118,0.000000,19.990674
0.291000,1.247930,0.795005,3.984409,0.672514,1,1.165118,0.000000,19.990674
0.292000,1.251917,0.795693,3.988653,0.702507,1,1.165118,0.000000,19.990674
0.293000,1.255907,0.796410,3.993065,0.732255,1,1.165118,0.000000,19.990674
0.294000,1.259903,0.797157,3.997641,0.761746,1,1.165118,0.000000,19.990674
0.295000,1.263903,0.797934,4.002378,0.790970,1,1.165118,0.000000,19.990674
0.296000,1.267907,0.798739,4.007271,0.819918,1,1.165118,0.000000,19.990674
0.297000,1.271917,0.799573,4.012316,0.848580,1,1.165118,0.000000,19.990674
0.298000,1.275932,0.800436,4.017508,0.876945,1,1.165118,0.000000,19.990674
0.299000,1.279952,0.801327,4.022842,0.905003,1,1.165118,0.000000,19.990674
0.300000,1.283978,0.802246,4.028315,0.932745,1,1.165118,0.000000,19.990674
0.301000,1.288009,0.803193,4.033920,0.960162,1,1.165118,0.000000,19.990674
0.302000,1.292046,0.804166,4.039654,0.987244,1,1.165118,0.000000,19.990674
0.303000,1.296088,0.805167,4.045510,1.013981,1,1.165118,0.000000,19.990674
0.304000,1.300137,0.806194,4.051485,1.040365,1,1.165118,0.000000,19.990674
0.305000,1.304191,0.807248,4.057572,1.066386,1,1.165118,0.000000,19.990674
0.306000,1.308252,0.808327,4.063765,1.092036,1,1.165118,0.000000,19.990674
0.307000,1.312319,0.809432,4.070061,1.117305,1,1.165118,0.000000,19.990674
0.308000,1.316392,0.810561,4.076452,1.142186,1,1.165118,0.000000,19.990674
0.309000,1.320472,0.811716,4.082934,1.166669,1,1.165118,0.000000,19.990674
0.310000,1.324558,0.812895,4.089500,1.190746,1,1.165118,0.000000,19.990674
0.311000,1.328651,0.814097,4.096144,1.214409,1,1.165118,0.000000,19.990674
0.312000,1.332750,0.815323,4.102861,1.237651,1,1.165118,0.000000,19.990674
0.313000,1.336857,0.816572,4.109645,1.260462,1,1.165118,0.000000,19.990674
0.314000,1.340970,0.817844,4.116489,1.282836,1,1.165118,0.000000,19.990674
0.315000,1.345090,0.819138,4.123388,1.304764,1,1.165118,0.000000,19.990674
0.316000,1.349216,0.820453,4.130335,1.326240,1,1.165118,0.000000,19.990674
0.317000,1.353350,0.821790,4.137323,1.347255,1,1.165118,0.000000,19.990674
0.318000,1.357491,0.823148,4.144348,1.367804,1,1.165118,0.000000,19.990674
0.319000,1.361639,0.824526,4.151401,1.387879,1,1.165118,0.000000,19.990674
0.320000,1.365794,0.825923,4.158477,1.407472,1,1.165118,0.000000,19.990674
0.321000,1.369956,0.827340,4.165569,1.426578,1,1.165118,0.000000,19.990674
0.322000,1.374125,0.828776,4.172671,1.445190,1,1.165118,0.000000,19.990674
0.323000,1.378301,0.830231,4.179777,1.463302,1,1.165118,0.000000,19.990674
0.324000,1.382485,0.831703,4.186879,1.480908,1,1.165118,0.000000,19.990674
0.325000,1.386675,0.833192,4.193971,1.498001,1,1.165118,0.000000,19.990674
0.326000,1.390873,0.834699,4.201047,1.514575,1,1.165118,0.000000,19.990674
0.327000,1.395077,0.836221,4.208100,1.530626,1,1.165118,0.000000,19.990674
0.328000,1.399289,0.837760,4.215123,1.546147,1,1.165118,0.000000,19.990674
0.329000,1.403507,0.839313,4.222110,1.561134,1,1.165118,0.000000,19.990674
0.330000,1.407733,0.840882,4.229054,1.575581,1,1.165118,0.000000,19.990674
0.331000,1.411965,0.842464,4.235948,1.589483,1,1.165118,0.000000,19.990674
0.332000,1.416205,0.844061,4.242787,1.602835,1,1.165118,0.000000,19.990674
0.333000,1.420451,0.845670,4.249562,1.615633,1,1.165118,0.000000,19.990674
0.334000,1.424704,0.847292,4.256268,1.627872,1,1.165118,0.000000,19.990674
0.335000,1.428964,0.848925,4.262898,1.639548,1,1.165118,0.000000,19.990674
0.336000,1.433230,0.850571,4.269446,1.650657,1,1.165118,0.000000,19.990674
0.337000,1.437502,0.852226,4.275904,1.661195,1,1.165118,0.000000,19.990674
0.338000,1.441782,0.853893,4.282267,1.671158,1,1.165118,0.000000,19.990674
0.339000,1.446067,0.855569,4.288528,1.680542,1,1.165118,0.000000,19.990674
0.340000,1.450359,0.857254,4.294680,1.689344,1,1.165118,0.000000,19.990674
0.341000,1.454656,0.858947,4.300717,1.697560,1,1.165118,0.000000,19.990674
0.342000,1.458960,0.860649,4.306633,1.705188,1,1.165118,0.000000,19.990674
0.343000,1.463269,0.862357,4.312421,1.712225,1,1.165118,0.000000,19.990674
0.344000,1.467585,0.864073,4.318075,1.718667,1,1.165118,0.000000,19.990674
0.345000,1.471906,0.865794,4.323588,1.724513,1,1.165118,0.000000,19.990674
0.346000,1.476232,0.867522,4.328955,1.729759,1,1.165118,0.000000,19.990674
0.347000,1.480563,0.869254,4.334170,1.734403,1,1.165118,0.000000,19.990674
0.348000,1.484900,0.870990,4.339225,1.738444,1,1.165118,0.000000,19.990674
0.349000,1.489242,0.872730,4.344116,1.741879,1,1.165118,0.000000,19.990674
0.350000,1.493588,0.874474,4.348836,1.744706,1,1.165118,0.000000,19.990674
0.351000,1.497939,0.876220,4.353379,1.746924,1,1.165118,0.000000,19.990674
0.352000,1.502295,0.877967,4.357739,1.748531,1,1.165118,0.000000,19.990674
0.353000,1.506655,0.879716,4.361912,1.749527,1,1.165118,0.000000,19.990674
0.354000,1.511019,0.881466,4.365890,1.749909,1,1.165118,0.000000,19.990674
0.355000,1.515387,0.883216,4.369668,1.749676,1,1.165118,0.000000,19.990674
0.356000,1.519758,0.884965,4.373241,1.748829,1,1.165118,0.000000,19.990674
0.357000,1.524133,0.886714,4.376603,1.747366,1,1.165118,0.000000,19.990674
0.358000,1.528511,0.888460,4.379749,1.745287,1,1.165118,0.000000,19.990674
0.359000,1.532892,0.890204,4.382673,1.742591,1,1.165118,0.000000,19.990674
0.360000,1.537276,0.891945,4.385370,1.739278,1,1.165118,0.000000,19.990674
0.361000,1.541663,0.893682,4.387835,1.735348,1,1.165118,0.000000,19.990674
0.362000,1.546052,0.895415,4.390063,1.730801,1,1.165118,0.000000,19.990674
0.363000,1.550443,0.897144,4.392049,1.725638,1,1.165118,0.000000,19.990674
0.364000,1.554836,0.898866,4.393788,1.719858,1,1.165118,0.000000,19.990674
0.365000,1.559231,0.900583,4.395276,1.713462,1,1.165118,0.000000,19.990674
0.366000,1.563627,0.902293,4.396506,1.706452,1,1.165118,0.000000,19.990674
0.367000,1.568024,0.903996,4.397475,1.698827,1,1.165118,0.000000,19.990674
0.368000,1.572421,0.905691,4.398179,1.690589,1,1.165118,0.000000,19.990674
0.369000,1.576820,0.907377,4.398612,1.681739,1,1.165118,0.000000,19.990674
0.370000,1.581219,0.909054,4.398771,1.672277,1,1.165118,0.000000,19.990674
0.371000,1.585617,0.910721,4.398651,1.662207,0,2.002643,0.001826,19.989706
0.372000,1.590016,0.912378,4.398651,1.652397,0,2.007041,0.003484,19.989706
0.373000,1.594415,0.914026,4.398651,1.642587,0,2.011440,0.005131,19.989706
0.374000,1.598813,0.915664,4.398651,1.632777,0,2.015839,0.006769,19.989706
0.375000,1.603212,0.917292,4.398651,1.622967,0,2.020237,0.008397,19.989706
0.376000,1.607610,0.918910,4.398651,1.613157,0,2.024636,0.010015,19.989706
0.377000,1.612009,0.920518,4.398651,1.603347,0,2.029034,0.011623,19.989706
0.378000,1.616408,0.922116,4.398651,1.593537,0,2.033433,0.013221,19.989706
0.379000,1.620806,0.923705,4.398651,1.583727,0,2.037832,0.014810,19.989706
0.380000,1.625205,0.925284,4.398651,1.573917,0,2.042230,0.016389,19.989706
0.381000,1.629604,0.926853,4.398651,1.564107,0,2.046629,0.017958,19.989706
0.382000,1.634002,0.928412,4.398651,1.554297,0,2.051028,0.019517,19.989706
0.383000,1.638401,0.929961,4.398651,1.544487,0,2.055426,0.021066,19.989706
0.384000,1.642800,0.931501,4.398651,1.534677,0,2.059825,0.022606,19.989706
0.385000,1.647198,0.933031,4.398651,1.524867,0,2.064224,0.024136,19.989706
0.386000,1.651597,0.934551,4.398651,1.515057,0,2.068622,0.025656,19.989706
0.387000,1.655996,0.936061,4.398651,1.505247,0,2.073021,0.027166,19.989706
0.388000,1.660394,0.937561,4.398651,1.495437,0,2.077420,0.028666,19.989706
0.389000,1.664793,0.939052,4.398651,1.485627,0,2.081818,0.030157,19.989706
0.390000,1.669192,0.940532,4.398651,1.475817,0,2.086217,0.031638,19.989706
0.391000,1.673590,0.942003,4.398651,1.466007,0,2.090616,0.033108,19.989706
0.392000,1.677989,0.943464,4.398651,1.456197,0,2.095014,0.034570,19.989706
0.393000,1.682388,0.944916,4.398651,1.446387,0,2.099413,0.036021,19.989706
0.394000,1.686786,0.946357,4.398651,1.436577,0,2.103812,0.037462,19.989706
0.395000,1.691185,0.947789,4.398651,1.426767,0,2.108210,0.038894,19.989706
0.396000,1.695584,0.949211,4.398651,1.416957,0,2.112609,0.040316,19.989706
0.397000,1.699982,0.950623,4.398651,1.407147,0,2.117007,0.041728,19.989706
0.398000,1.704381,0.952025,4.398651,1.397337,0,2.121406,0.043130,19.989706
0.399000,1.708779,0.953417,4.398651,1.387527,0,2.125805,0.044523,19.989706
0.400000,1.713178,0.954800,4.398651,1.377717,0,2.130203,0.045905,19.989706
0.401000,1.717577,0.956173,4.398651,1.367907,0,2.134602,0.047278,19.989706
0.402000,1.721975,0.957536,4.398651,1.358097,0,2.139001,0.048641,19.989706
0.403000,1.726374,0.958889,4.398651,1.348287,0,2.143399,0.049994,19.989706
0.404000,1.730773,0.960232,4.398651,1.338477,0,2.147798,0.051338,19.989706
0.405000,1.735171,0.961566,4.398651,1.328667,0,2.152197,0.052671,19.989706
0.406000,1.739570,0.962890,4.398651,1.318857,0,2.156595,0.053995,19.989706
0.407000,1.743969,0.964204,4.398651,1.309047,0,2.160994,0.055309,19.989706
0.408000,1.748367,0.965508,4.398651,1.299237,0,2.165393,0.056613,19.989706
0.409000,1.752766,0.966802,4.398651,1.289427,0,2.169791,0.057907,19.989706
0.410000,1.757165,0.968087,4.398651,1.279617,0,2.174190,0.059192,19.989706
0.411000,1.761563,0.969361,4.398651,1.269807,0,2.178589,0.060467,19.989706
0.412000,1.765962,0.970626,4.398651,1.259997,0,2.182987,0.061731,19.989706
0.413000,1.770361,0.971881,4.398651,1.250187,0,2.187386,0.062987,19.989706
0.414000,1.774759,0.973127,4.398651,1.240377,0,2.191785,0.064232,19.989706
0.415000,1.779158,0.974362,4.398651,1.230567,0,2.196183,0.065467,19.989706
0.416000,1.783557,0.975588,4.398651,1.220757,0,2.200582,0.066693,19.989706
0.417000,1.787955,0.976804,4.398651,1.210947,0,2.204981,0.067909,19.989706
0.418000,1.792354,0.978010,4.398651,1.201137,0,2.209379,0.069115,19.989706
0.419000,1.796752,0.979206,4.398651,1.191327,0,2.213778,0.070311,19.989706
0.420000,1.801151,0.980392,4.398651,1.181517,0,2.218176,0.071498,19.989706
0.421000,1.805550,0.981569,4.398651,1.171707,0,2.222575,0.072674,19.989706
0.422000,1.809948,0.982736,4.398651,1.161897,0,2.226974,0.073841,19.989706
0.423000,1.814347,0.983893,4.398651,1.152087,0,2.231372,0.074998,19.989706
0.424000,1.818746,0.985040,4.398651,1.142277,0,2.235771,0.076145,19.989706
0.425000,1.823144,0.986177,4.398651,1.132467,0,2.240170,0.077283,19.989706
0.426000,1.827543,0.987305,4.398651,1.122657,0,2.244568,0.078410,19.989706
0.427000,1.831942,0.988423,4.398651,1.112847,0,2.248967,0.079528,19.989706
0.428000,1.836340,0.989531,4.398651,1.103037,0,2.253366,0.080636,19.989706
0.429000,1.840739,0.990629,4.398651,1.093227,0,2.257764,0.081734,19.989706
0.430000,1.845138,0.991717,4.398651,1.083417,0,2.262163,0.082822,19.989706
0.431000,1.849536,0.992796,4.398651,1.073607,0,2.266562,0.083901,19.989706
0.432000,1.853935,0.993864,4.398651,1.063797,0,2.270960,0.084969,19.989706
0.433000,1.858334,0.994923,4.398651,1.053987,0,2.275359,0.086028,19.989706
0.434000,1.862732,0.995972,4.398651,1.044177,0,2.279758,0.087077,19.989706
0.435000,1.867131,0.997012,4.398651,1.034367,0,2.284156,0.088117,19.989706
0.436000,1.871530,0.998041,4.398651,1.024557,0,2.288555,0.089146,19.989706
0.437000,1.875928,0.999061,4.398651,1.014747,0,2.292954,0.090166,19.989706
0.438000,1.880327,1.000071,4.398651,1.004937,0,2.297352,0.091176,19.989706
0.439000,1.884726,1.001071,4.398651,0.995127,0,2.301751,0.092176,19.989706
0.440000,1.889124,1.002061,4.398651,0.985317,0,2.306149,0.093166,19.989706
0.441000,1.893523,1.003041,4.398651,0.975507,0,2.310548,0.094146,19.989706
0.442000,1.897921,1.004012,4.398651,0.965697,0,2.314947,0.095117,19.989706
0.443000,1.902320,1.004973,4.398651,0.955887,0,2.319345,0.096078,19.989706
0.444000,1.906719,1.005924,4.398651,0.946077,0,2.323744,0.097029,19.989706
0.445000,1.911117,1.006865,4.398651,0.936267,0,2.328143,0.097970,19.989706
0.446000,1.915516,1.007796,4.398651,0.926457,0,2.332541,0.098901,19.989706
0.447000,1.919915,1.008718,4.398651,0.916647,0,2.336940,0.099823,19.989706
0.448000,1.924313,1.009629,4.398651,0.906837,0,2.341339,0.100735,19.989706
0.449000,1.928712,1.010531,4.398651,0.897027,0,2.345737,0.101636,19.989706
0.450000,1.933111,1.011423,4.398651,0.887217,0,2.350136,0.102529,19.989706
0.451000,1.937509,1.012306,4.398651,0.877407,0,2.354535,0.103411,19.989706
0.452000,1.941908,1.013178,4.398651,0.867597,0,2.358933,0.104283,19.989706
0.453000,1.946307,1.014041,4.398651,0.857787,0,2.363332,0.105146,19.989706
0.454000,1.950705,1.014894,4.398651,0.847977,0,2.367731,0.105999,19.989706
0.455000,1.955104,1.015737,4.398651,0.838167,0,2.372129,0.106842,19.989706
0.456000,1.959503,1.016570,4.398651,0.828357,0,2.376528,0.107675,19.989706
0.457000,1.963901,1.017394,4.398651,0.818547,0,2.380927,0.108499,19.989706
0.458000,1.968300,1.018207,4.398651,0.808737,0,2.385325,0.109312,19.989706
0.459000,1.972699,1.019011,4.398651,0.798927,0,2.389724,0.110116,19.989706
0.460000,1.977097,1.019805,4.398651,0.789117,0,2.394122,0.110910,19.989706
0.461000,1.981496,1.020589,4.398651,0.779307,0,2.398521,0.111694,19.989706
0.462000,1.985894,1.021364,4.398651,0.769497,0,2.402920,0.112469,19.989706
0.463000,1.990293,1.022128,4.398651,0.759687,0,2.407318,0.113233,19.989706
0.464000,1.994692,1.022883,4.398651,0.749877,0,2.411717,0.113988,19.989706
0.465000,1.999090,1.023628,4.398651,0.740067,0,2.416116,0.114733,19.989706
0.466000,2.003489,1.024363,4.398651,0.730257,0,2.420514,0.115468,19.989706
0.467000,2.007888,1.025089,4.398651,0.720447,0,2.424913,0.116194,19.989706
0.468000,2.012286,1.025804,4.398651,0.710637,0,2.429312,0.116909,19.989706
0.469000,2.016685,1.026510,4.398651,0.700827,0,2.433710,0.117615,19.989706
0.470000,2.021084,1.027206,4.398651,0.691017,0,2.438109,0.118311,19.989706
0.471000,2.025482,1.027892,4.398651,0.681207,0,2.442508,0.118997,19.989706
0.472000,2.029881,1.028568,4.398651,0.671397,0,2.446906,0.119673,19.989706
0.473000,2.034280,1.029235,4.398651,0.661587,0,2.451305,0.120340,19.989706
0.474000,2.038678,1.029891,4.398651,0.651777,0,2.455704,0.120996,19.989706
0.475000,2.043077,1.030538,4.398651,0.641967,0,2.460102,0.121643,19.989706
0.476000,2.047476,1.031175,4.398651,0.632157,0,2.464501,0.122280,19.989706
0.477000,2.051874,1.031803,4.398651,0.622347,0,2.468900,0.122908,19.989706
0.478000,2.056273,1.032420,4.398651,0.612537,0,2.473298,0.123525,19.989706
0.479000,2.060672,1.033028,4.398651,0.602727,0,2.477697,0.124133,19.989706
0.480000,2.065070,1.033625,4.398651,0.592917,0,2.482096,0.124731,19.989706
0.481000,2.069469,1.034213,4.398651,0.583107,0,2.486494,0.125319,19.989706
0.482000,2.073867,1.034792,4.398651,0.573297,0,2.490893,0.125897,19.989706
0.483000,2.078266,1.035360,4.398651,0.563487,0,2.495291,0.126465,19.989706
0.484000,2.082665,1.035919,4.398651,0.553677,0,2.499690,0.127024,19.989706
0.485000,2.087063,1.036467,4.398651,0.543867,0,2.504089,0.127573,19.989706
0.486000,2.091462,1.037006,4.398651,0.534057,0,2.508487,0.128111,19.989706
0.487000,2.095861,1.037535,4.398651,0.524247,0,2.512886,0.128641,19.989706
0.488000,2.100259,1.038055,4.398651,0.514437,0,2.517285,0.129160,19.989706
0.489000,2.104658,1.038564,4.398651,0.504627,0,2.521683,0.129670,19.989706
0.490000,2.109057,1.039064,4.398651,0.494817,0,2.526082,0.130169,19.989706
0.491000,2.113455,1.039554,4.398651,0.485007,0,2.530481,0.130659,19.989706
0.492000,2.117854,1.040034,4.398651,0.475197,0,2.534879,0.131139,19.989706
0.493000,2.122253,1.040504,4.398651,0.465387,0,2.539278,0.131610,19.989706
0.494000,2.126651,1.040965,4.398651,0.455577,0,2.543677,0.132070,19.989706
0.495000,2.131050,1.041416,4.398651,0.445767,0,2.548075,0.132521,19.989706
0.496000,2.135449,1.041856,4.398651,0.435957,0,2.552474,0.132962,19.989706
0.497000,2.139847,1.042287,4.398651,0.426147,0,2.556873,0.133393,19.989706
0.498000,2.144246,1.042709,4.398651,0.416337,0,2.561271,0.133814,19.989706
0.499000,2.148645,1.043120,4.398651,0.406527,0,2.565670,0.134225,19.989706
0.500000,2.153043,1.043522,4.398651,0.396717,0,2.570069,0.134627,19.989706
0.501000,2.157442,1.043914,4.398651,0.386907,0,2.574467,0.135019,19.989706
0.502000,2.161841,1.044296,4.398651,0.377097,0,2.578866,0.135401,19.989706
0.503000,2.166239,1.044668,4.398651,0.367287,0,2.583264,0.135773,19.989706
0.504000,2.170638,1.045030,4.398651,0.357477,0,2.587663,0.136135,19.989706
0.505000,2.175036,1.045383,4.398651,0.347667,0,2.592062,0.136488,19.989706
0.506000,2.179435,1.045725,4.398651,0.337857,0,2.596460,0.136831,19.989706
0.507000,2.183834,1.046058,4.398651,0.328047,0,2.600859,0.137164,19.989706
0.508000,2.188232,1.046382,4.398651,0.318237,0,2.605258,0.137487,19.989706
0.509000,2.192631,1.046695,4.398651,0.308427,0,2.609656,0.137800,19.989706
0.510000,2.197030,1.046998,4.398651,0.298617,0,2.614055,0.138104,19.989706
0.511000,2.201428,1.047292,4.398651,0.288807,0,2.618454,0.138397,19.989706
0.512000,2.205827,1.047576,4.398651,0.278997,0,2.622852,0.138681,19.989706
0.513000,2.210226,1.047850,4.398651,0.269187,0,2.627251,0.138955,19.989706
0.514000,2.214624,1.048114,4.398651,0.259377,0,2.631650,0.139220,19.989706
0.515000,2.219023,1.048369,4.398651,0.249567,0,2.636048,0.139474,19.989706
0.516000,2.223422,1.048614,4.398651,0.239757,0,2.640447,0.139719,19.989706
0.517000,2.227820,1.048848,4.398651,0.229947,0,2.644846,0.139954,19.989706
0.518000,2.232219,1.049073,4.398651,0.220137,0,2.649244,0.140179,19.989706
0.519000,2.236618,1.049289,4.398651,0.210327,0,2.653643,0.140394,19.989706
0.520000,2.241016,1.049494,4.398651,0.200517,0,2.658042,0.140599,19.989706
0.521000,2.245415,1.049690,4.398651,0.190707,0,2.662440,0.140795,19.989706
0.522000,2.249814,1.049876,4.398651,0.180897,0,2.666839,0.140981,19.989706
0.523000,2.254212,1.050051,4.398651,0.171087,0,2.671238,0.141157,19.989706
0.524000,2.258611,1.050218,4.398651,0.161277,0,2.675636,0.141323,19.989706
0.525000,2.263009,1.050374,4.398651,0.151467,0,2.680035,0.141479,19.989706
0.526000,2.267408,1.050521,4.398651,0.141657,0,2.684433,0.141626,19.989706
0.527000,2.271807,1.050657,4.398651,0.131847,0,2.688832,0.141762,19.989706
0.528000,2.276205,1.050784,4.398651,0.122037,0,2.693231,0.141889,19.989706
0.529000,2.280604,1.050901,4.398651,0.112227,0,2.697629,0.142007,19.989706
0.530000,2.285003,1.051009,4.398651,0.102417,0,2.702028,0.142114,19.989706
0.531000,2.289401,1.051106,4.398651,0.092607,0,2.706427,0.142211,19.989706
0.532000,2.293800,1.051194,4.398651,0.082797,0,2.710825,0.142299,19.989706
0.533000,2.298199,1.051272,4.398651,0.072987,0,2.715224,0.142377,19.989706
0.534000,2.302597,1.051340,4.398651,0.063177,0,2.719623,0.142445,19.989706
0.535000,2.306996,1.051398,4.398651,0.053367,0,2.724021,0.142503,19.989706
0.536000,2.311395,1.051447,4.398651,0.043557,0,2.728420,0.142552,19.989706
0.537000,2.315793,1.051485,4.398651,0.033747,0,2.732819,0.142590,19.989706
0.538000,2.320192,1.051514,4.398651,0.023937,0,2.737217,0.142619,19.989706
0.539000,2.324591,1.051533,4.398651,0.014127,0,2.741616,0.142638,19.989706
0.540000,2.328989,1.051542,4.398651,0.004317,0,2.746015,0.142648,19.989706
0.541000,2.333388,1.051542,4.398651,-0.005493,0,2.750413,0.142647,19.989706
0.542000,2.337787,1.051531,4.398651,-0.015303,0,2.754812,0.142637,19.989706
0.543000,2.342185,1.051511,4.398651,-0.025113,0,2.759211,0.142616,19.989706
0.544000,2.346584,1.051481,4.398651,-0.034923,0,2.763609,0.142586,19.989706
0.545000,2.350983,1.051441,4.398651,-0.044733,0,2.768008,0.142547,19.989706
0.546000,2.355381,1.051392,4.398651,-0.054543,0,2.772406,0.142497,19.989706
0.547000,2.359780,1.051332,4.398651,-0.064353,0,2.776805,0.142437,19.989706
0.548000,2.364178,1.051263,4.398651,-0.074163,0,2.781204,0.142368,19.989706
0.549000,2.368577,1.051184,4.398651,-0.083973,0,2.785602,0.142289,19.989706
0.550000,2.372976,1.051095,4.398651,-0.093783,0,2.790001,0.142200,19.989706
0.551000,2.377374,1.050996,4.398651,-0.103593,0,2.794400,0.142102,19.989706
0.552000,2.381773,1.050888,4.398651,-0.113403,0,2.798798,0.141993,19.989706
0.553000,2.386172,1.050770,4.398651,-0.123213,0,2.803197,0.141875,19.989706
0.554000,2.390570,1.050641,4.398651,-0.133023,0,2.807596,0.141747,19.989706
0.555000,2.394969,1.050504,4.398651,-0.142833,0,2.811994,0.141609,19.989706
0.556000,2.399368,1.050356,4.398651,-0.152643,0,2.816393,0.141461,19.989706
0.557000,2.403766,1.050198,4.398651,-0.162453,0,2.820792,0.141303,19.989706
0.558000,2.408165,1.050031,4.398651,-0.172263,0,2.825190,0.141136,19.989706
0.559000,2.412564,1.049854,4.398651,-0.182073,0,2.829589,0.140959,19.989706
0.560000,2.416962,1.049667,4.398651,-0.191883,0,2.833988,0.140772,19.989706
0.561000,2.421361,1.049470,4.398651,-0.201693,0,2.838386,0.140575,19.989706
0.562000,2.425760,1.049263,4.398651,-0.211503,0,2.842785,0.140369,19.989706
0.563000,2.430158,1.049047,4.398651,-0.221313,0,2.847184,0.140152,19.989706
0.564000,2.434557,1.048821,4.398651,-0.231123,0,2.851582,0.139926,19.989706
0.565000,2.438956,1.048585,4.398651,-0.240933,0,2.855981,0.139690,19.989706
0.566000,2.443354,1.048339,4.398651,-0.250743,0,2.860379,0.139444,19.989706
0.567000,2.447753,1.048083,4.398651,-0.260553,0,2.864778,0.139188,19.989706
0.568000,2.452151,1.047818,4.398651,-0.270363,0,2.869177,0.138923,19.989706
0.569000,2.456550,1.047543,4.398651,-0.280173,0,2.873575,0.138648,19.989706
0.570000,2.460949,1.047257,4.398651,-0.289983,0,2.877974,0.138363,19.989706
0.571000,2.465347,1.046963,4.398651,-0.299793,0,2.882373,0.138068,19.989706
0.572000,2.469746,1.046658,4.398651,-0.309603,0,2.886771,0.137763,19.989706
0.573000,2.474145,1.046343,4.398651,-0.319413,0,2.891170,0.137448,19.989706
0.574000,2.478543,1.046019,4.398651,-0.329223,0,2.895569,0.137124,19.989706
0.575000,2.482942,1.045685,4.398651,-0.339033,0,2.899967,0.136790,19.989706
0.576000,2.487341,1.045341,4.398651,-0.348843,0,2.904366,0.136446,19.989706
0.577000,2.491739,1.044987,4.398651,-0.358653,0,2.908765,0.136092,19.989706
0.578000,2.496138,1.044624,4.398651,-0.368463,0,2.913163,0.135729,19.989706
0.579000,2.500537,1.044250,4.398651,-0.378273,0,2.917562,0.135355,19.989706
0.580000,2.504935,1.043867,4.398651,-0.388083,0,2.921961,0.134972,19.989706
0.581000,2.509334,1.043474,4.398651,-0.397893,0,2.926359,0.134579,19.989706
0.582000,2.513733,1.043071,4.398651,-0.407703,0,2.930758,0.134176,19.989706
0.583000,2.518131,1.042659,4.398651,-0.417513,0,2.935157,0.133764,19.989706
0.584000,2.522530,1.042236,4.398651,-0.427323,0,2.939555,0.133341,19.989706
0.585000,2.526929,1.041804,4.398651,-0.437133,0,2.943954,0.132909,19.989706
0.586000,2.531327,1.041362,4.398651,-0.446943,0,2.948353,0.132467,19.989706
0.587000,2.535726,1.040910,4.398651,-0.456753,0,2.952751,0.132015,19.989706
0.588000,2.540124,1.040449,4.398651,-0.466563,0,2.957150,0.131554,19.989706
0.589000,2.544523,1.039977,4.398651,-0.476373,0,2.961548,0.131082,19.989706
0.590000,2.548922,1.039496,4.398651,-0.486183,0,2.965947,0.130601,19.989706
0.591000,2.553320,1.039005,4.398651,-0.495993,0,2.970346,0.130110,19.989706
0.592000,2.557719,1.038504,4.398651,-0.505803,0,2.974744,0.129609,19.989706
0.593000,2.562118,1.037993,4.398651,-0.515613,0,2.979143,0.129098,19.989706
0.594000,2.566516,1.037473,4.398651,-0.525423,0,2.983542,0.128578,19.989706
0.595000,2.570915,1.036942,4.398651,-0.535233,0,2.987940,0.128047,19.989706
0.596000,2.575314,1.036402,4.398651,-0.545043,0,2.992339,0.127507,19.989706
0.597000,2.579712,1.035852,4.398651,-0.554853,0,2.996738,0.126957,19.989706
0.598000,2.584111,1.035292,4.398651,-0.564663,0,3.001136,0.126398,19.989706
0.599000,2.588510,1.034723,4.398651,-0.574473,0,3.005535,0.125828,19.989706
0.600000,2.592908,1.034143,4.398651,-0.584283,0,3.009934,0.125249,19.989706
0.601000,2.597307,1.033554,4.398651,-0.594093,0,3.014332,0.124659,19.989706
0.602000,2.601706,1.032955,4.398651,-0.603903,0,3.018731,0.124060,19.989706
0.603000,2.606104,1.032346,4.398651,-0.613713,0,3.023130,0.123452,19.989706
0.604000,2.610503,1.031728,4.398651,-0.623523,0,3.027528,0.122833,19.989706
0.605000,2.614902,1.031099,4.398651,-0.633333,0,3.031927,0.122205,19.989706
0.606000,2.619300,1.030461,4.398651,-0.643143,0,3.036326,0.121566,19.989706
0.607000,2.623699,1.029813,4.398651,-0.652953,0,3.040724,0.120918,19.989706
0.608000,2.628098,1.029155,4.398651,-0.662763,0,3.045123,0.120260,19.989706
0.609000,2.632496,1.028488,4.398651,-0.672573,0,3.049521,0.119593,19.989706
0.610000,2.636895,1.027810,4.398651,-0.682383,0,3.053920,0.118915,19.989706
0.611000,2.641293,1.027123,4.398651,-0.692193,0,3.058319,0.118228,19.989706
0.612000,2.645692,1.026426,4.398651,-0.702003,0,3.062717,0.117531,19.989706
0.613000,2.650091,1.025719,4.398651,-0.711813,0,3.067116,0.116824,19.989706
0.614000,2.654489,1.025002,4.398651,-0.721623,0,3.071515,0.116107,19.989706
0.615000,2.658888,1.024276,4.398651,-0.731433,0,3.075913,0.115381,19.989706
0.616000,2.663287,1.023539,4.398651,-0.741243,0,3.080312,0.114644,19.989706
0.617000,2.667685,1.022793,4.398651,-0.751053,0,3.084711,0.113898,19.989706
0.618000,2.672084,1.022037,4.398651,-0.760863,0,3.089109,0.113142,19.989706
0.619000,2.676483,1.021271,4.398651,-0.770673,0,3.093508,0.112376,19.989706
0.620000,2.680881,1.020496,4.398651,-0.780483,0,3.097907,0.111601,19.989706
0.621000,2.685280,1.019710,4.398651,-0.790293,0,3.102305,0.110816,19.989706
0.622000,2.689679,1.018915,4.398651,-0.800103,0,3.106704,0.110020,19.989706
0.623000,2.694077,1.018110,4.398651,-0.809913,0,3.111103,0.109215,19.989706
0.624000,2.698476,1.017295,4.398651,-0.819723,0,3.115501,0.108400,19.989706
0.625000,2.702875,1.016471,4.398651,-0.829533,0,3.119900,0.107576,19.989706
0.626000,2.707273,1.015636,4.398651,-0.839343,0,3.124299,0.106741,19.989706
0.627000,2.711672,1.014792,4.398651,-0.849153,0,3.128697,0.105897,19.989706
0.628000,2.716071,1.013938,4.398651,-0.858963,0,3.133096,0.105043,19.989706
0.629000,2.720469,1.013074,4.398651,-0.868773,0,3.137495,0.104179,19.989706
0.630000,2.724868,1.012200,4.398651,-0.878583,0,3.141893,0.103306,19.989706
0.631000,2.729266,1.011317,4.398651,-0.888393,0,3.146292,0.102422,19.989706
0.632000,2.733665,1.010424,4.398651,-0.898203,0,3.150690,0.101529,19.989706
0.633000,2.738064,1.009521,4.398651,-0.908013,0,3.155089,0.100626,19.989706
0.634000,2.742462,1.008608,4.398651,-0.917823,0,3.159488,0.099713,19.989706
0.635000,2.746861,1.007685,4.398651,-0.927633,0,3.163886,0.098790,19.989706
0.636000,2.751260,1.006752,4.398651,-0.937443,0,3.168285,0.097857,19.989706
0.637000,2.755658,1.005810,4.398651,-0.947253,0,3.172684,0.096915,19.989706
0.638000,2.760057,1.004858,4.398651,-0.957063,0,3.177082,0.095963,19.989706
0.639000,2.764456,1.003896,4.398651,-0.966873,0,3.181481,0.095001,19.989706
0.640000,2.768854,1.002924,4.398651,-0.976683,0,3.185880,0.094029,19.989706
0.641000,2.773253,1.001943,4.398651,-0.986493,0,3.190278,0.093048,19.989706
0.642000,2.777652,1.000951,4.398651,-0.996303,0,3.194677,0.092056,19.989706
0.643000,2.782050,0.999950,4.398651,-1.006113,0,3.199076,0.091055,19.989706
0.644000,2.786449,0.998939,4.398651,-1.015923,0,3.203474,0.090044,19.989706
0.645000,2.790848,0.997918,4.398651,-1.025733,0,3.207873,0.089023,19.989706
0.646000,2.795246,0.996887,4.398651,-1.035543,0,3.212272,0.087993,19.989706
0.647000,2.799645,0.995847,4.398651,-1.045353,0,3.216670,0.086952,19.989706
0.648000,2.804044,0.994797,4.398651,-1.055163,0,3.221069,0.085902,19.989706
0.649000,2.808442,0.993737,4.398651,-1.064973,0,3.225468,0.084842,19.989706
0.650000,2.812841,0.992667,4.398651,-1.074783,0,3.229866,0.083772,19.989706
0.651000,2.817240,0.991587,4.398651,-1.084593,0,3.234265,0.082692,19.989706
0.652000,2.821638,0.990498,4.398651,-1.094403,0,3.238663,0.081603,19.989706
0.653000,2.826037,0.989398,4.398651,-1.104213,0,3.243062,0.080503,19.989706
0.654000,2.830435,0.988289,4.398651,-1.114023,0,3.247461,0.079394,19.989706
0.655000,2.834834,0.987170,4.398651,-1.123833,0,3.251859,0.078275,19.989706
0.656000,2.839233,0.986041,4.398651,-1.133643,0,3.256258,0.077147,19.989706
0.657000,2.843631,0.984903,4.398651,-1.143453,0,3.260657,0.076008,19.989706
0.658000,2.848030,0.983755,4.398651,-1.153263,0,3.265055,0.074860,19.989706
0.659000,2.852429,0.982596,4.398651,-1.163073,0,3.269454,0.073702,19.989706
0.660000,2.856827,0.981428,4.398651,-1.172883,0,3.273853,0.072534,19.989706
0.661000,2.861226,0.980251,4.398651,-1.182693,0,3.278251,0.071356,19.989706
0.662000,2.865625,0.979063,4.398651,-1.192503,0,3.282650,0.070168,19.989706
0.663000,2.870023,0.977866,4.398651,-1.202313,0,3.287049,0.068971,19.989706
0.664000,2.874422,0.976658,4.398651,-1.212123,0,3.291447,0.067764,19.989706
0.665000,2.878821,0.975441,4.398651,-1.221933,0,3.295846,0.066547,19.989706
0.666000,2.883219,0.974215,4.398651,-1.231743,0,3.300245,0.065320,19.989706
0.667000,2.887618,0.972978,4.398651,-1.241553,0,3.304643,0.064083,19.989706
0.668000,2.892017,0.971731,4.398651,-1.251363,0,3.309042,0.062837,19.989706
0.669000,2.896415,0.970475,4.398651,-1.261173,0,3.313441,0.061580,19.989706
0.670000,2.900814,0.969209,4.398651,-1.270983,0,3.317839,0.060314,19.989706
0.671000,2.905213,0.967933,4.398651,-1.280793,0,3.322238,0.059038,19.989706
0.672000,2.909611,0.966648,4.398651,-1.290603,0,3.326636,0.057753,19.989706
0.673000,2.914010,0.965352,4.398651,-1.300413,0,3.331035,0.056457,19.989706
0.674000,2.918408,0.964047,4.398651,-1.310223,0,3.335434,0.055152,19.989706
0.675000,2.922807,0.962732,4.398651,-1.320033,0,3.339832,0.053837,19.989706
0.676000,2.927206,0.961407,4.398651,-1.329843,0,3.344231,0.052512,19.989706
0.677000,2.931604,0.960072,4.398651,-1.339653,0,3.348630,0.051177,19.989706
0.678000,2.936003,0.958727,4.398651,-1.349463,0,3.353028,0.049832,19.989706
0.679000,2.940402,0.957373,4.398651,-1.359273,0,3.357427,0.048478,19.989706
0.680000,2.944800,0.956009,4.398651,-1.369083,0,3.361826,0.047114,19.989706
0.681000,2.949199,0.954635,4.398651,-1.378893,0,3.366224,0.045740,19.989706
0.682000,2.953598,0.953251,4.398651,-1.388703,0,3.370623,0.044356,19.989706
0.683000,2.957996,0.951857,4.398651,-1.398513,0,3.375022,0.042963,19.989706
0.684000,2.962395,0.950454,4.398651,-1.408323,0,3.379420,0.041559,19.989706
0.685000,2.966794,0.949041,4.398651,-1.418133,0,3.383819,0.040146,19.989706
0.686000,2.971192,0.947618,4.398651,-1.427943,0,3.388218,0.038723,19.989706
0.687000,2.975591,0.946185,4.398651,-1.437753,0,3.392616,0.037290,19.989706
0.688000,2.979990,0.944742,4.398651,-1.447563,0,3.397015,0.035847,19.989706
0.689000,2.984388,0.943290,4.398651,-1.457373,0,3.401414,0.034395,19.989706
0.690000,2.988787,0.941827,4.398651,-1.467183,0,3.405812,0.032933,19.989706
0.691000,2.993186,0.940355,4.398651,-1.476993,0,3.410211,0.031460,19.989706
0.692000,2.997584,0.938873,4.398651,-1.486803,0,3.414610,0.029979,19.989706
0.693000,3.001983,0.937382,4.398651,-1.496613,0,3.419008,0.028487,19.989706
0.694000,3.006381,0.935880,4.398651,-1.506423,0,3.423407,0.026985,19.989706
0.695000,3.010780,0.934369,4.398651,-1.516233,0,3.427805,0.025474,19.989706
0.696000,3.015179,0.932848,4.398651,-1.526043,0,3.432204,0.023953,19.989706
0.697000,3.019577,0.931317,4.398651,-1.535853,0,3.436603,0.022422,19.989706
0.698000,3.023976,0.929776,4.398651,-1.545663,0,3.441001,0.020881,19.989706
0.699000,3.028375,0.928225,4.398651,-1.555473,0,3.445400,0.019331,19.989706
0.700000,3.032773,0.926665,4.398651,-1.565283,0,3.449799,0.017770,19.989706
0.701000,3.037172,0.925095,4.398651,-1.575093,0,3.454197,0.016200,19.989706
0.702000,3.041571,0.923515,4.398651,-1.584903,0,3.458596,0.014620,19.989706
0.703000,3.045969,0.921925,4.398651,-1.594713,0,3.462995,0.013030,19.989706
0.704000,3.050368,0.920325,4.398651,-1.604523,0,3.467393,0.011431,19.989706
0.705000,3.054767,0.918716,4.398651,-1.614333,0,3.471792,0.009821,19.989706
0.706000,3.059165,0.917097,4.398651,-1.624143,0,3.476191,0.008202,19.989706
0.707000,3.063564,0.915468,4.398651,-1.633953,0,3.480589,0.006573,19.989706
0.708000,3.067963,0.913829,4.398651,-1.643763,0,3.484988,0.004934,19.989706
0.709000,3.072361,0.912180,4.398651,-1.653573,0,3.489387,0.003285,19.989706
0.710000,3.076760,0.910522,4.398651,-1.663383,0,3.493785,0.001627,19.989706
0.711000,3.081159,0.908853,4.398651,-1.673193,1,3.498165,0.000000,19.989706
0.712000,3.085557,0.907175,4.398508,-1.682690,1,3.498165,0.000000,19.989706
0.713000,3.089955,0.905488,4.398089,-1.691575,1,3.498165,0.000000,19.989706
0.714000,3.094353,0.903793,4.397400,-1.699848,1,3.498165,0.000000,19.989706
0.715000,3.098750,0.902089,4.396443,-1.707507,1,3.498165,0.000000,19.989706
0.716000,3.103146,0.900378,4.395224,-1.714551,1,3.498165,0.000000,19.989706
0.717000,3.107541,0.898660,4.393748,-1.720980,1,3.498165,0.000000,19.989706
0.718000,3.111933,0.896936,4.392019,-1.726792,1,3.498165,0.000000,19.989706
0.719000,3.116325,0.895207,4.390041,-1.731988,1,3.498165,0.000000,19.989706
0.720000,3.120713,0.893472,4.387821,-1.736566,1,3.498165,0.000000,19.989706
0.721000,3.125100,0.891734,4.385362,-1.740527,1,3.498165,0.000000,19.989706
0.722000,3.129484,0.889991,4.382670,-1.743871,1,3.498165,0.000000,19.989706
0.723000,3.133865,0.888246,4.379751,-1.746597,1,3.498165,0.000000,19.989706
0.724000,3.138244,0.886498,4.376608,-1.748706,1,3.498165,0.000000,19.989706
0.725000,3.142618,0.884749,4.373249,-1.750198,1,3.498165,0.000000,19.989706
0.726000,3.146990,0.882998,4.369677,-1.751074,1,3.498165,0.000000,19.989706
0.727000,3.151358,0.881247,4.365899,-1.751334,1,3.498165,0.000000,19.989706
0.728000,3.155722,0.879496,4.361920,-1.750979,1,3.498165,0.000000,19.989706
0.729000,3.160082,0.877745,4.357746,-1.750011,1,3.498165,0.000000,19.989706
0.730000,3.164437,0.875996,4.353383,-1.748429,1,3.498165,0.000000,19.989706
0.731000,3.168788,0.874249,4.348835,-1.746236,1,3.498165,0.000000,19.989706
0.732000,3.173135,0.872504,4.344110,-1.743434,1,3.498165,0.000000,19.989706
0.733000,3.177476,0.870762,4.339213,-1.740023,1,3.498165,0.000000,19.989706
0.734000,3.181813,0.869024,4.334151,-1.736005,1,3.498165,0.000000,19.989706
0.735000,3.186145,0.867290,4.328928,-1.731383,1,3.498165,0.000000,19.989706
0.736000,3.190471,0.865561,4.323551,-1.726159,1,3.498165,0.000000,19.989706
0.737000,3.194792,0.863838,4.318027,-1.720334,1,3.498165,0.000000,19.989706
0.738000,3.199107,0.862121,4.312362,-1.713912,1,3.498165,0.000000,19.989706
0.739000,3.203416,0.860410,4.306561,-1.706895,1,3.498165,0.000000,19.989706
0.740000,3.207720,0.858707,4.300632,-1.699285,1,3.498165,0.000000,19.989706
0.741000,3.212018,0.857012,4.294580,-1.691086,1,3.498165,0.000000,19.989706
0.742000,3.216309,0.855325,4.288412,-1.682301,1,3.498165,0.000000,19.989706
0.743000,3.220594,0.853648,4.282134,-1.672933,1,3.498165,0.000000,19.989706
0.744000,3.224873,0.851980,4.275753,-1.662985,1,3.498165,0.000000,19.989706
0.745000,3.229146,0.850322,4.269276,-1.652462,1,3.498165,0.000000,19.989706
0.746000,3.233412,0.848675,4.262708,-1.641366,1,3.498165,0.000000,19.989706
0.747000,3.237671,0.847039,4.256057,-1.629702,1,3.498165,0.000000,19.989706
0.748000,3.241924,0.845416,4.249329,-1.617475,1,3.498165,0.000000,19.989706
0.749000,3.246170,0.843804,4.242530,-1.604687,1,3.498165,0.000000,19.989706
0.750000,3.250409,0.842206,4.235667,-1.591344,1,3.498165,0.000000,19.989706
0.751000,3.254641,0.840622,4.228748,-1.577451,1,3.498165,0.000000,19.989706
0.752000,3.258866,0.839052,4.221778,-1.563012,1,3.498165,0.000000,19.989706
0.753000,3.263085,0.837496,4.214763,-1.548032,1,3.498165,0.000000,19.989706
0.754000,3.267296,0.835956,4.207712,-1.532516,1,3.498165,0.000000,19.989706
0.755000,3.271500,0.834431,4.200630,-1.516470,1,3.498165,0.000000,19.989706
0.756000,3.275697,0.832923,4.193524,-1.499898,1,3.498165,0.000000,19.989706
0.757000,3.279887,0.831432,4.186400,-1.482808,1,3.498165,0.000000,19.989706
0.758000,3.284070,0.829958,4.179266,-1.465204,1,3.498165,0.000000,19.989706
0.759000,3.288246,0.828501,4.172128,-1.447092,1,3.498165,0.000000,19.989706
0.760000,3.292414,0.827064,4.164992,-1.428479,1,3.498165,0.000000,19.989706
0.761000,3.296576,0.825645,4.157864,-1.409371,1,3.498165,0.000000,19.989706
0.762000,3.300730,0.824245,4.150753,-1.389774,1,3.498165,0.000000,19.989706
0.763000,3.304877,0.822865,4.143663,-1.369695,1,3.498165,0.000000,19.989706
0.764000,3.309017,0.821506,4.136601,-1.349141,1,3.498165,0.000000,19.989706
0.765000,3.313150,0.820167,4.129574,-1.328118,1,3.498165,0.000000,19.989706
0.766000,3.317277,0.818850,4.122588,-1.306635,1,3.498165,0.000000,19.989706
0.767000,3.321396,0.817554,4.115650,-1.284697,1,3.498165,0.000000,19.989706
0.768000,3.325508,0.816280,4.108764,-1.262313,1,3.498165,0.000000,19.989706
0.769000,3.329613,0.815029,4.101939,-1.239490,1,3.498165,0.000000,19.989706
0.770000,3.333712,0.813802,4.095180,-1.216236,1,3.498165,0.000000,19.989706
0.771000,3.337804,0.812597,4.088492,-1.192559,1,3.498165,0.000000,19.989706
0.772000,3.341889,0.811417,4.081882,-1.168466,1,3.498165,0.000000,19.989706
0.773000,3.345967,0.810260,4.075356,-1.143967,1,3.498165,0.000000,19.989706
0.774000,3.350040,0.809129,4.068919,-1.119068,1,3.498165,0.000000,19.989706
0.775000,3.354105,0.808022,4.062578,-1.093780,1,3.498165,0.000000,19.989706
0.776000,3.358165,0.806941,4.056337,-1.068110,1,3.498165,0.000000,19.989706
0.777000,3.362218,0.805886,4.050203,-1.042067,1,3.498165,0.000000,19.989706
0.778000,3.366265,0.804857,4.044181,-1.015660,1,3.498165,0.000000,19.989706
0.779000,3.370306,0.803855,4.038276,-0.988898,1,3.498165,0.000000,19.989706
0.780000,3.374342,0.802880,4.032493,-0.961791,1,3.498165,0.000000,19.989706
0.781000,3.378371,0.801932,4.026838,-0.934347,1,3.498165,0.000000,19.989706
0.782000,3.382395,0.801011,4.021316,-0.906576,1,3.498165,0.000000,19.989706
0.783000,3.386414,0.800119,4.015930,-0.878488,1,3.498165,0.000000,19.989706
0.784000,3.390427,0.799254,4.010687,-0.850092,1,3.498165,0.000000,19.989706
0.785000,3.394435,0.798418,4.005591,-0.821398,1,3.498165,0.000000,19.989706
0.786000,3.398439,0.797612,4.000646,-0.792417,1,3.498165,0.000000,19.989706
0.787000,3.402437,0.796834,3.995857,-0.763157,1,3.498165,0.000000,19.989706
0.788000,3.406430,0.796085,3.991228,-0.733629,1,3.498165,0.000000,19.989706
0.789000,3.410419,0.795367,3.986762,-0.703844,1,3.498165,0.000000,19.989706
0.790000,3.414404,0.794678,3.982465,-0.673811,1,3.498165,0.000000,19.989706
0.791000,3.418384,0.794019,3.978339,-0.643542,1,3.498165,0.000000,19.989706
0.792000,3.422361,0.793391,3.974389,-0.613046,1,3.498165,0.000000,19.989706
0.793000,3.426333,0.792793,3.970618,-0.582335,1,3.498165,0.000000,19.989706
0.794000,3.430302,0.792226,3.967028,-0.551419,1,3.498165,0.000000,19.989706
0.795000,3.434267,0.791690,3.963624,-0.520309,1,3.498165,0.000000,19.989706
0.796000,3.438229,0.791186,3.960409,-0.489015,1,3.498165,0.000000,19.989706
0.797000,3.442188,0.790712,3.957384,-0.457549,1,3.498165,0.000000,19.989706
0.798000,3.446144,0.790270,3.954554,-0.425922,1,3.498165,0.000000,19.989706
0.799000,3.450097,0.789860,3.951920,-0.394145,1,3.498165,0.000000,19.989706
0.800000,3.454048,0.789482,3.949484,-0.362229,1,3.498165,0.000000,19.989706
0.801000,3.457996,0.789136,3.947250,-0.330185,1,3.498165,0.000000,19.989706
0.802000,3.461943,0.788822,3.945218,-0.298024,1,3.498165,0.000000,19.989706
0.803000,3.465887,0.788540,3.943391,-0.265759,1,3.498165,0.000000,19.989706
0.804000,3.469829,0.788290,3.941770,-0.233399,1,3.498165,0.000000,19.989706
0.805000,3.473770,0.788073,3.940356,-0.200957,1,3.498165,0.000000,19.989706
0.806000,3.477710,0.787889,3.939152,-0.168443,1,3.498165,0.000000,19.989706
0.807000,3.481649,0.787736,3.938158,-0.135871,1,3.498165,0.000000,19.989706
0.808000,3.485587,0.787617,3.937374,-0.103250,1,3.498165,0.000000,19.989706
0.809000,3.489524,0.787530,3.936802,-0.070592,1,3.498165,0.000000,19.989706
0.810000,3.493460,0.787476,3.936442,-0.037910,1,3.498165,0.000000,19.989706
0.811000,3.497397,0.787454,3.936294,-0.005213,1,3.498165,0.000000,19.989706
0.812000,3.501333,0.787465,3.936359,0.027485,1,3.498165,0.000000,19.989706
0.813000,3.505269,0.787509,3.936636,0.060173,1,3.498165,0.000000,19.989706
0.814000,3.509206,0.787586,3.937125,0.092841,1,3.498165,0.000000,19.989706
0.815000,3.513144,0.787695,3.937827,0.125476,1,3.498165,0.000000,19.989706
0.816000,3.517082,0.787836,3.938739,0.158067,1,3.498165,0.000000,19.989706
0.817000,3.521021,0.788011,3.939861,0.190602,1,3.498165,0.000000,19.989706
0.818000,3.524962,0.788218,3.941193,0.223071,1,3.498165,0.000000,19.989706
0.819000,3.528904,0.788457,3.942733,0.255461,1,3.498165,0.000000,19.989706
0.820000,3.532847,0.788729,3.944480,0.287761,1,3.498165,0.000000,19.989706
0.821000,3.536793,0.789032,3.946431,0.319959,1,3.498165,0.000000,19.989706
0.822000,3.540740,0.789368,3.948587,0.352045,1,3.498165,0.000000,19.989706
0.823000,3.544690,0.789736,3.950944,0.384008,1,3.498165,0.000000,19.989706
0.824000,3.548642,0.790136,3.953500,0.415835,1,3.498165,0.000000,19.989706
0.825000,3.552597,0.790568,3.956254,0.447516,1,3.498165,0.000000,19.989706
0.826000,3.556555,0.791031,3.959202,0.479039,1,3.498165,0.000000,19.989706
0.827000,3.560516,0.791526,3.962343,0.510394,1,3.498165,0.000000,19.989706
0.828000,3.564480,0.792052,3.965673,0.541570,1,3.498165,0.000000,19.989706
0.829000,3.568447,0.792609,3.969189,0.572555,1,3.498165,0.000000,19.989706
0.830000,3.572418,0.793197,3.972889,0.603339,1,3.498165,0.000000,19.989706
0.831000,3.576393,0.793816,3.976769,0.633911,1,3.498165,0.000000,19.989706
0.832000,3.580372,0.794465,3.980825,0.664261,1,3.498165,0.000000,19.989706
0.833000,3.584354,0.795144,3.985055,0.694378,1,3.498165,0.000000,19.989706
0.834000,3.588342,0.795854,3.989454,0.724250,1,3.498165,0.000000,19.989706
0.835000,3.592333,0.796593,3.994018,0.753869,1,3.498165,0.000000,19.989706
0.836000,3.596330,0.797361,3.998743,0.783224,1,3.498165,0.000000,19.989706
0.837000,3.600331,0.798159,4.003626,0.812304,1,3.498165,0.000000,19.989706
0.838000,3.604337,0.798986,4.008662,0.841100,1,3.498165,0.000000,19.989706
0.839000,3.608348,0.799841,4.013846,0.869601,1,3.498165,0.000000,19.989706
0.840000,3.612365,0.800725,4.019174,0.897798,1,3.498165,0.000000,19.989706
0.841000,3.616387,0.801637,4.024641,0.925681,1,3.498165,0.000000,19.989706
0.842000,3.620414,0.802576,4.030243,0.953240,1,3.498165,0.000000,19.989706
0.843000,3.624447,0.803543,4.035974,0.980466,1,3.498165,0.000000,19.989706
0.844000,3.628486,0.804537,4.041829,1.007350,1,3.498165,0.000000,19.989706
0.845000,3.632531,0.805558,4.047803,1.033882,1,3.498165,0.000000,19.989706
0.846000,3.636582,0.806605,4.053891,1.060053,1,3.498165,0.000000,19.989706
0.847000,3.640639,0.807678,4.060087,1.085854,1,3.498165,0.000000,19.989706
0.848000,3.644702,0.808776,4.066387,1.111277,1,3.498165,0.000000,19.989706
0.849000,3.648772,0.809900,4.072783,1.136313,1,3.498165,0.000000,19.989706
0.850000,3.652848,0.811049,4.079271,1.160953,1,3.498165,0.000000,19.989706
0.851000,3.656930,0.812222,4.085845,1.185188,1,3.498165,0.000000,19.989706
0.852000,3.661019,0.813419,4.092499,1.209012,1,3.498165,0.000000,19.989706
0.853000,3.665115,0.814640,4.099227,1.232415,1,3.498165,0.000000,19.989706
0.854000,3.669218,0.815884,4.106023,1.255389,1,3.498165,0.000000,19.989706
0.855000,3.673327,0.817150,4.112881,1.277927,1,3.498165,0.000000,19.989706
0.856000,3.677444,0.818439,4.119794,1.300022,1,3.498165,0.000000,19.989706
0.857000,3.681567,0.819750,4.126758,1.321665,1,3.498165,0.000000,19.989706
0.858000,3.685697,0.821082,4.133764,1.342849,1,3.498165,0.000000,19.989706
0.859000,3.689834,0.822436,4.140808,1.363568,1,3.498165,0.000000,19.989706
0.860000,3.693979,0.823809,4.147882,1.383813,1,3.498165,0.000000,19.989706
0.861000,3.698130,0.825203,4.154980,1.403579,1,3.498165,0.000000,19.989706
0.862000,3.702289,0.826616,4.162096,1.422859,1,3.498165,0.000000,19.989706
0.863000,3.706454,0.828049,4.169223,1.441646,1,3.498165,0.000000,19.989706
0.864000,3.710627,0.829500,4.176356,1.459933,1,3.498165,0.000000,19.989706
0.865000,3.714807,0.830968,4.183486,1.477715,1,3.498165,0.000000,19.989706
0.866000,3.718994,0.832455,4.190608,1.494986,1,3.498165,0.000000,19.989706
0.867000,3.723188,0.833958,4.197714,1.511739,1,3.498165,0.000000,19.989706
0.868000,3.727390,0.835478,4.204800,1.527969,1,3.498165,0.000000,19.989706
0.869000,3.731598,0.837014,4.211857,1.543671,1,3.498165,0.000000,19.989706
0.870000,3.735813,0.838565,4.218879,1.558838,1,3.498165,0.000000,19.989706
0.871000,3.740036,0.840131,4.225859,1.573467,1,3.498165,0.000000,19.989706
0.872000,3.744265,0.841712,4.232792,1.587551,1,3.498165,0.000000,19.989706
0.873000,3.748501,0.843306,4.239670,1.601087,1,3.498165,0.000000,19.989706
0.874000,3.752744,0.844914,4.246486,1.614069,1,3.498165,0.000000,19.989706
0.875000,3.756994,0.846534,4.253234,1.626492,1,3.498165,0.000000,19.989706
0.876000,3.761251,0.848167,4.259908,1.638353,1,3.498165,0.000000,19.989706
0.877000,3.765514,0.849811,4.266501,1.649647,1,3.498165,0.000000,19.989706
0.878000,3.769784,0.851466,4.273006,1.660371,1,3.498165,0.000000,19.989706
0.879000,3.774060,0.853131,4.279416,1.670520,1,3.498165,0.000000,19.989706
0.880000,3.778343,0.854807,4.285726,1.680090,1,3.498165,0.000000,19.989706
0.881000,3.782631,0.856491,4.291928,1.689079,1,3.498165,0.000000,19.989706
0.882000,3.786926,0.858185,4.298017,1.697483,1,3.498165,0.000000,19.989706
0.883000,3.791227,0.859886,4.303986,1.705298,1,3.498165,0.000000,19.989706
0.884000,3.795534,0.861595,4.309828,1.712522,1,3.498165,0.000000,19.989706
0.885000,3.799847,0.863311,4.315537,1.719152,1,3.498165,0.000000,19.989706
0.886000,3.804165,0.865033,4.321107,1.725185,1,3.498165,0.000000,19.989706
0.887000,3.808489,0.866761,4.326532,1.730619,1,3.498165,0.000000,19.989706
0.888000,3.812818,0.868494,4.331805,1.735451,1,3.498165,0.000000,19.989706
0.889000,3.817153,0.870232,4.336921,1.739680,1,3.498165,0.000000,19.989706
0.890000,3.821492,0.871973,4.341873,1.743302,1,3.498165,0.000000,19.989706
0.891000,3.825836,0.873718,4.346655,1.746317,1,3.498165,0.000000,19.989706
0.892000,3.830185,0.875466,4.351262,1.748722,1,3.498165,0.000000,19.989706
0.893000,3.834539,0.877216,4.355687,1.750516,1,3.498165,0.000000,19.989706
0.894000,3.838897,0.878967,4.359925,1.751698,1,3.498165,0.000000,19.989706
0.895000,3.843259,0.880719,4.363970,1.752267,1,3.498165,0.000000,19.989706
0.896000,3.847625,0.882471,4.367816,1.752221,1,3.498165,0.000000,19.989706
0.897000,3.851994,0.884223,4.371457,1.751560,1,3.498165,0.000000,19.989706
0.898000,3.856367,0.885974,4.374889,1.750282,1,3.498165,0.000000,19.989706
0.899000,3.860744,0.887723,4.378106,1.748388,1,3.498165,0.000000,19.989706
0.900000,3.865124,0.889470,4.381102,1.745876,1,3.498165,0.000000,19.989706
0.901000,3.869506,0.891215,4.383871,1.742747,1,3.498165,0.000000,19.989706
0.902000,3.873891,0.892956,4.386410,1.739001,1,3.498165,0.000000,19.989706
0.903000,3.878279,0.894693,4.388713,1.734637,1,3.498165,0.000000,19.989706
0.904000,3.882669,0.896425,4.390774,1.729656,1,3.498165,0.000000,19.989706
0.905000,3.887060,0.898152,4.392589,1.724057,1,3.498165,0.000000,19.989706
0.906000,3.891454,0.899873,4.394152,1.717843,1,3.498165,0.000000,19.989706
0.907000,3.895848,0.901587,4.395460,1.711012,1,3.498165,0.000000,19.989706
0.908000,3.900244,0.903295,4.396508,1.703566,1,3.498165,0.000000,19.989706
0.909000,3.904641,0.904994,4.397290,1.695507,1,3.498165,0.000000,19.989706
0.910000,3.909039,0.906685,4.397803,1.686834,1,3.498165,0.000000,19.989706
0.911000,3.913437,0.908368,4.398042,1.677549,1,3.498165,0.000000,19.989706
0.912000,3.917835,0.910040,4.398003,1.667654,0,4.334860,0.001145,19.989245
0.913000,3.922233,0.911703,4.398003,1.657844,0,4.339258,0.002808,19.989245
0.914000,3.926631,0.913356,4.398003,1.648034,0,4.343656,0.004461,19.989245
0.915000,3.931029,0.914999,4.398003,1.638224,0,4.348054,0.006104,19.989245
0.916000,3.935427,0.916632,4.398003,1.628414,0,4.352452,0.007738,19.989245
0.917000,3.939825,0.918256,4.398003,1.618604,0,4.356850,0.009361,19.989245
0.918000,3.944223,0.919870,4.398003,1.608794,0,4.361248,0.010975,19.989245
0.919000,3.948621,0.921473,4.398003,1.598984,0,4.365646,0.012579,19.989245
0.920000,3.953019,0.923068,4.398003,1.589174,0,4.370044,0.014173,19.989245
0.921000,3.957417,0.924652,4.398003,1.579364,0,4.374442,0.015757,19.989245
0.922000,3.961815,0.926226,4.398003,1.569554,0,4.378840,0.017331,19.989245
0.923000,3.966213,0.927791,4.398003,1.559744,0,4.383238,0.018896,19.989245
0.924000,3.970611,0.929346,4.398003,1.549934,0,4.387636,0.020451,19.989245
0.925000,3.975009,0.930891,4.398003,1.540124,0,4.392034,0.021996,19.989245
0.926000,3.979407,0.932426,4.398003,1.530314,0,4.396432,0.023531,19.989245
0.927000,3.983805,0.933951,4.398003,1.520504,0,4.400830,0.025057,19.989245
0.928000,3.988203,0.935467,4.398003,1.510694,0,4.405228,0.026572,19.989245
0.929000,3.992601,0.936973,4.398003,1.500884,0,4.409626,0.028078,19.989245
0.930000,3.996999,0.938469,4.398003,1.491074,0,4.414024,0.029574,19.989245
0.931000,4.001397,0.939955,4.398003,1.481264,0,4.418422,0.031060,19.989245
0.932000,4.005795,0.941431,4.398003,1.471454,0,4.422820,0.032536,19.989245
0.933000,4.010193,0.942898,4.398003,1.461644,0,4.427218,0.034003,19.989245
0.934000,4.014591,0.944355,4.398003,1.451834,0,4.431616,0.035460,19.989245
0.935000,4.018989,0.945802,4.398003,1.442024,0,4.436014,0.036907,19.989245
0.936000,4.023387,0.947239,4.398003,1.432214,0,4.440412,0.038344,19.989245
0.937000,4.027785,0.948666,4.398003,1.422404,0,4.444810,0.039771,19.989245
0.938000,4.032183,0.950083,4.398003,1.412594,0,4.449208,0.041189,19.989245
0.939000,4.036581,0.951491,4.398003,1.402784,0,4.453606,0.042596,19.989245
0.940000,4.040979,0.952889,4.398003,1.392974,0,4.458004,0.043994,19.989245
0.941000,4.045377,0.954277,4.398003,1.383164,0,4.462402,0.045382,19.989245
0.942000,4.049775,0.955655,4.398003,1.373354,0,4.466800,0.046761,19.989245
0.943000,4.054173,0.957024,4.398003,1.363544,0,4.471198,0.048129,19.989245
0.944000,4.058571,0.958382,4.398003,1.353734,0,4.475596,0.049488,19.989245
0.945000,4.062969,0.959731,4.398003,1.343924,0,4.479994,0.050836,19.989245
0.946000,4.067367,0.961070,4.398003,1.334114,0,4.484392,0.052175,19.989245
0.947000,4.071765,0.962400,4.398003,1.324304,0,4.488790,0.053505,19.989245
0.948000,4.076163,0.963719,4.398003,1.314494,0,4.493188,0.054824,19.989245
0.949000,4.080561,0.965029,4.398003,1.304684,0,4.497586,0.056134,19.989245
0.950000,4.084959,0.966328,4.398003,1.294874,0,4.501984,0.057433,19.989245
0.951000,4.089357,0.967618,4.398003,1.285064,0,4.506382,0.058723,19.989245
0.952000,4.093755,0.968898,4.398003,1.275254,0,4.510780,0.060004,19.989245
0.953000,4.098153,0.970169,4.398003,1.265444,0,4.515178,0.061274,19.989245
0.954000,4.102551,0.971429,4.398003,1.255634,0,4.519576,0.062534,19.989245
0.955000,4.106949,0.972680,4.398003,1.245824,0,4.523974,0.063785,19.989245
0.956000,4.111347,0.973921,4.398003,1.236014,0,4.528372,0.065026,19.989245
0.957000,4.115745,0.975152,4.398003,1.226204,0,4.532770,0.066257,19.989245
0.958000,4.120143,0.976373,4.398003,1.216394,0,4.537168,0.067479,19.989245
0.959000,4.124541,0.977585,4.398003,1.206584,0,4.541566,0.068690,19.989245
0.960000,4.128939,0.978787,4.398003,1.196774,0,4.545964,0.069892,19.989245
0.961000,4.133337,0.979978,4.398003,1.186964,0,4.550362,0.071084,19.989245
0.962000,4.137735,0.981160,4.398003,1.177154,0,4.554760,0.072266,19.989245
0.963000,4.142133,0.982333,4.398003,1.167344,0,4.559158,0.073438,19.989245
0.964000,4.146531,0.983495,4.398003,1.157534,0,4.563556,0.074600,19.989245
0.965000,4.150929,0.984648,4.398003,1.147724,0,4.567954,0.075753,19.989245
0.966000,4.155327,0.985791,4.398003,1.137914,0,4.572352,0.076896,19.989245
0.967000,4.159725,0.986924,4.398003,1.128104,0,4.576750,0.078029,19.989245
0.968000,4.164123,0.988047,4.398003,1.118294,0,4.581148,0.079152,19.989245
0.969000,4.168521,0.989160,4.398003,1.108484,0,4.585546,0.080265,19.989245
0.970000,4.172919,0.990264,4.398003,1.098674,0,4.589944,0.081369,19.989245
0.971000,4.177317,0.991358,4.398003,1.088864,0,4.594342,0.082463,19.989245
0.972000,4.181715,0.992442,4.398003,1.079054,0,4.598740,0.083547,19.989245
0.973000,4.186113,0.993516,4.398003,1.069244,0,4.603138,0.084621,19.989245
0.974000,4.190511,0.994580,4.398003,1.059434,0,4.607536,0.085685,19.989245
0.975000,4.194909,0.995635,4.398003,1.049624,0,4.611934,0.086740,19.989245
0.976000,4.199307,0.996679,4.398003,1.039814,0,4.616332,0.087784,19.989245
0.977000,4.203705,0.997714,4.398003,1.030004,0,4.620730,0.088819,19.989245
0.978000,4.208103,0.998739,4.398003,1.020194,0,4.625128,0.089844,19.989245
0.979000,4.212501,0.999755,4.398003,1.010384,0,4.629526,0.090860,19.989245
0.980000,4.216899,1.000760,4.398003,1.000574,0,4.633924,0.091865,19.989245
0.981000,4.221297,1.001756,4.398003,0.990764,0,4.638322,0.092861,19.989245
0.982000,4.225695,1.002742,4.398003,0.980954,0,4.642720,0.093847,19.989245
0.983000,4.230093,1.003718,4.398003,0.971144,0,4.647118,0.094823,19.989245
0.984000,4.234491,1.004684,4.398003,0.961334,0,4.651516,0.095789,19.989245
0.985000,4.238889,1.005640,4.398003,0.951524,0,4.655914,0.096745,19.989245
0.986000,4.243287,1.006587,4.398003,0.941714,0,4.660312,0.097692,19.989245
0.987000,4.247685,1.007524,4.398003,0.931904,0,4.664710,0.098629,19.989245
0.988000,4.252083,1.008451,4.398003,0.922094,0,4.669108,0.099556,19.989245
0.989000,4.256481,1.009368,4.398003,0.912284,0,4.673506,0.100473,19.989245
0.990000,4.260879,1.010275,4.398003,0.902474,0,4.677904,0.101380,19.989245
0.991000,4.265277,1.011173,4.398003,0.892664,0,4.682302,0.102278,19.989245
0.992000,4.269675,1.012061,4.398003,0.882854,0,4.686700,0.103166,19.989245
0.993000,4.274073,1.012939,4.398003,0.873044,0,4.691098,0.104044,19.989245
0.994000,4.278471,1.013807,4.398003,0.863234,0,4.695496,0.104912,19.989245
0.995000,4.282869,1.014665,4.398003,0.853424,0,4.699894,0.105770,19.989245
0.996000,4.287267,1.015514,4.398003,0.843614,0,4.704292,0.106619,19.989245
0.997000,4.291665,1.016352,4.398003,0.833804,0,4.708690,0.107457,19.989245
0.998000,4.296063,1.017181,4.398003,0.823994,0,4.713088,0.108286,19.989245
0.999000,4.300461,1.018000,4.398003,0.814184,0,4.717487,0.109105,19.989245
1.000000,4.304859,1.018810,4.398003,0.804374,0,4.721885,0.109915,19.989245
1.001000,4.309257,1.019609,4.398003,0.794564,0,4.726283,0.110714,19.989245
1.002000,4.313655,1.020399,4.398003,0.784754,0,4.730681,0.111504,19.989245
1.003000,4.318053,1.021179,4.398003,0.774944,0,4.735079,0.112284,19.989245
1.004000,4.322451,1.021949,4.398003,0.765134,0,4.739477,0.113054,19.989245
1.005000,4.326849,1.022709,4.398003,0.755324,0,4.743875,0.113814,19.989245
1.006000,4.331247,1.023459,4.398003,0.745514,0,4.748273,0.114564,19.989245
1.007000,4.335645,1.024200,4.398003,0.735704,0,4.752671,0.115305,19.989245
1.008000,4.340043,1.024931,4.398003,0.725894,0,4.757069,0.116036,19.989245
1.009000,4.344441,1.025652,4.398003,0.716084,0,4.761467,0.116757,19.989245
1.010000,4.348839,1.026363,4.398003,0.706274,0,4.765865,0.117468,19.989245
1.011000,4.353237,1.027064,4.398003,0.696464,0,4.770263,0.118169,19.989245
1.012000,4.357635,1.027756,4.398003,0.686654,0,4.774661,0.118861,19.989245
1.013000,4.362033,1.028437,4.398003,0.676844,0,4.779059,0.119543,19.989245
1.014000,4.366431,1.029109,4.398003,0.667034,0,4.783457,0.120215,19.989245
1.015000,4.370829,1.029772,4.398003,0.657224,0,4.787855,0.120877,19.989245
1.016000,4.375227,1.030424,4.398003,0.647414,0,4.792253,0.121529,19.989245
1.017000,4.379625,1.031066,4.398003,0.637604,0,4.796651,0.122171,19.989245
1.018000,4.384023,1.031699,4.398003,0.627794,0,4.801049,0.122804,19.989245
1.019000,4.388421,1.032322,4.398003,0.617984,0,4.805447,0.123427,19.989245
1.020000,4.392819,1.032935,4.398003,0.608174,0,4.809845,0.124040,19.989245
1.021000,4.397217,1.033538,4.398003,0.598364,0,4.814243,0.124643,19.989245
1.022000,4.401615,1.034132,4.398003,0.588554,0,4.818641,0.125237,19.989245
1.023000,4.406013,1.034715,4.398003,0.578744,0,4.823039,0.125821,19.989245
1.024000,4.410411,1.035289,4.398003,0.568934,0,4.827437,0.126394,19.989245
1.025000,4.414809,1.035853,4.398003,0.559124,0,4.831835,0.126958,19.989245
1.026000,4.419207,1.036407,4.398003,0.549314,0,4.836233,0.127513,19.989245
1.027000,4.423605,1.036952,4.398003,0.539504,0,4.840631,0.128057,19.989245
1.028000,4.428003,1.037486,4.398003,0.529694,0,4.845029,0.128592,19.989245
1.029000,4.432401,1.038011,4.398003,0.519884,0,4.849427,0.129116,19.989245
1.030000,4.436799,1.038526,4.398003,0.510074,0,4.853825,0.129631,19.989245
1.031000,4.441197,1.039031,4.398003,0.500264,0,4.858223,0.130137,19.989245
1.032000,4.445595,1.039527,4.398003,0.490454,0,4.862621,0.130632,19.989245
1.033000,4.449993,1.040012,4.398003,0.480644,0,4.867019,0.131117,19.989245
1.034000,4.454391,1.040488,4.398003,0.470834,0,4.871417,0.131593,19.989245
1.035000,4.458789,1.040954,4.398003,0.461024,0,4.875815,0.132059,19.989245
1.036000,4.463187,1.041410,4.398003,0.451214,0,4.880213,0.132515,19.989245
1.037000,4.467585,1.041856,4.398003,0.441404,0,4.884611,0.132962,19.989245
1.038000,4.471983,1.042293,4.398003,0.431594,0,4.889009,0.133398,19.989245
1.039000,4.476381,1.042720,4.398003,0.421784,0,4.893407,0.133825,19.989245
1.040000,4.480779,1.043137,4.398003,0.411974,0,4.897805,0.134242,19.989245
1.041000,4.485177,1.043544,4.398003,0.402164,0,4.902203,0.134649,19.989245
1.042000,4.489575,1.043941,4.398003,0.392354,0,4.906601,0.135046,19.989245
1.043000,4.493973,1.044328,4.398003,0.382544,0,4.910999,0.135433,19.989245
1.044000,4.498371,1.044706,4.398003,0.372734,0,4.915397,0.135811,19.989245
1.045000,4.502769,1.045074,4.398003,0.362924,0,4.919795,0.136179,19.989245
1.046000,4.507167,1.045432,4.398003,0.353114,0,4.924193,0.136537,19.989245
1.047000,4.511565,1.045780,4.398003,0.343304,0,4.928591,0.136885,19.989245
1.048000,4.515963,1.046118,4.398003,0.333494,0,4.932989,0.137224,19.989245
1.049000,4.520361,1.046447,4.398003,0.323684,0,4.937387,0.137552,19.989245
1.050000,4.524759,1.046766,4.398003,0.313874,0,4.941785,0.137871,19.989245
1.051000,4.529157,1.047075,4.398003,0.304064,0,4.946183,0.138180,19.989245
1.052000,4.533555,1.047374,4.398003,0.294254,0,4.950581,0.138479,19.989245
1.053000,4.537953,1.047663,4.398003,0.284444,0,4.954979,0.138768,19.989245
1.054000,4.542351,1.047943,4.398003,0.274634,0,4.959377,0.139048,19.989245
1.055000,4.546749,1.048213,4.398003,0.264824,0,4.963775,0.139318,19.989245
1.056000,4.551147,1.048472,4.398003,0.255014,0,4.968173,0.139578,19.989245
1.057000,4.555545,1.048723,4.398003,0.245204,0,4.972571,0.139828,19.989245
1.058000,4.559943,1.048963,4.398003,0.235394,0,4.976969,0.140068,19.989245
1.059000,4.564341,1.049193,4.398003,0.225584,0,4.981367,0.140298,19.989245
1.060000,4.568739,1.049414,4.398003,0.215774,0,4.985765,0.140519,19.989245
1.061000,4.573137,1.049625,4.398003,0.205964,0,4.990163,0.140730,19.989245
1.062000,4.577535,1.049826,4.398003,0.196154,0,4.994561,0.140931,19.989245
1.063000,4.581933,1.050017,4.398003,0.186344,0,4.998959,0.141122,19.989245
1.064000,4.586331,1.050199,4.398003,0.176534,0,5.003357,0.141304,19.989245
1.065000,4.590729,1.050370,4.398003,0.166724,0,5.007755,0.141475,19.989245
1.066000,4.595127,1.050532,4.398003,0.156914,0,5.012153,0.141637,19.989245
1.067000,4.599525,1.050684,4.398003,0.147104,0,5.016551,0.141789,19.989245
1.068000,4.603923,1.050826,4.398003,0.137294,0,5.020949,0.141931,19.989245
1.069000,4.608321,1.050959,4.398003,0.127484,0,5.025347,0.142064,19.989245
1.070000,4.612719,1.051081,4.398003,0.117674,0,5.029745,0.142186,19.989245
1.071000,4.617117,1.051194,4.398003,0.107864,0,5.034143,0.142299,19.989245
1.072000,4.621515,1.051297,4.398003,0.098054,0,5.038541,0.142402,19.989245
1.073000,4.625913,1.051390,4.398003,0.088244,0,5.042939,0.142495,19.989245
1.074000,4.630311,1.051473,4.398003,0.078434,0,5.047337,0.142579,19.989245
1.075000,4.634709,1.051547,4.398003,0.068624,0,5.051735,0.142652,19.989245
1.076000,4.639107,1.051611,4.398003,0.058814,0,5.056133,0.142716,19.989245
1.077000,4.643505,1.051665,4.398003,0.049004,0,5.060531,0.142770,19.989245
1.078000,4.647903,1.051709,4.398003,0.039194,0,5.064929,0.142814,19.989245
1.079000,4.652301,1.051743,4.398003,0.029384,0,5.069327,0.142848,19.989245
1.080000,4.656699,1.051767,4.398003,0.019574,0,5.073725,0.142873,19.989245
1.081000,4.661097,1.051782,4.398003,0.009764,0,5.078123,0.142887,19.989245
1.082000,4.665495,1.051787,4.398003,-0.000046,0,5.082521,0.142892,19.989245
1.083000,4.669893,1.051782,4.398003,-0.009856,0,5.086919,0.142887,19.989245
1.084000,4.674291,1.051767,4.398003,-0.019666,0,5.091317,0.142872,19.989245
1.085000,4.678689,1.051743,4.398003,-0.029476,0,5.095715,0.142848,19.989245
1.086000,4.683087,1.051708,4.398003,-0.039286,0,5.100113,0.142813,19.989245
1.087000,4.687485,1.051664,4.398003,-0.049096,0,5.104511,0.142769,19.989245
1.088000,4.691883,1.051610,4.398003,-0.058906,0,5.108909,0.142715,19.989245
1.089000,4.696281,1.051546,4.398003,-0.068716,0,5.113307,0.142651,19.989245
1.090000,4.700679,1.051473,4.398003,-0.078526,0,5.117705,0.142578,19.989245
1.091000,4.705077,1.051389,4.398003,-0.088336,0,5.122103,0.142494,19.989245
1.092000,4.709475,1.051296,4.398003,-0.098146,0,5.126501,0.142401,19.989245
1.093000,4.713873,1.051193,4.398003,-0.107956,0,5.130899,0.142298,19.989245
1.094000,4.718271,1.051080,4.398003,-0.117766,0,5.135297,0.142185,19.989245
1.095000,4.722669,1.050957,4.398003,-0.127576,0,5.139695,0.142063,19.989245
1.096000,4.727067,1.050825,4.398003,-0.137386,0,5.144093,0.141930,19.989245
1.097000,4.731465,1.050683,4.398003,-0.147196,0,5.148491,0.141788,19.989245
1.098000,4.735863,1.050531,4.398003,-0.157006,0,5.152889,0.141636,19.989245
1.099000,4.740261,1.050369,4.398003,-0.166816,0,5.157287,0.141474,19.989245
1.100000,4.744659,1.050197,4.398003,-0.176626,0,5.161685,0.141302,19.989245
1.101000,4.749057,1.050015,4.398003,-0.186436,0,5.166083,0.141121,19.989245
1.102000,4.753455,1.049824,4.398003,-0.196246,0,5.170481,0.140929,19.989245
1.103000,4.757853,1.049623,4.398003,-0.206056,0,5.174879,0.140728,19.989245
1.104000,4.762251,1.049412,4.398003,-0.215866,0,5.179277,0.140517,19.989245
1.105000,4.766649,1.049191,4.398003,-0.225676,0,5.183675,0.140296,19.989245
1.106000,4.771047,1.048961,4.398003,-0.235486,0,5.188073,0.140066,19.989245
1.107000,4.775445,1.048720,4.398003,-0.245296,0,5.192471,0.139825,19.989245
1.108000,4.779843,1.048470,4.398003,-0.255106,0,5.196869,0.139575,19.989245
1.109000,4.784241,1.048210,4.398003,-0.264916,0,5.201267,0.139315,19.989245
1.110000,4.788640,1.047940,4.398003,-0.274726,0,5.205665,0.139045,19.989245
1.111000,4.793038,1.047661,4.398003,-0.284536,0,5.210063,0.138766,19.989245
1.112000,4.797436,1.047371,4.398003,-0.294346,0,5.214461,0.138476,19.989245
1.113000,4.801834,1.047072,4.398003,-0.304156,0,5.218859,0.138177,19.989245
1.114000,4.806232,1.046763,4.398003,-0.313966,0,5.223257,0.137868,19.989245
1.115000,4.810630,1.046444,4.398003,-0.323776,0,5.227655,0.137549,19.989245
1.116000,4.815028,1.046115,4.398003,-0.333586,0,5.232053,0.137220,19.989245
1.117000,4.819426,1.045777,4.398003,-0.343396,0,5.236451,0.136882,19.989245
1.118000,4.823824,1.045428,4.398003,-0.353206,0,5.240849,0.136534,19.989245
1.119000,4.828222,1.045070,4.398003,-0.363016,0,5.245247,0.136176,19.989245
1.120000,4.832620,1.044702,4.398003,-0.372826,0,5.249645,0.135808,19.989245
1.121000,4.837018,1.044325,4.398003,-0.382636,0,5.254043,0.135430,19.989245
1.122000,4.841416,1.043937,4.398003,-0.392446,0,5.258441,0.135042,19.989245
1.123000,4.845814,1.043540,4.398003,-0.402256,0,5.262839,0.134645,19.989245
1.124000,4.850212,1.043133,4.398003,-0.412066,0,5.267237,0.134238,19.989245
1.125000,4.854610,1.042716,4.398003,-0.421876,0,5.271635,0.133821,19.989245
1.126000,4.859008,1.042289,4.398003,-0.431686,0,5.276033,0.133394,19.989245
1.127000,4.863406,1.041852,4.398003,-0.441496,0,5.280431,0.132957,19.989245
1.128000,4.867804,1.041406,4.398003,-0.451306,0,5.284829,0.132511,19.989245
1.129000,4.872202,1.040950,4.398003,-0.461116,0,5.289227,0.132055,19.989245
1.130000,4.876600,1.040484,4.398003,-0.470926,0,5.293625,0.131589,19.989245
1.131000,4.880998,1.040008,4.398003,-0.480736,0,5.298023,0.131113,19.989245
1.132000,4.885396,1.039522,4.398003,-0.490546,0,5.302421,0.130627,19.989245
1.133000,4.889794,1.039027,4.398003,-0.500356,0,5.306819,0.130132,19.989245
1.134000,4.894192,1.038522,4.398003,-0.510166,0,5.311217,0.129627,19.989245
1.135000,4.898590,1.038006,4.398003,-0.519976,0,5.315615,0.129112,19.989245
1.136000,4.902988,1.037482,4.398003,-0.529786,0,5.320013,0.128587,19.989245
1.137000,4.907386,1.036947,4.398003,-0.539596,0,5.324411,0.128052,19.989245
1.138000,4.911784,1.036402,4.398003,-0.549406,0,5.328809,0.127508,19.989245
1.139000,4.916182,1.035848,4.398003,-0.559216,0,5.333207,0.126953,19.989245
1.140000,4.920580,1.035284,4.398003,-0.569026,0,5.337605,0.126389,19.989245
1.141000,4.924978,1.034710,4.398003,-0.578836,0,5.342003,0.125815,19.989245
1.142000,4.929376,1.034126,4.398003,-0.588646,0,5.346401,0.125231,19.989245
1.143000,4.933774,1.033533,4.398003,-0.598456,0,5.350799,0.124638,19.989245
1.144000,4.938172,1.032929,4.398003,-0.608266,0,5.355197,0.124035,19.989245
1.145000,4.942570,1.032316,4.398003,-0.618076,0,5.359595,0.123421,19.989245
1.146000,4.946968,1.031693,4.398003,-0.627886,0,5.363993,0.122798,19.989245
1.147000,4.951366,1.031060,4.398003,-0.637696,0,5.368391,0.122166,19.989245
1.148000,4.955764,1.030418,4.398003,-0.647506,0,5.372789,0.121523,19.989245
1.149000,4.960162,1.029765,4.398003,-0.657316,0,5.377187,0.120871,19.989245
1.150000,4.964560,1.029103,4.398003,-0.667126,0,5.381585,0.120208,19.989245
1.151000,4.968958,1.028431,4.398003,-0.676936,0,5.385983,0.119536,19.989245
1.152000,4.973356,1.027749,4.398003,-0.686746,0,5.390381,0.118854,19.989245
1.153000,4.977754,1.027058,4.398003,-0.696556,0,5.394779,0.118163,19.989245
1.154000,4.982152,1.026356,4.398003,-0.706366,0,5.399177,0.117461,19.989245
1.155000,4.986550,1.025645,4.398003,-0.716176,0,5.403575,0.116750,19.989245
1.156000,4.990948,1.024924,4.398003,-0.725986,0,5.407973,0.116029,19.989245
1.157000,4.995346,1.024193,4.398003,-0.735796,0,5.412371,0.115298,19.989245
1.158000,4.999744,1.023452,4.398003,-0.745606,0,5.416769,0.114557,19.989245
1.159000,5.004142,1.022702,4.398003,-0.755416,0,5.421167,0.113807,19.989245
1.160000,5.008540,1.021941,4.398003,-0.765226,0,5.425565,0.113047,19.989245
1.161000,5.012938,1.021171,4.398003,-0.775036,0,5.429963,0.112276,19.989245
1.162000,5.017336,1.020391,4.398003,-0.784846,0,5.434361,0.111497,19.989245
1.163000,5.021734,1.019602,4.398003,-0.794656,0,5.438759,0.110707,19.989245
1.164000,5.026132,1.018802,4.398003,-0.804466,0,5.443157,0.109907,19.989245
1.165000,5.030530,1.017993,4.398003,-0.814276,0,5.447555,0.109098,19.989245
1.166000,5.034928,1.017174,4.398003,-0.824086,0,5.451953,0.108279,19.989245
1.167000,5.039326,1.016345,4.398003,-0.833896,0,5.456351,0.107450,19.989245
1.168000,5.043724,1.015506,4.398003,-0.843706,0,5.460749,0.106611,19.989245
1.169000,5.048122,1.014657,4.398003,-0.853516,0,5.465147,0.105762,19.989245
1.170000,5.052520,1.013799,4.398003,-0.863326,0,5.469545,0.104904,19.989245
1.171000,5.056918,1.012930,4.398003,-0.873136,0,5.473943,0.104036,19.989245
1.172000,5.061316,1.012052,4.398003,-0.882946,0,5.478341,0.103158,19.989245
1.173000,5.065714,1.011165,4.398003,-0.892756,0,5.482739,0.102270,19.989245
1.174000,5.070112,1.010267,4.398003,-0.902566,0,5.487137,0.101372,19.989245
1.175000,5.074510,1.009359,4.398003,-0.912376,0,5.491535,0.100465,19.989245
1.176000,5.078908,1.008442,4.398003,-0.922186,0,5.495933,0.099547,19.989245
1.177000,5.083306,1.007515,4.398003,-0.931996,0,5.500331,0.098620,19.989245
1.178000,5.087704,1.006578,4.398003,-0.941806,0,5.504729,0.097683,19.989245
1.179000,5.092102,1.005631,4.398003,-0.951616,0,5.509127,0.096737,19.989245
1.180000,5.096500,1.004675,4.398003,-0.961426,0,5.513525,0.095780,19.989245
1.181000,5.100898,1.003709,4.398003,-0.971236,0,5.517923,0.094814,19.989245
1.182000,5.105296,1.002732,4.398003,-0.981046,0,5.522321,0.093838,19.989245
1.183000,5.109694,1.001747,4.398003,-0.990856,0,5.526719,0.092852,19.989245
1.184000,5.114092,1.000751,4.398003,-1.000666,0,5.531117,0.091856,19.989245
1.185000,5.118490,0.999745,4.398003,-1.010476,0,5.535515,0.090850,19.989245
1.186000,5.122888,0.998730,4.398003,-1.020286,0,5.539913,0.089835,19.989245
1.187000,5.127286,0.997705,4.398003,-1.030096,0,5.544311,0.088810,19.989245
1.188000,5.131684,0.996670,4.398003,-1.039906,0,5.548709,0.087775,19.989245
1.189000,5.136082,0.995625,4.398003,-1.049716,0,5.553107,0.086730,19.989245
1.190000,5.140480,0.994570,4.398003,-1.059526,0,5.557505,0.085675,19.989245
1.191000,5.144878,0.993506,4.398003,-1.069336,0,5.561903,0.084611,19.989245
1.192000,5.149276,0.992432,4.398003,-1.079146,0,5.566301,0.083537,19.989245
1.193000,5.153674,0.991347,4.398003,-1.088956,0,5.570699,0.082453,19.989245
1.194000,5.158072,0.990254,4.398003,-1.098766,0,5.575097,0.081359,19.989245
1.195000,5.162470,0.989150,4.398003,-1.108576,0,5.579495,0.080255,19.989245
1.196000,5.166868,0.988036,4.398003,-1.118386,0,5.583893,0.079142,19.989245
1.197000,5.171266,0.986913,4.398003,-1.128196,0,5.588291,0.078018,19.989245
1.198000,5.175664,0.985780,4.398003,-1.138006,0,5.592689,0.076885,19.989245
1.199000,5.180062,0.984637,4.398003,-1.147816,0,5.597087,0.075742,19.989245
1.200000,5.184460,0.983484,4.398003,-1.157626,0,5.601485,0.074590,19.989245
1.201000,5.188858,0.982322,4.398003,-1.167436,0,5.605883,0.073427,19.989245
1.202000,5.193256,0.981150,4.398003,-1.177246,0,5.610281,0.072255,19.989245
1.203000,5.197654,0.979967,4.398003,-1.187056,0,5.614679,0.071073,19.989245
1.204000,5.202052,0.978775,4.398003,-1.196866,0,5.619077,0.069881,19.989245
1.205000,5.206450,0.977574,4.398003,-1.206676,0,5.623475,0.068679,19.989245
1.206000,5.210848,0.976362,4.398003,-1.216486,0,5.627873,0.067467,19.989245
1.207000,5.215246,0.975141,4.398003,-1.226296,0,5.632271,0.066246,19.989245
1.208000,5.219644,0.973909,4.398003,-1.236106,0,5.636669,0.065015,19.989245
1.209000,5.224042,0.972668,4.398003,-1.245916,0,5.641067,0.063774,19.989245
1.210000,5.228440,0.971418,4.398003,-1.255726,0,5.645465,0.062523,19.989245
1.211000,5.232838,0.970157,4.398003,-1.265536,0,5.649863,0.061262,19.989245
1.212000,5.237236,0.968887,4.398003,-1.275346,0,5.654261,0.059992,19.989245
1.213000,5.241634,0.967606,4.398003,-1.285156,0,5.658659,0.058711,19.989245
1.214000,5.246032,0.966316,4.398003,-1.294966,0,5.663057,0.057421,19.989245
1.215000,5.250430,0.965016,4.398003,-1.304776,0,5.667455,0.056122,19.989245
1.216000,5.254828,0.963707,4.398003,-1.314586,0,5.671853,0.054812,19.989245
1.217000,5.259226,0.962387,4.398003,-1.324396,0,5.676251,0.053492,19.989245
1.218000,5.263624,0.961058,4.398003,-1.334206,0,5.680649,0.052163,19.989245
1.219000,5.268022,0.959719,4.398003,-1.344016,0,5.685047,0.050824,19.989245
1.220000,5.272420,0.958370,4.398003,-1.353826,0,5.689445,0.049475,19.989245
1.221000,5.276818,0.957011,4.398003,-1.363636,0,5.693843,0.048116,19.989245
1.222000,5.281216,0.955643,4.398003,-1.373446,0,5.698241,0.046748,19.989245
1.223000,5.285614,0.954264,4.398003,-1.383256,0,5.702639,0.045369,19.989245
1.224000,5.290012,0.952876,4.398003,-1.393066,0,5.707037,0.043981,19.989245
1.225000,5.294410,0.951478,4.398003,-1.402876,0,5.711435,0.042583,19.989245
1.226000,5.298808,0.950070,4.398003,-1.412686,0,5.715833,0.041176,19.989245
1.227000,5.303206,0.948653,4.398003,-1.422496,0,5.720231,0.039758,19.989245
1.228000,5.307604,0.947225,4.398003,-1.432306,0,5.724629,0.038331,19.989245
1.229000,5.312002,0.945788,4.398003,-1.442116,0,5.729027,0.036893,19.989245
1.230000,5.316400,0.944341,4.398003,-1.451926,0,5.733425,0.035446,19.989245
1.231000,5.320798,0.942884,4.398003,-1.461736,0,5.737823,0.033989,19.989245
1.232000,5.325196,0.941418,4.398003,-1.471546,0,5.742221,0.032523,19.989245
1.233000,5.329594,0.939941,4.398003,-1.481356,0,5.746619,0.031046,19.989245
1.234000,5.333992,0.938455,4.398003,-1.491166,0,5.751017,0.029560,19.989245
1.235000,5.338390,0.936959,4.398003,-1.500976,0,5.755415,0.028064,19.989245
1.236000,5.342788,0.935453,4.398003,-1.510786,0,5.759813,0.026558,19.989245
1.237000,5.347186,0.933937,4.398003,-1.520596,0,5.764211,0.025042,19.989245
1.238000,5.351584,0.932412,4.398003,-1.530406,0,5.768609,0.023517,19.989245
1.239000,5.355982,0.930877,4.398003,-1.540216,0,5.773007,0.021982,19.989245
1.240000,5.360380,0.929331,4.398003,-1.550026,0,5.777405,0.020437,19.989245
1.241000,5.364778,0.927776,4.398003,-1.559836,0,5.781803,0.018882,19.989245
1.242000,5.369176,0.926212,4.398003,-1.569646,0,5.786201,0.017317,19.989245
1.243000,5.373574,0.924637,4.398003,-1.579456,0,5.790599,0.015742,19.989245
1.244000,5.377972,0.923053,4.398003,-1.589266,0,5.794997,0.014158,19.989245
1.245000,5.382370,0.921459,4.398003,-1.599076,0,5.799395,0.012564,19.989245
1.246000,5.386768,0.919855,4.398003,-1.608886,0,5.803793,0.010960,19.989245
1.247000,5.391166,0.918241,4.398003,-1.618696,0,5.808191,0.009346,19.989245
1.248000,5.395564,0.916617,4.398003,-1.628506,0,5.812589,0.007722,19.989245
1.249000,5.399962,0.914984,4.398003,-1.638316,0,5.816987,0.006089,19.989245
1.250000,5.404360,0.913341,4.398003,-1.648126,0,5.821385,0.004446,19.989245
1.251000,5.408758,0.911688,4.398003,-1.657936,0,5.825783,0.002793,19.989245
1.252000,5.413156,0.910025,4.398003,-1.667746,0,5.830181,0.001130,19.989245
1.253000,5.417554,0.908352,4.398003,-1.677556,1,5.834330,0.000000,19.989281
1.254000,5.421952,0.906670,4.397814,-1.686951,1,5.834330,0.000000,19.989281
1.255000,5.426349,0.904978,4.397349,-1.695735,1,5.834330,0.000000,19.989281
1.256000,5.430746,0.903279,4.396614,-1.703906,1,5.834330,0.000000,19.989281
1.257000,5.435143,0.901571,4.395611,-1.711461,1,5.834330,0.000000,19.989281
1.258000,5.439538,0.899856,4.394347,-1.718402,1,5.834330,0.000000,19.989281
1.259000,5.443931,0.898134,4.392825,-1.724726,1,5.834330,0.000000,19.989281
1.260000,5.448323,0.896407,4.391050,-1.730433,1,5.834330,0.000000,19.989281
1.261000,5.452713,0.894674,4.389027,-1.735523,1,5.834330,0.000000,19.989281
1.262000,5.457101,0.892936,4.386761,-1.739995,1,5.834330,0.000000,19.989281
1.263000,5.461487,0.891194,4.384257,-1.743849,1,5.834330,0.000000,19.989281
1.264000,5.465870,0.889448,4.381521,-1.747084,1,5.834330,0.000000,19.989281
1.265000,5.470250,0.887700,4.378556,-1.749702,1,5.834330,0.000000,19.989281
1.266000,5.474627,0.885949,4.375369,-1.751702,1,5.834330,0.000000,19.989281
1.267000,5.479000,0.884197,4.371965,-1.753084,1,5.834330,0.000000,19.989281
1.268000,5.483370,0.882443,4.368349,-1.753849,1,5.834330,0.000000,19.989281
1.269000,5.487737,0.880689,4.364527,-1.753999,1,5.834330,0.000000,19.989281
1.270000,5.492099,0.878935,4.360505,-1.753532,1,5.834330,0.000000,19.989281
1.271000,5.496458,0.877182,4.356288,-1.752452,1,5.834330,0.000000,19.989281
1.272000,5.500812,0.875431,4.351881,-1.750758,1,5.834330,0.000000,19.989281
1.273000,5.505162,0.873681,4.347291,-1.748452,1,5.834330,0.000000,19.989281
1.274000,5.509506,0.871934,4.342523,-1.745536,1,5.834330,0.000000,19.989281
1.275000,5.513847,0.870190,4.337584,-1.742012,1,5.834330,0.000000,19.989281
1.276000,5.518182,0.868450,4.332479,-1.737880,1,5.834330,0.000000,19.989281
1.277000,5.522511,0.866715,4.327215,-1.733143,1,5.834330,0.000000,19.989281
1.278000,5.526836,0.864984,4.321797,-1.727804,1,5.834330,0.000000,19.989281
1.279000,5.531155,0.863259,4.316233,-1.721864,1,5.834330,0.000000,19.989281
1.280000,5.535468,0.861540,4.310527,-1.715327,1,5.834330,0.000000,19.989281
1.281000,5.539776,0.859829,4.304686,-1.708193,1,5.834330,0.000000,19.989281
1.282000,5.544078,0.858124,4.298717,-1.700468,1,5.834330,0.000000,19.989281
1.283000,5.548373,0.856428,4.292626,-1.692152,1,5.834330,0.000000,19.989281
1.284000,5.552663,0.854740,4.286419,-1.683251,1,5.834330,0.000000,19.989281
1.285000,5.556946,0.853062,4.280103,-1.673766,1,5.834330,0.000000,19.989281
1.286000,5.561223,0.851393,4.273684,-1.663701,1,5.834330,0.000000,19.989281
1.287000,5.565494,0.849734,4.267169,-1.653060,1,5.834330,0.000000,19.989281
1.288000,5.569757,0.848087,4.260565,-1.641847,1,5.834330,0.000000,19.989281
1.289000,5.574015,0.846451,4.253877,-1.630066,1,5.834330,0.000000,19.989281
1.290000,5.578265,0.844827,4.247113,-1.617721,1,5.834330,0.000000,19.989281
1.291000,5.582509,0.843216,4.240279,-1.604816,1,5.834330,0.000000,19.989281
1.292000,5.586746,0.841618,4.233381,-1.591355,1,5.834330,0.000000,19.989281
1.293000,5.590976,0.840033,4.226427,-1.577344,1,5.834330,0.000000,19.989281
1.294000,5.595199,0.838463,4.219423,-1.562787,1,5.834330,0.000000,19.989281
1.295000,5.599414,0.836908,4.212376,-1.547690,1,5.834330,0.000000,19.989281
1.296000,5.603623,0.835368,4.205292,-1.532056,1,5.834330,0.000000,19.989281
1.297000,5.607825,0.833844,4.198177,-1.515892,1,5.834330,0.000000,19.989281
1.298000,5.612020,0.832336,4.191040,-1.499204,1,5.834330,0.000000,19.989281
1.299000,5.616207,0.830846,4.183885,-1.481996,1,5.834330,0.000000,19.989281
1.300000,5.620387,0.829372,4.176720,-1.464275,1,5.834330,0.000000,19.989281
1.301000,5.624561,0.827917,4.169552,-1.446046,1,5.834330,0.000000,19.989281
1.302000,5.628726,0.826480,4.162387,-1.427316,1,5.834330,0.000000,19.989281
1.303000,5.632885,0.825063,4.155231,-1.408091,1,5.834330,0.000000,19.989281
1.304000,5.637037,0.823664,4.148091,-1.388378,1,5.834330,0.000000,19.989281
1.305000,5.641181,0.822286,4.140974,-1.368183,1,5.834330,0.000000,19.989281
1.306000,5.645319,0.820928,4.133885,-1.347513,1,5.834330,0.000000,19.989281
1.307000,5.649449,0.819591,4.126832,-1.326375,1,5.834330,0.000000,19.989281
1.308000,5.653573,0.818276,4.119820,-1.304776,1,5.834330,0.000000,19.989281
1.309000,5.657689,0.816982,4.112857,-1.282724,1,5.834330,0.000000,19.989281
1.310000,5.661798,0.815710,4.105947,-1.260225,1,5.834330,0.000000,19.989281
1.311000,5.665901,0.814462,4.099098,-1.237289,1,5.834330,0.000000,19.989281
1.312000,5.669997,0.813236,4.092316,-1.213921,1,5.834330,0.000000,19.989281
1.313000,5.674085,0.812034,4.085606,-1.190130,1,5.834330,0.000000,19.989281
1.314000,5.678168,0.810856,4.078974,-1.165925,1,5.834330,0.000000,19.989281
1.315000,5.682243,0.809702,4.072427,-1.141313,1,5.834330,0.000000,19.989281
1.316000,5.686313,0.808573,4.065970,-1.116304,1,5.834330,0.000000,19.989281
1.317000,5.690375,0.807470,4.059609,-1.090904,1,5.834330,0.000000,19.989281
1.318000,5.694432,0.806392,4.053349,-1.065123,1,5.834330,0.000000,19.989281
1.319000,5.698482,0.805340,4.047196,-1.038970,1,5.834330,0.000000,19.989281
1.320000,5.702526,0.804314,4.041156,-1.012454,1,5.834330,0.000000,19.989281
1.321000,5.706565,0.803315,4.035234,-0.985584,1,5.834330,0.000000,19.989281
1.322000,5.710597,0.802343,4.029435,-0.958369,1,5.834330,0.000000,19.989281
1.323000,5.714623,0.801398,4.023764,-0.930817,1,5.834330,0.000000,19.989281
1.324000,5.718644,0.800481,4.018226,-0.902940,1,5.834330,0.000000,19.989281
1.325000,5.722660,0.799592,4.012826,-0.874746,1,5.834330,0.000000,19.989281
1.326000,5.726670,0.798732,4.007569,-0.846245,1,5.834330,0.000000,19.989281
1.327000,5.730675,0.797900,4.002459,-0.817447,1,5.834330,0.000000,19.989281
1.328000,5.734675,0.797097,3.997501,-0.788362,1,5.834330,0.000000,19.989281
1.329000,5.738670,0.796323,3.992700,-0.758999,1,5.834330,0.000000,19.989281
1.330000,5.742661,0.795579,3.988059,-0.729370,1,5.834330,0.000000,19.989281
1.331000,5.746646,0.794865,3.983583,-0.699483,1,5.834330,0.000000,19.989281
1.332000,5.750628,0.794180,3.979275,-0.669351,1,5.834330,0.000000,19.989281
1.333000,5.754605,0.793526,3.975139,-0.638982,1,5.834330,0.000000,19.989281
1.334000,5.758578,0.792902,3.971179,-0.608388,1,5.834330,0.000000,19.989281
1.335000,5.762547,0.792309,3.967399,-0.577580,1,5.834330,0.000000,19.989281
1.336000,5.766513,0.791747,3.963802,-0.546567,1,5.834330,0.000000,19.989281
1.337000,5.770475,0.791216,3.960390,-0.515362,1,5.834330,0.000000,19.989281
1.338000,5.774434,0.790717,3.957167,-0.483974,1,5.834330,0.000000,19.989281
1.339000,5.778389,0.790248,3.954136,-0.452415,1,5.834330,0.000000,19.989281
1.340000,5.782342,0.789812,3.951300,-0.420695,1,5.834330,0.000000,19.989281
1.341000,5.786292,0.789407,3.948660,-0.388827,1,5.834330,0.000000,19.989281
1.342000,5.790240,0.789034,3.946219,-0.356820,1,5.834330,0.000000,19.989281
1.343000,5.794185,0.788693,3.943980,-0.324687,1,5.834330,0.000000,19.989281
1.344000,5.798128,0.788385,3.941944,-0.292439,1,5.834330,0.000000,19.989281
1.345000,5.802069,0.788109,3.940113,-0.260086,1,5.834330,0.000000,19.989281
1.346000,5.806008,0.787865,3.938488,-0.227641,1,5.834330,0.000000,19.989281
1.347000,5.809946,0.787653,3.937072,-0.195114,1,5.834330,0.000000,19.989281
1.348000,5.813882,0.787475,3.935865,-0.162517,1,5.834330,0.000000,19.989281
1.349000,5.817817,0.787328,3.934868,-0.129862,1,5.834330,0.000000,19.989281
1.350000,5.821752,0.787215,3.934083,-0.097160,1,5.834330,0.000000,19.989281
1.351000,5.825686,0.787134,3.933510,-0.064423,1,5.834330,0.000000,19.989281
1.352000,5.829619,0.787086,3.933148,-0.031662,1,5.834330,0.000000,19.989281
1.353000,5.833552,0.787071,3.933000,0.001111,1,5.834330,0.000000,19.989281
1.354000,5.837485,0.787088,3.933064,0.033886,1,5.834330,0.000000,19.989281
1.355000,5.841418,0.787138,3.933341,0.066649,1,5.834330,0.000000,19.989281
1.356000,5.845352,0.787221,3.933831,0.099390,1,5.834330,0.000000,19.989281
1.357000,5.849286,0.787337,3.934532,0.132098,1,5.834330,0.000000,19.989281
1.358000,5.853221,0.787486,3.935445,0.164759,1,5.834330,0.000000,19.989281
1.359000,5.857157,0.787667,3.936568,0.197364,1,5.834330,0.000000,19.989281
1.360000,5.861094,0.787880,3.937901,0.229901,1,5.834330,0.000000,19.989281
1.361000,5.865033,0.788126,3.939442,0.262358,1,5.834330,0.000000,19.989281
1.362000,5.868973,0.788405,3.941190,0.294723,1,5.834330,0.000000,19.989281
1.363000,5.872915,0.788716,3.943144,0.326986,1,5.834330,0.000000,19.989281
1.364000,5.876859,0.789059,3.945301,0.359136,1,5.834330,0.000000,19.989281
1.365000,5.880806,0.789434,3.947659,0.391159,1,5.834330,0.000000,19.989281
1.366000,5.884755,0.789841,3.950218,0.423047,1,5.834330,0.000000,19.989281
1.367000,5.888706,0.790280,3.952974,0.454786,1,5.834330,0.000000,19.989281
1.368000,5.892661,0.790751,3.955924,0.486367,1,5.834330,0.000000,19.989281
1.369000,5.896618,0.791253,3.959067,0.517779,1,5.834330,0.000000,19.989281
1.370000,5.900579,0.791786,3.962399,0.549009,1,5.834330,0.000000,19.989281
1.371000,5.904543,0.792351,3.965918,0.580048,1,5.834330,0.000000,19.989281
1.372000,5.908511,0.792946,3.969620,0.610884,1,5.834330,0.000000,19.989281
1.373000,5.912482,0.793573,3.973502,0.641507,1,5.834330,0.000000,19.989281
1.374000,5.916458,0.794229,3.977561,0.671906,1,5.834330,0.000000,19.989281
1.375000,5.920438,0.794916,3.981793,0.702070,1,5.834330,0.000000,19.989281
1.376000,5.924422,0.795633,3.986194,0.731989,1,5.834330,0.000000,19.989281
1.377000,5.928410,0.796380,3.990760,0.761653,1,5.834330,0.000000,19.989281
1.378000,5.932403,0.797157,3.995488,0.791052,1,5.834330,0.000000,19.989281
1.379000,5.936401,0.797962,4.000373,0.820174,1,5.834330,0.000000,19.989281
1.380000,5.940404,0.798797,4.005410,0.849011,1,5.834330,0.000000,19.989281
1.381000,5.944412,0.799660,4.010596,0.877551,1,5.834330,0.000000,19.989281
1.382000,5.948425,0.800552,4.015926,0.905786,1,5.834330,0.000000,19.989281
1.383000,5.952444,0.801472,4.021394,0.933706,1,5.834330,0.000000,19.989281
1.384000,5.956468,0.802419,4.026997,0.961300,1,5.834330,0.000000,19.989281
1.385000,5.960498,0.803394,4.032729,0.988560,1,5.834330,0.000000,19.989281
1.386000,5.964534,0.804396,4.038585,1.015476,1,5.834330,0.000000,19.989281
1.387000,5.968575,0.805425,4.044560,1.042040,1,5.834330,0.000000,19.989281
1.388000,5.972623,0.806480,4.050649,1.068240,1,5.834330,0.000000,19.989281
1.389000,5.976676,0.807561,4.056845,1.094070,1,5.834330,0.000000,19.989281
1.390000,5.980736,0.808668,4.063144,1.119520,1,5.834330,0.000000,19.989281
1.391000,5.984803,0.809800,4.069541,1.144582,1,5.834330,0.000000,19.989281
1.392000,5.988876,0.810957,4.076028,1.169246,1,5.834330,0.000000,19.989281
1.393000,5.992955,0.812138,4.082602,1.193504,1,5.834330,0.000000,19.989281
1.394000,5.997041,0.813344,4.089255,1.217349,1,5.834330,0.000000,19.989281
1.395000,6.001133,0.814573,4.095981,1.240773,1,5.834330,0.000000,19.989281
1.396000,6.005233,0.815825,4.102776,1.263766,1,5.834330,0.000000,19.989281
1.397000,6.009339,0.817100,4.109632,1.286322,1,5.834330,0.000000,19.989281
1.398000,6.013452,0.818398,4.116543,1.308433,1,5.834330,0.000000,19.989281
1.399000,6.017572,0.819717,4.123504,1.330091,1,5.834330,0.000000,19.989281
1.400000,6.021699,0.821058,4.130508,1.351289,1,5.834330,0.000000,19.989281
1.401000,6.025833,0.822420,4.137548,1.372020,1,5.834330,0.000000,19.989281
1.402000,6.029974,0.823802,4.144619,1.392276,1,5.834330,0.000000,19.989281
1.403000,6.034122,0.825204,4.151713,1.412052,1,5.834330,0.000000,19.989281
1.404000,6.038278,0.826626,4.158825,1.431340,1,5.834330,0.000000,19.989281
1.405000,6.042440,0.828066,4.165948,1.450134,1,5.834330,0.000000,19.989281
1.406000,6.046610,0.829526,4.173075,1.468428,1,5.834330,0.000000,19.989281
1.407000,6.050786,0.831003,4.180201,1.486215,1,5.834330,0.000000,19.989281
1.408000,6.054970,0.832498,4.187317,1.503489,1,5.834330,0.000000,19.989281
1.409000,6.059161,0.834010,4.194418,1.520244,1,5.834330,0.000000,19.989281
1.410000,6.063359,0.835538,4.201497,1.536476,1,5.834330,0.000000,19.989281
1.411000,6.067564,0.837083,4.208547,1.552177,1,5.834330,0.000000,19.989281
1.412000,6.071776,0.838643,4.215562,1.567343,1,5.834330,0.000000,19.989281
1.413000,6.075995,0.840217,4.222536,1.581969,1,5.834330,0.000000,19.989281
1.414000,6.080221,0.841806,4.229460,1.596050,1,5.834330,0.000000,19.989281
1.415000,6.084454,0.843409,4.236330,1.609581,1,5.834330,0.000000,19.989281
1.416000,6.088694,0.845025,4.243138,1.622556,1,5.834330,0.000000,19.989281
1.417000,6.092940,0.846654,4.249877,1.634973,1,5.834330,0.000000,19.989281
1.418000,6.097193,0.848295,4.256542,1.646825,1,5.834330,0.000000,19.989281
1.419000,6.101453,0.849948,4.263125,1.658110,1,5.834330,0.000000,19.989281
1.420000,6.105719,0.851611,4.269620,1.668823,1,5.834330,0.000000,19.989281
1.421000,6.109992,0.853285,4.276020,1.678960,1,5.834330,0.000000,19.989281
1.422000,6.114271,0.854969,4.282319,1.688518,1,5.834330,0.000000,19.989281
1.423000,6.118557,0.856662,4.288511,1.697493,1,5.834330,0.000000,19.989281
1.424000,6.122848,0.858364,4.294588,1.705881,1,5.834330,0.000000,19.989281
1.425000,6.127146,0.860073,4.300545,1.713681,1,5.834330,0.000000,19.989281
1.426000,6.131450,0.861791,4.306375,1.720888,1,5.834330,0.000000,19.989281
1.427000,6.135759,0.863515,4.312072,1.727499,1,5.834330,0.000000,19.989281
1.428000,6.140074,0.865246,4.317629,1.733513,1,5.834330,0.000000,19.989281
1.429000,6.144394,0.866982,4.323041,1.738927,1,5.834330,0.000000,19.989281
1.430000,6.148720,0.868723,4.328301,1.743738,1,5.834330,0.000000,19.989281
1.431000,6.153051,0.870469,4.333403,1.747944,1,5.834330,0.000000,19.989281
1.432000,6.157386,0.872219,4.338341,1.751543,1,5.834330,0.000000,19.989281
1.433000,6.161727,0.873972,4.343109,1.754534,1,5.834330,0.000000,19.989281
1.434000,6.166073,0.875728,4.347701,1.756914,1,5.834330,0.000000,19.989281
1.435000,6.170422,0.877486,4.352111,1.758682,1,5.834330,0.000000,19.989281
1.436000,6.174777,0.879245,4.356333,1.759837,1,5.834330,0.000000,19.989281
1.437000,6.179135,0.881005,4.360362,1.760377,1,5.834330,0.000000,19.989281
1.438000,6.183497,0.882765,4.364193,1.760302,1,5.834330,0.000000,19.989281
1.439000,6.187863,0.884525,4.367818,1.759611,1,5.834330,0.000000,19.989281
1.440000,6.192233,0.886284,4.371233,1.758303,1,5.834330,0.000000,19.989281
1.441000,6.196606,0.888042,4.374433,1.756377,1,5.834330,0.000000,19.989281
1.442000,6.200982,0.889797,4.377412,1.753833,1,5.834330,0.000000,19.989281
1.443000,6.205361,0.891549,4.380165,1.750671,1,5.834330,0.000000,19.989281
1.444000,6.209742,0.893298,4.382686,1.746890,1,5.834330,0.000000,19.989281
1.445000,6.214126,0.895043,4.384971,1.742491,1,5.834330,0.000000,19.989281
1.446000,6.218512,0.896783,4.387014,1.737474,1,5.834330,0.000000,19.989281
1.447000,6.222900,0.898518,4.388811,1.731839,1,5.834330,0.000000,19.989281
1.448000,6.227289,0.900246,4.390357,1.725586,1,5.834330,0.000000,19.989281
1.449000,6.231680,0.901969,4.391646,1.718717,1,5.834330,0.000000,19.989281
1.450000,6.236073,0.903684,4.392675,1.711233,1,5.834330,0.000000,19.989281
1.451000,6.240466,0.905391,4.393439,1.703133,1,5.834330,0.000000,19.989281
1.452000,6.244859,0.907090,4.393933,1.694420,1,5.834330,0.000000,19.989281
1.453000,6.249253,0.908780,4.394152,1.685094,1,5.834330,0.000000,19.989281
1.454000,6.253648,0.910460,4.394094,1.675157,0,6.670673,0.001565,19.988715
1.455000,6.258042,0.912130,4.394094,1.665347,0,6.675067,0.003235,19.988715
1.456000,6.262436,0.913790,4.394094,1.655537,0,6.679461,0.004896,19.988715
1.457000,6.266830,0.915441,4.394094,1.645727,0,6.683855,0.006546,19.988715
1.458000,6.271224,0.917082,4.394094,1.635917,0,6.688249,0.008187,19.988715
1.459000,6.275618,0.918713,4.394094,1.626107,0,6.692643,0.009818,19.988715
1.460000,6.280012,0.920334,4.394094,1.616297,0,6.697037,0.011439,19.988715
1.461000,6.284406,0.921945,4.394094,1.606487,0,6.701432,0.013051,19.988715
1.462000,6.288800,0.923547,4.394094,1.596677,0,6.705826,0.014652,19.988715
1.463000,6.293194,0.925139,4.394094,1.586867,0,6.710220,0.016244,19.988715
1.464000,6.297589,0.926721,4.394094,1.577057,0,6.714614,0.017826,19.988715
1.465000,6.301983,0.928293,4.394094,1.567247,0,6.719008,0.019398,19.988715
1.466000,6.306377,0.929855,4.394094,1.557437,0,6.723402,0.020960,19.988715
1.467000,6.310771,0.931408,4.394094,1.547627,0,6.727796,0.022513,19.988715
1.468000,6.315165,0.932950,4.394094,1.537817,0,6.732190,0.024056,19.988715
1.469000,6.319559,0.934483,4.394094,1.528007,0,6.736584,0.025589,19.988715
1.470000,6.323953,0.936007,4.394094,1.518197,0,6.740978,0.027112,19.988715
1.471000,6.328347,0.937520,4.394094,1.508387,0,6.745372,0.028625,19.988715
1.472000,6.332741,0.939023,4.394094,1.498577,0,6.749767,0.030128,19.988715
1.473000,6.337135,0.940517,4.394094,1.488767,0,6.754161,0.031622,19.988715
1.474000,6.341529,0.942001,4.394094,1.478957,0,6.758555,0.033106,19.988715
1.475000,6.345924,0.943475,4.394094,1.469147,0,6.762949,0.034580,19.988715
1.476000,6.350318,0.944939,4.394094,1.459337,0,6.767343,0.036044,19.988715
1.477000,6.354712,0.946394,4.394094,1.449527,0,6.771737,0.037499,19.988715
1.478000,6.359106,0.947838,4.394094,1.439717,0,6.776131,0.038943,19.988715
1.479000,6.363500,0.949273,4.394094,1.429907,0,6.780525,0.040378,19.988715
1.480000,6.367894,0.950698,4.394094,1.420097,0,6.784919,0.041803,19.988715
1.481000,6.372288,0.952113,4.394094,1.410287,0,6.789313,0.043218,19.988715
1.482000,6.376682,0.953519,4.394094,1.400477,0,6.793708,0.044624,19.988715
1.483000,6.381076,0.954914,4.394094,1.390667,0,6.798102,0.046019,19.988715
1.484000,6.385470,0.956300,4.394094,1.380857,0,6.802496,0.047405,19.988715
1.485000,6.389864,0.957676,4.394094,1.371047,0,6.806890,0.048781,19.988715
1.486000,6.394259,0.959042,4.394094,1.361237,0,6.811284,0.050147,19.988715
1.487000,6.398653,0.960398,4.394094,1.351427,0,6.815678,0.051503,19.988715
1.488000,6.403047,0.961745,4.394094,1.341617,0,6.820072,0.052850,19.988715
1.489000,6.407441,0.963082,4.394094,1.331807,0,6.824466,0.054187,19.988715
1.490000,6.411835,0.964408,4.394094,1.321997,0,6.828860,0.055514,19.988715
1.491000,6.416229,0.965726,4.394094,1.312187,0,6.833254,0.056831,19.988715
1.492000,6.420623,0.967033,4.394094,1.302377,0,6.837648,0.058138,19.988715
1.493000,6.425017,0.968330,4.394094,1.292567,0,6.842043,0.059435,19.988715
1.494000,6.429411,0.969618,4.394094,1.282757,0,6.846437,0.060723,19.988715
1.495000,6.433805,0.970896,4.394094,1.272947,0,6.850831,0.062001,19.988715
1.496000,6.438200,0.972164,4.394094,1.263137,0,6.855225,0.063269,19.988715
1.497000,6.442594,0.973422,4.394094,1.253327,0,6.859619,0.064527,19.988715
1.498000,6.446988,0.974670,4.394094,1.243517,0,6.864013,0.065776,19.988715
1.499000,6.451382,0.975909,4.394094,1.233707,0,6.868407,0.067014,19.988715
1.500000,6.455776,0.977138,4.394094,1.223897,0,6.872801,0.068243,19.988715
1.501000,6.460170,0.978357,4.394094,1.214087,0,6.877195,0.069462,19.988715
1.502000,6.464564,0.979566,4.394094,1.204277,0,6.881589,0.070671,19.988715
1.503000,6.468958,0.980765,4.394094,1.194467,0,6.885983,0.071871,19.988715
1.504000,6.473352,0.981955,4.394094,1.184657,0,6.890378,0.073060,19.988715
1.505000,6.477746,0.983135,4.394094,1.174847,0,6.894772,0.074240,19.988715
1.506000,6.482140,0.984305,4.394094,1.165037,0,6.899166,0.075410,19.988715
1.507000,6.486535,0.985465,4.394094,1.155227,0,6.903560,0.076570,19.988715
1.508000,6.490929,0.986615,4.394094,1.145417,0,6.907954,0.077720,19.988715
1.509000,6.495323,0.987756,4.394094,1.135607,0,6.912348,0.078861,19.988715
1.510000,6.499717,0.988886,4.394094,1.125797,0,6.916742,0.079992,19.988715
1.511000,6.504111,0.990007,4.394094,1.115987,0,6.921136,0.081112,19.988715
1.512000,6.508505,0.991118,4.394094,1.106177,0,6.925530,0.082223,19.988715
1.513000,6.512899,0.992220,4.394094,1.096367,0,6.929924,0.083325,19.988715
1.514000,6.517293,0.993311,4.394094,1.086557,0,6.934319,0.084416,19.988715
1.515000,6.521687,0.994393,4.394094,1.076747,0,6.938713,0.085498,19.988715
1.516000,6.526081,0.995465,4.394094,1.066937,0,6.943107,0.086570,19.988715
1.517000,6.530475,0.996527,4.394094,1.057127,0,6.947501,0.087632,19.988715
1.518000,6.534870,0.997579,4.394094,1.047317,0,6.951895,0.088684,19.988715
1.519000,6.539264,0.998621,4.394094,1.037507,0,6.956289,0.089726,19.988715
1.520000,6.543658,0.999654,4.394094,1.027697,0,6.960683,0.090759,19.988715
1.521000,6.548052,1.000677,4.394094,1.017887,0,6.965077,0.091782,19.988715
1.522000,6.552446,1.001690,4.394094,1.008077,0,6.969471,0.092795,19.988715
1.523000,6.556840,1.002693,4.394094,0.998267,0,6.973865,0.093798,19.988715
1.524000,6.561234,1.003686,4.394094,0.988457,0,6.978259,0.094791,19.988715
1.525000,6.565628,1.004670,4.394094,0.978647,0,6.982654,0.095775,19.988715
1.526000,6.570022,1.005643,4.394094,0.968837,0,6.987048,0.096749,19.988715
1.527000,6.574416,1.006607,4.394094,0.959027,0,6.991442,0.097713,19.988715
1.528000,6.578811,1.007561,4.394094,0.949217,0,6.995836,0.098667,19.988715
1.529000,6.583205,1.008506,4.394094,0.939407,0,7.000230,0.099611,19.988715
1.530000,6.587599,1.009440,4.394094,0.929597,0,7.004624,0.100545,19.988715
1.531000,6.591993,1.010365,4.394094,0.919787,0,7.009018,0.101470,19.988715
1.532000,6.596387,1.011280,4.394094,0.909977,0,7.013412,0.102385,19.988715
1.533000,6.600781,1.012185,4.394094,0.900167,0,7.017806,0.103290,19.988715
1.534000,6.605175,1.013080,4.394094,0.890357,0,7.022200,0.104185,19.988715
1.535000,6.609569,1.013966,4.394094,0.880547,0,7.026595,0.105071,19.988715
1.536000,6.613963,1.014841,4.394094,0.870737,0,7.030989,0.105946,19.988715
1.537000,6.618357,1.015707,4.394094,0.860927,0,7.035383,0.106812,19.988715
1.538000,6.622751,1.016563,4.394094,0.851117,0,7.039777,0.107668,19.988715
1.539000,6.627146,1.017409,4.394094,0.841307,0,7.044171,0.108515,19.988715
1.540000,6.631540,1.018246,4.394094,0.831497,0,7.048565,0.109351,19.988715
1.541000,6.635934,1.019072,4.394094,0.821687,0,7.052959,0.110178,19.988715
1.542000,6.640328,1.019889,4.394094,0.811877,0,7.057353,0.110994,19.988715
1.543000,6.644722,1.020696,4.394094,0.802067,0,7.061747,0.111801,19.988715
1.544000,6.649116,1.021493,4.394094,0.792257,0,7.066141,0.112598,19.988715
1.545000,6.653510,1.022281,4.394094,0.782447,0,7.070535,0.113386,19.988715
1.546000,6.657904,1.023058,4.394094,0.772637,0,7.074930,0.114163,19.988715
1.547000,6.662298,1.023826,4.394094,0.762827,0,7.079324,0.114931,19.988715
1.548000,6.666692,1.024584,4.394094,0.753017,0,7.083718,0.115689,19.988715
1.549000,6.671086,1.025332,4.394094,0.743207,0,7.088112,0.116437,19.988715
1.550000,6.675481,1.026070,4.394094,0.733397,0,7.092506,0.117175,19.988715
1.551000,6.679875,1.026799,4.394094,0.723587,0,7.096900,0.117904,19.988715
1.552000,6.684269,1.027517,4.394094,0.713777,0,7.101294,0.118623,19.988715
1.553000,6.688663,1.028226,4.394094,0.703967,0,7.105688,0.119331,19.988715
1.554000,6.693057,1.028925,4.394094,0.694157,0,7.110082,0.120030,19.988715
1.555000,6.697451,1.029615,4.394094,0.684347,0,7.114476,0.120720,19.988715
1.556000,6.701845,1.030294,4.394094,0.674537,0,7.118870,0.121399,19.988715
1.557000,6.706239,1.030964,4.394094,0.664727,0,7.123265,0.122069,19.988715
1.558000,6.710633,1.031624,4.394094,0.654917,0,7.127659,0.122729,19.988715
1.559000,6.715027,1.032274,4.394094,0.645107,0,7.132053,0.123379,19.988715
1.560000,6.719422,1.032914,4.394094,0.635297,0,7.136447,0.124019,19.988715
1.561000,6.723816,1.033544,4.394094,0.625487,0,7.140841,0.124649,19.988715
1.562000,6.728210,1.034165,4.394094,0.615677,0,7.145235,0.125270,19.988715
1.563000,6.732604,1.034775,4.394094,0.605867,0,7.149629,0.125881,19.988715
1.564000,6.736998,1.035376,4.394094,0.596057,0,7.154023,0.126482,19.988715
1.565000,6.741392,1.035968,4.394094,0.586247,0,7.158417,0.127073,19.988715
1.566000,6.745786,1.036549,4.394094,0.576437,0,7.162811,0.127654,19.988715
1.567000,6.750180,1.037120,4.394094,0.566627,0,7.167206,0.128226,19.988715
1.568000,6.754574,1.037682,4.394094,0.556817,0,7.171600,0.128787,19.988715
1.569000,6.758968,1.038234,4.394094,0.547007,0,7.175994,0.129339,19.988715
1.570000,6.763362,1.038776,4.394094,0.537197,0,7.180388,0.129881,19.988715
1.571000,6.767757,1.039308,4.394094,0.527387,0,7.184782,0.130414,19.988715
1.572000,6.772151,1.039831,4.394094,0.517577,0,7.189176,0.130936,19.988715
1.573000,6.776545,1.040344,4.394094,0.507767,0,7.193570,0.131449,19.988715
1.574000,6.780939,1.040846,4.394094,0.497957,0,7.197964,0.131952,19.988715
1.575000,6.785333,1.041340,4.394094,0.488147,0,7.202358,0.132445,19.988715
1.576000,6.789727,1.041823,4.394094,0.478337,0,7.206752,0.132928,19.988715
1.577000,6.794121,1.042296,4.394094,0.468527,0,7.211146,0.133401,19.988715
1.578000,6.798515,1.042760,4.394094,0.458717,0,7.215541,0.133865,19.988715
1.579000,6.802909,1.043214,4.394094,0.448907,0,7.219935,0.134319,19.988715
1.580000,6.807303,1.043658,4.394094,0.439097,0,7.224329,0.134763,19.988715
1.581000,6.811698,1.044092,4.394094,0.429287,0,7.228723,0.135197,19.988715
1.582000,6.816092,1.044516,4.394094,0.419477,0,7.233117,0.135621,19.988715
1.583000,6.820486,1.044931,4.394094,0.409667,0,7.237511,0.136036,19.988715
1.584000,6.824880,1.045336,4.394094,0.399857,0,7.241905,0.136441,19.988715
1.585000,6.829274,1.045731,4.394094,0.390047,0,7.246299,0.136836,19.988715
1.586000,6.833668,1.046116,4.394094,0.380237,0,7.250693,0.137221,19.988715
1.587000,6.838062,1.046491,4.394094,0.370427,0,7.255087,0.137596,19.988715
1.588000,6.842456,1.046857,4.394094,0.360617,0,7.259481,0.137962,19.988715
1.589000,6.846850,1.047212,4.394094,0.350807,0,7.263876,0.138317,19.988715
1.590000,6.851244,1.047558,4.394094,0.340997,0,7.268270,0.138663,19.988715
1.591000,6.855638,1.047894,4.394094,0.331187,0,7.272664,0.138999,19.988715
1.592000,6.860033,1.048220,4.394094,0.321377,0,7.277058,0.139326,19.988715
1.593000,6.864427,1.048537,4.394094,0.311567,0,7.281452,0.139642,19.988715
1.594000,6.868821,1.048844,4.394094,0.301757,0,7.285846,0.139949,19.988715
1.595000,6.873215,1.049140,4.394094,0.291947,0,7.290240,0.140246,19.988715
1.596000,6.877609,1.049428,4.394094,0.282137,0,7.294634,0.140533,19.988715
1.597000,6.882003,1.049705,4.394094,0.272327,0,7.299028,0.140810,19.988715
1.598000,6.886397,1.049972,4.394094,0.262517,0,7.303422,0.141077,19.988715
1.599000,6.890791,1.050230,4.394094,0.252707,0,7.307817,0.141335,19.988715
1.600000,6.895185,1.050478,4.394094,0.242897,0,7.312211,0.141583,19.988715
1.601000,6.899579,1.050716,4.394094,0.233087,0,7.316605,0.141821,19.988715
1.602000,6.903973,1.050944,4.394094,0.223277,0,7.320999,0.142049,19.988715
1.603000,6.908368,1.051162,4.394094,0.213467,0,7.325393,0.142267,19.988715
1.604000,6.912762,1.051371,4.394094,0.203657,0,7.329787,0.142476,19.988715
1.605000,6.917156,1.051569,4.394094,0.193847,0,7.334181,0.142675,19.988715
1.606000,6.921550,1.051758,4.394094,0.184037,0,7.338575,0.142864,19.988715
1.607000,6.925944,1.051938,4.394094,0.174227,0,7.342969,0.143043,19.988715
1.608000,6.930338,1.052107,4.394094,0.164417,0,7.347363,0.143212,19.988715
1.609000,6.934732,1.052266,4.394094,0.154607,0,7.351757,0.143371,19.988715
1.610000,6.939126,1.052416,4.394094,0.144797,0,7.356152,0.143521,19.988715
1.611000,6.943520,1.052556,4.394094,0.134987,0,7.360546,0.143661,19.988715
1.612000,6.947914,1.052686,4.394094,0.125177,0,7.364940,0.143791,19.988715
1.613000,6.952309,1.052806,4.394094,0.115367,0,7.369334,0.143911,19.988715
1.614000,6.956703,1.052917,4.394094,0.105557,0,7.373728,0.144022,19.988715
1.615000,6.961097,1.053017,4.394094,0.095747,0,7.378122,0.144123,19.988715
1.616000,6.965491,1.053108,4.394094,0.085937,0,7.382516,0.144213,19.988715
1.617000,6.969885,1.053189,4.394094,0.076127,0,7.386910,0.144294,19.988715
1.618000,6.974279,1.053261,4.394094,0.066317,0,7.391304,0.144366,19.988715
1.619000,6.978673,1.053322,4.394094,0.056507,0,7.395698,0.144427,19.988715
1.620000,6.983067,1.053374,4.394094,0.046697,0,7.400092,0.144479,19.988715
1.621000,6.987461,1.053415,4.394094,0.036887,0,7.404487,0.144520,19.988715
1.622000,6.991855,1.053447,4.394094,0.027077,0,7.408881,0.144552,19.988715
1.623000,6.996249,1.053469,4.394094,0.017267,0,7.413275,0.144575,19.988715
1.624000,7.000644,1.053482,4.394094,0.007457,0,7.417669,0.144587,19.988715
1.625000,7.005038,1.053484,4.394094,-0.002353,0,7.422063,0.144590,19.988715
1.626000,7.009432,1.053477,4.394094,-0.012163,0,7.426457,0.144582,19.988715
1.627000,7.013826,1.053460,4.394094,-0.021973,0,7.430851,0.144565,19.988715
1.628000,7.018220,1.053433,4.394094,-0.031783,0,7.435245,0.144538,19.988715
1.629000,7.022614,1.053396,4.394094,-0.041593,0,7.439639,0.144502,19.988715
1.630000,7.027008,1.053350,4.394094,-0.051403,0,7.444033,0.144455,19.988715
1.631000,7.031402,1.053294,4.394094,-0.061213,0,7.448428,0.144399,19.988715
1.632000,7.035796,1.053228,4.394094,-0.071023,0,7.452822,0.144333,19.988715
1.633000,7.040190,1.053152,4.394094,-0.080833,0,7.457216,0.144257,19.988715
1.634000,7.044584,1.053066,4.394094,-0.090643,0,7.461610,0.144171,19.988715
1.635000,7.048979,1.052970,4.394094,-0.100453,0,7.466004,0.144075,19.988715
1.636000,7.053373,1.052865,4.394094,-0.110263,0,7.470398,0.143970,19.988715
1.637000,7.057767,1.052750,4.394094,-0.120073,0,7.474792,0.143855,19.988715
1.638000,7.062161,1.052625,4.394094,-0.129883,0,7.479186,0.143730,19.988715
1.639000,7.066555,1.052490,4.394094,-0.139693,0,7.483580,0.143595,19.988715
1.640000,7.070949,1.052345,4.394094,-0.149503,0,7.487974,0.143451,19.988715
1.641000,7.075343,1.052191,4.394094,-0.159313,0,7.492368,0.143296,19.988715
1.642000,7.079737,1.052027,4.394094,-0.169123,0,7.496763,0.143132,19.988715
1.643000,7.084131,1.051853,4.394094,-0.178933,0,7.501157,0.142958,19.988715
1.644000,7.088525,1.051669,4.394094,-0.188743,0,7.505551,0.142774,19.988715
1.645000,7.092920,1.051475,4.394094,-0.198553,0,7.509945,0.142580,19.988715
1.646000,7.097314,1.051272,4.394094,-0.208363,0,7.514339,0.142377,19.988715
1.647000,7.101708,1.051059,4.394094,-0.218173,0,7.518733,0.142164,19.988715
1.648000,7.106102,1.050836,4.394094,-0.227983,0,7.523127,0.141941,19.988715
1.649000,7.110496,1.050603,4.394094,-0.237793,0,7.527521,0.141708,19.988715
1.650000,7.114890,1.050360,4.394094,-0.247603,0,7.531915,0.141465,19.988715
1.651000,7.119284,1.050107,4.394094,-0.257413,0,7.536309,0.141213,19.988715
1.652000,7.123678,1.049845,4.394094,-0.267223,0,7.540703,0.140950,19.988715
1.653000,7.128072,1.049573,4.394094,-0.277033,0,7.545098,0.140678,19.988715
1.654000,7.132466,1.049291,4.394094,-0.286843,0,7.549492,0.140396,19.988715
1.655000,7.136860,1.048999,4.394094,-0.296653,0,7.553886,0.140104,19.988715
1.656000,7.141255,1.048698,4.394094,-0.306463,0,7.558280,0.139803,19.988715
1.657000,7.145649,1.048386,4.394094,-0.316273,0,7.562674,0.139491,19.988715
1.658000,7.150043,1.048065,4.394094,-0.326083,0,7.567068,0.139170,19.988715
1.659000,7.154437,1.047734,4.394094,-0.335893,0,7.571462,0.138839,19.988715
1.660000,7.158831,1.047393,4.394094,-0.345703,0,7.575856,0.138499,19.988715
1.661000,7.163225,1.047043,4.394094,-0.355513,0,7.580250,0.138148,19.988715
1.662000,7.167619,1.046682,4.394094,-0.365323,0,7.584644,0.137787,19.988715
1.663000,7.172013,1.046312,4.394094,-0.375133,0,7.589039,0.137417,19.988715
1.664000,7.176407,1.045932,4.394094,-0.384943,0,7.593433,0.137037,19.988715
1.665000,7.180801,1.045542,4.394094,-0.394753,0,7.597827,0.136647,19.988715
1.666000,7.185195,1.045143,4.394094,-0.404563,0,7.602221,0.136248,19.988715
1.667000,7.189590,1.044733,4.394094,-0.414373,0,7.606615,0.135838,19.988715
1.668000,7.193984,1.044314,4.394094,-0.424183,0,7.611009,0.135419,19.988715
1.669000,7.198378,1.043885,4.394094,-0.433993,0,7.615403,0.134990,19.988715
1.670000,7.202772,1.043446,4.394094,-0.443803,0,7.619797,0.134551,19.988715
1.671000,7.207166,1.042997,4.394094,-0.453613,0,7.624191,0.134102,19.988715
1.672000,7.211560,1.042539,4.394094,-0.463423,0,7.628585,0.133644,19.988715
1.673000,7.215954,1.042070,4.394094,-0.473233,0,7.632979,0.133175,19.988715
1.674000,7.220348,1.041592,4.394094,-0.483043,0,7.637374,0.132697,19.988715
1.675000,7.224742,1.041104,4.394094,-0.492853,0,7.641768,0.132209,19.988715
1.676000,7.229136,1.040606,4.394094,-0.502663,0,7.646162,0.131712,19.988715
1.677000,7.233531,1.040099,4.394094,-0.512473,0,7.650556,0.131204,19.988715
1.678000,7.237925,1.039582,4.394094,-0.522283,0,7.654950,0.130687,19.988715
1.679000,7.242319,1.039054,4.394094,-0.532093,0,7.659344,0.130159,19.988715
1.680000,7.246713,1.038517,4.394094,-0.541903,0,7.663738,0.129622,19.988715
1.681000,7.251107,1.037971,4.394094,-0.551713,0,7.668132,0.129076,19.988715
1.682000,7.255501,1.037414,4.394094,-0.561523,0,7.672526,0.128519,19.988715
1.683000,7.259895,1.036847,4.394094,-0.571333,0,7.676920,0.127953,19.988715
1.684000,7.264289,1.036271,4.394094,-0.581143,0,7.681314,0.127376,19.988715
1.685000,7.268683,1.035685,4.394094,-0.590953,0,7.685709,0.126790,19.988715
1.686000,7.273077,1.035089,4.394094,-0.600763,0,7.690103,0.126194,19.988715
1.687000,7.277471,1.034484,4.394094,-0.610573,0,7.694497,0.125589,19.988715
1.688000,7.281866,1.033868,4.394094,-0.620383,0,7.698891,0.124973,19.988715
1.689000,7.286260,1.033243,4.394094,-0.630193,0,7.703285,0.124348,19.988715
1.690000,7.290654,1.032608,4.394094,-0.640003,0,7.707679,0.123713,19.988715
1.691000,7.295048,1.031963,4.394094,-0.649813,0,7.712073,0.123068,19.988715
1.692000,7.299442,1.031308,4.394094,-0.659623,0,7.716467,0.122413,19.988715
1.693000,7.303836,1.030644,4.394094,-0.669433,0,7.720861,0.121749,19.988715
1.694000,7.308230,1.029969,4.394094,-0.679243,0,7.725255,0.121074,19.988715
1.695000,7.312624,1.029285,4.394094,-0.689053,0,7.729650,0.120390,19.988715
1.696000,7.317018,1.028591,4.394094,-0.698863,0,7.734044,0.119696,19.988715
1.697000,7.321412,1.027887,4.394094,-0.708673,0,7.738438,0.118993,19.988715
1.698000,7.325806,1.027174,4.394094,-0.718483,0,7.742832,0.118279,19.988715
1.699000,7.330201,1.026450,4.394094,-0.728293,0,7.747226,0.117556,19.988715
1.700000,7.334595,1.025717,4.394094,-0.738103,0,7.751620,0.116822,19.988715
1.701000,7.338989,1.024974,4.394094,-0.747913,0,7.756014,0.116079,19.988715
1.702000,7.343383,1.024221,4.394094,-0.757723,0,7.760408,0.115327,19.988715
1.703000,7.347777,1.023459,4.394094,-0.767533,0,7.764802,0.114564,19.988715
1.704000,7.352171,1.022686,4.394094,-0.777343,0,7.769196,0.113792,19.988715
1.705000,7.356565,1.021904,4.394094,-0.787153,0,7.773590,0.113009,19.988715
1.706000,7.360959,1.021112,4.394094,-0.796963,0,7.777985,0.112217,19.988715
1.707000,7.365353,1.020310,4.394094,-0.806773,0,7.782379,0.111415,19.988715
1.708000,7.369747,1.019499,4.394094,-0.816583,0,7.786773,0.110604,19.988715
1.709000,7.374142,1.018677,4.394094,-0.826393,0,7.791167,0.109782,19.988715
1.710000,7.378536,1.017846,4.394094,-0.836203,0,7.795561,0.108951,19.988715
1.711000,7.382930,1.017005,4.394094,-0.846013,0,7.799955,0.108110,19.988715
1.712000,7.387324,1.016154,4.394094,-0.855823,0,7.804349,0.107259,19.988715
1.713000,7.391718,1.015293,4.394094,-0.865633,0,7.808743,0.106398,19.988715
1.714000,7.396112,1.014422,4.394094,-0.875443,0,7.813137,0.105528,19.988715
1.715000,7.400506,1.013542,4.394094,-0.885253,0,7.817531,0.104647,19.988715
1.716000,7.404900,1.012652,4.394094,-0.895063,0,7.821925,0.103757,19.988715
1.717000,7.409294,1.011752,4.394094,-0.904873,0,7.826320,0.102857,19.988715
1.718000,7.413688,1.010842,4.394094,-0.914683,0,7.830714,0.101947,19.988715
1.719000,7.418082,1.009923,4.394094,-0.924493,0,7.835108,0.101028,19.988715
1.720000,7.422477,1.008993,4.394094,-0.934303,0,7.839502,0.100098,19.988715
1.721000,7.426871,1.008054,4.394094,-0.944113,0,7.843896,0.099159,19.988715
1.722000,7.431265,1.007105,4.394094,-0.953923,0,7.848290,0.098210,19.988715
1.723000,7.435659,1.006146,4.394094,-0.963733,0,7.852684,0.097251,19.988715
1.724000,7.440053,1.005178,4.394094,-0.973543,0,7.857078,0.096283,19.988715
1.725000,7.444447,1.004199,4.394094,-0.983353,0,7.861472,0.095304,19.988715
1.726000,7.448841,1.003211,4.394094,-0.993163,0,7.865866,0.094316,19.988715
1.727000,7.453235,1.002213,4.394094,-1.002973,0,7.870261,0.093318,19.988715
1.728000,7.457629,1.001205,4.394094,-1.012783,0,7.874655,0.092310,19.988715
1.729000,7.462023,1.000187,4.394094,-1.022593,0,7.879049,0.091292,19.988715
1.730000,7.466417,0.999160,4.394094,-1.032403,0,7.883443,0.090265,19.988715
1.731000,7.470812,0.998122,4.394094,-1.042213,0,7.887837,0.089227,19.988715
1.732000,7.475206,0.997075,4.394094,-1.052023,0,7.892231,0.088180,19.988715
1.733000,7.479600,0.996018,4.394094,-1.061833,0,7.896625,0.087123,19.988715
1.734000,7.483994,0.994952,4.394094,-1.071643,0,7.901019,0.086057,19.988715
1.735000,7.488388,0.993875,4.394094,-1.081453,0,7.905413,0.084980,19.988715
1.736000,7.492782,0.992789,4.394094,-1.091263,0,7.909807,0.083894,19.988715
1.737000,7.497176,0.991693,4.394094,-1.101073,0,7.914201,0.082798,19.988715
1.738000,7.501570,0.990587,4.394094,-1.110883,0,7.918596,0.081692,19.988715
1.739000,7.505964,0.989471,4.394094,-1.120693,0,7.922990,0.080576,19.988715
1.740000,7.510358,0.988345,4.394094,-1.130503,0,7.927384,0.079450,19.988715
1.741000,7.514753,0.987210,4.394094,-1.140313,0,7.931778,0.078315,19.988715
1.742000,7.519147,0.986065,4.394094,-1.150123,0,7.936172,0.077170,19.988715
1.743000,7.523541,0.984909,4.394094,-1.159933,0,7.940566,0.076015,19.988715
1.744000,7.527935,0.983745,4.394094,-1.169743,0,7.944960,0.074850,19.988715
1.745000,7.532329,0.982570,4.394094,-1.179553,0,7.949354,0.073675,19.988715
1.746000,7.536723,0.981386,4.394094,-1.189363,0,7.953748,0.072491,19.988715
1.747000,7.541117,0.980191,4.394094,-1.199173,0,7.958142,0.071296,19.988715
1.748000,7.545511,0.978987,4.394094,-1.208983,0,7.962536,0.070092,19.988715
1.749000,7.549905,0.977773,4.394094,-1.218793,0,7.966931,0.068878,19.988715
1.750000,7.554299,0.976550,4.394094,-1.228603,0,7.971325,0.067655,19.988715
1.751000,7.558693,0.975316,4.394094,-1.238413,0,7.975719,0.066421,19.988715
1.752000,7.563088,0.974073,4.394094,-1.248223,0,7.980113,0.065178,19.988715
1.753000,7.567482,0.972820,4.394094,-1.258033,0,7.984507,0.063925,19.988715
1.754000,7.571876,0.971557,4.394094,-1.267843,0,7.988901,0.062662,19.988715
1.755000,7.576270,0.970284,4.394094,-1.277653,0,7.993295,0.061389,19.988715
1.756000,7.580664,0.969001,4.394094,-1.287463,0,7.997689,0.060107,19.988715
1.757000,7.585058,0.967709,4.394094,-1.297273,0,8.002083,0.058814,19.988715
1.758000,7.589452,0.966407,4.394094,-1.307083,0,8.006477,0.057512,19.988715
1.759000,7.593846,0.965095,4.394094,-1.316893,0,8.010872,0.056200,19.988715
1.760000,7.598240,0.963773,4.394094,-1.326703,0,8.015266,0.054878,19.988715
1.761000,7.602634,0.962441,4.394094,-1.336513,0,8.019660,0.053547,19.988715
1.762000,7.607028,0.961100,4.394094,-1.346323,0,8.024054,0.052205,19.988715
1.763000,7.611423,0.959749,4.394094,-1.356133,0,8.028448,0.050854,19.988715
1.764000,7.615817,0.958388,4.394094,-1.365943,0,8.032842,0.049493,19.988715
1.765000,7.620211,0.957017,4.394094,-1.375753,0,8.037236,0.048122,19.988715
1.766000,7.624605,0.955636,4.394094,-1.385563,0,8.041630,0.046741,19.988715
1.767000,7.628999,0.954246,4.394094,-1.395373,0,8.046024,0.045351,19.988715
1.768000,7.633393,0.952846,4.394094,-1.405183,0,8.050418,0.043951,19.988715
1.769000,7.637787,0.951435,4.394094,-1.414993,0,8.054812,0.042541,19.988715
1.770000,7.642181,0.950016,4.394094,-1.424803,0,8.059207,0.041121,19.988715
1.771000,7.646575,0.948586,4.394094,-1.434613,0,8.063601,0.039691,19.988715
1.772000,7.650969,0.947146,4.394094,-1.444423,0,8.067995,0.038251,19.988715
1.773000,7.655364,0.945697,4.394094,-1.454233,0,8.072389,0.036802,19.988715
1.774000,7.659758,0.944238,4.394094,-1.464043,0,8.076783,0.035343,19.988715
1.775000,7.664152,0.942769,4.394094,-1.473853,0,8.081177,0.033874,19.988715
1.776000,7.668546,0.941290,4.394094,-1.483663,0,8.085571,0.032395,19.988715
1.777000,7.672940,0.939802,4.394094,-1.493473,0,8.089965,0.030907,19.988715
1.778000,7.677334,0.938303,4.394094,-1.503283,0,8.094359,0.029408,19.988715
1.779000,7.681728,0.936795,4.394094,-1.513093,0,8.098753,0.027900,19.988715
1.780000,7.686122,0.935277,4.394094,-1.522903,0,8.103148,0.026382,19.988715
1.781000,7.690516,0.933749,4.394094,-1.532713,0,8.107542,0.024854,19.988715
1.782000,7.694910,0.932212,4.394094,-1.542523,0,8.111936,0.023317,19.988715
1.783000,7.699304,0.930664,4.394094,-1.552333,0,8.116330,0.021769,19.988715
1.784000,7.703699,0.929107,4.394094,-1.562143,0,8.120724,0.020212,19.988715
1.785000,7.708093,0.927540,4.394094,-1.571953,0,8.125118,0.018645,19.988715
1.786000,7.712487,0.925963,4.394094,-1.581763,0,8.129512,0.017068,19.988715
1.787000,7.716881,0.924376,4.394094,-1.591573,0,8.133906,0.015481,19.988715
1.788000,7.721275,0.922780,4.394094,-1.601383,0,8.138300,0.013885,19.988715
1.789000,7.725669,0.921174,4.394094,-1.611193,0,8.142694,0.012279,19.988715
1.790000,7.730063,0.919557,4.394094,-1.621003,0,8.147088,0.010663,19.988715
1.791000,7.734457,0.917932,4.394094,-1.630813,0,8.151483,0.009037,19.988715
1.792000,7.738851,0.916296,4.394094,-1.640623,0,8.155877,0.007401,19.988715
1.793000,7.743245,0.914650,4.394094,-1.650433,0,8.160271,0.005755,19.988715
1.794000,7.747639,0.912995,4.394094,-1.660243,0,8.164665,0.004100,19.988715
1.795000,7.752034,0.911330,4.394094,-1.670053,0,8.169059,0.002435,19.988715
1.796000,7.756428,0.909655,4.394094,-1.679863,0,8.173453,0.000760,19.988715
1.797000,7.760822,0.907970,4.394094,-1.689673,1,8.177423,0.000000,19.988819
1.798000,7.765216,0.906276,4.393870,-1.698992,1,8.177423,0.000000,19.988819
1.799000,7.769609,0.904572,4.393369,-1.707696,1,8.177423,0.000000,19.988819
1.800000,7.774002,0.902861,4.392597,-1.715786,1,8.177423,0.000000,19.988819
1.801000,7.778395,0.901141,4.391558,-1.723259,1,8.177423,0.000000,19.988819
1.802000,7.782785,0.899414,4.390256,-1.730115,1,8.177423,0.000000,19.988819
1.803000,7.787175,0.897681,4.388696,-1.736353,1,8.177423,0.000000,19.988819
1.804000,7.791563,0.895942,4.386883,-1.741972,1,8.177423,0.000000,19.988819
1.805000,7.795949,0.894197,4.384821,-1.746972,1,8.177423,0.000000,19.988819
1.806000,7.800332,0.892448,4.382516,-1.751352,1,8.177423,0.000000,19.988819
1.807000,7.804714,0.890695,4.379972,-1.755112,1,8.177423,0.000000,19.988819
1.808000,7.809092,0.888938,4.377196,-1.758253,1,8.177423,0.000000,19.988819
1.809000,7.813468,0.887178,4.374190,-1.760773,1,8.177423,0.000000,19.988819
1.810000,7.817841,0.885417,4.370962,-1.762674,1,8.177423,0.000000,19.988819
1.811000,7.822210,0.883653,4.367517,-1.763956,1,8.177423,0.000000,19.988819
1.812000,7.826575,0.881889,4.363859,-1.764620,1,8.177423,0.000000,19.988819
1.813000,7.830937,0.880124,4.359995,-1.764665,1,8.177423,0.000000,19.988819
1.814000,7.835295,0.878360,4.355930,-1.764093,1,8.177423,0.000000,19.988819
1.815000,7.839649,0.876596,4.351669,-1.762905,1,8.177423,0.000000,19.988819
1.816000,7.843999,0.874834,4.347219,-1.761102,1,8.177423,0.000000,19.988819
1.817000,7.848344,0.873074,4.342585,-1.758686,1,8.177423,0.000000,19.988819
1.818000,7.852684,0.871317,4.337773,-1.755658,1,8.177423,0.000000,19.988819
1.819000,7.857019,0.869563,4.332790,-1.752019,1,8.177423,0.000000,19.988819
1.820000,7.861349,0.867813,4.327640,-1.747772,1,8.177423,0.000000,19.988819
1.821000,7.865674,0.866068,4.322331,-1.742918,1,8.177423,0.000000,19.988819
1.822000,7.869994,0.864328,4.316868,-1.737460,1,8.177423,0.000000,19.988819
1.823000,7.874308,0.862593,4.311257,-1.731399,1,8.177423,0.000000,19.988819
1.824000,7.878616,0.860865,4.305505,-1.724739,1,8.177423,0.000000,19.988819
1.825000,7.882919,0.859144,4.299618,-1.717483,1,8.177423,0.000000,19.988819
1.826000,7.887216,0.857430,4.293602,-1.709631,1,8.177423,0.000000,19.988819
1.827000,7.891506,0.855725,4.287465,-1.701189,1,8.177423,0.000000,19.988819
1.828000,7.895790,0.854028,4.281211,-1.692159,1,8.177423,0.000000,19.988819
1.829000,7.900068,0.852341,4.274848,-1.682544,1,8.177423,0.000000,19.988819
1.830000,7.904340,0.850663,4.268382,-1.672348,1,8.177423,0.000000,19.988819
1.831000,7.908605,0.848996,4.261819,-1.661574,1,8.177423,0.000000,19.988819
1.832000,7.912864,0.847340,4.255167,-1.650227,1,8.177423,0.000000,19.988819
1.833000,7.917116,0.845696,4.248431,-1.638309,1,8.177423,0.000000,19.988819
1.834000,7.921361,0.844064,4.241619,-1.625827,1,8.177423,0.000000,19.988819
1.835000,7.925599,0.842444,4.234737,-1.612783,1,8.177423,0.000000,19.988819
1.836000,7.929830,0.840838,4.227791,-1.599182,1,8.177423,0.000000,19.988819
1.837000,7.934054,0.839246,4.220789,-1.585029,1,8.177423,0.000000,19.988819
1.838000,7.938272,0.837668,4.213737,-1.570329,1,8.177423,0.000000,19.988819
1.839000,7.942482,0.836106,4.206641,-1.555086,1,8.177423,0.000000,19.988819
1.840000,7.946685,0.834558,4.199508,-1.539307,1,8.177423,0.000000,19.988819
1.841000,7.950881,0.833027,4.192346,-1.522995,1,8.177423,0.000000,19.988819
1.842000,7.955070,0.831513,4.185160,-1.506158,1,8.177423,0.000000,19.988819
1.843000,7.959251,0.830015,4.177957,-1.488800,1,8.177423,0.000000,19.988819
1.844000,7.963425,0.828535,4.170744,-1.470927,1,8.177423,0.000000,19.988819
1.845000,7.967593,0.827073,4.163527,-1.452546,1,8.177423,0.000000,19.988819
1.846000,7.971752,0.825630,4.156313,-1.433662,1,8.177423,0.000000,19.988819
1.847000,7.975905,0.824206,4.149109,-1.414281,1,8.177423,0.000000,19.988819
1.848000,7.980051,0.822802,4.141921,-1.394412,1,8.177423,0.000000,19.988819
1.849000,7.984189,0.821418,4.134756,-1.374059,1,8.177423,0.000000,19.988819
1.850000,7.988320,0.820054,4.127620,-1.353230,1,8.177423,0.000000,19.988819
1.851000,7.992444,0.818711,4.120519,-1.331932,1,8.177423,0.000000,19.988819
1.852000,7.996561,0.817390,4.113460,-1.310171,1,8.177423,0.000000,19.988819
1.853000,8.000671,0.816091,4.106449,-1.287957,1,8.177423,0.000000,19.988819
1.854000,8.004774,0.814814,4.099492,-1.265294,1,8.177423,0.000000,19.988819
1.855000,8.008870,0.813561,4.092596,-1.242193,1,8.177423,0.000000,19.988819
1.856000,8.012959,0.812330,4.085767,-1.218659,1,8.177423,0.000000,19.988819
1.857000,8.017042,0.811124,4.079011,-1.194702,1,8.177423,0.000000,19.988819
1.858000,8.021117,0.809941,4.072333,-1.170328,1,8.177423,0.000000,19.988819
1.859000,8.025186,0.808783,4.065740,-1.145547,1,8.177423,0.000000,19.988819
1.860000,8.029249,0.807650,4.059237,-1.120367,1,8.177423,0.000000,19.988819
1.861000,8.033305,0.806542,4.052831,-1.094797,1,8.177423,0.000000,19.988819
1.862000,8.037355,0.805461,4.046526,-1.068844,1,8.177423,0.000000,19.988819
1.863000,8.041398,0.804405,4.040329,-1.042518,1,8.177423,0.000000,19.988819
1.864000,8.045435,0.803376,4.034245,-1.015828,1,8.177423,0.000000,19.988819
1.865000,8.049467,0.802373,4.028279,-0.988783,1,8.177423,0.000000,19.988819
1.866000,8.053492,0.801398,4.022436,-0.961392,1,8.177423,0.000000,19.988819
1.867000,8.057512,0.800451,4.016722,-0.933664,1,8.177423,0.000000,19.988819
1.868000,8.061525,0.799531,4.011141,-0.905609,1,8.177423,0.000000,19.988819
1.869000,8.065534,0.798640,4.005700,-0.877237,1,8.177423,0.000000,19.988819
1.870000,8.069537,0.797777,4.000401,-0.848557,1,8.177423,0.000000,19.988819
1.871000,8.073535,0.796942,3.995250,-0.819579,1,8.177423,0.000000,19.988819
1.872000,8.077527,0.796138,3.990252,-0.790314,1,8.177423,0.000000,19.988819
1.873000,8.081515,0.795362,3.985410,-0.760770,1,8.177423,0.000000,19.988819
1.874000,8.085498,0.794616,3.980730,-0.730958,1,8.177423,0.000000,19.988819
1.875000,8.089477,0.793900,3.976214,-0.700890,1,8.177423,0.000000,19.988819
1.876000,8.093451,0.793214,3.971868,-0.670574,1,8.177423,0.000000,19.988819
1.877000,8.097421,0.792559,3.967694,-0.640022,1,8.177423,0.000000,19.988819
1.878000,8.101386,0.791934,3.963697,-0.609244,1,8.177423,0.000000,19.988819
1.879000,8.105348,0.791341,3.959880,-0.578250,1,8.177423,0.000000,19.988819
1.880000,8.109306,0.790778,3.956247,-0.547052,1,8.177423,0.000000,19.988819
1.881000,8.113261,0.790247,3.952800,-0.515661,1,8.177423,0.000000,19.988819
1.882000,8.117212,0.789747,3.949542,-0.484086,1,8.177423,0.000000,19.988819
1.883000,8.121160,0.789278,3.946477,-0.452341,1,8.177423,0.000000,19.988819
1.884000,8.125105,0.788842,3.943607,-0.420434,1,8.177423,0.000000,19.988819
1.885000,8.129047,0.788438,3.940934,-0.388378,1,8.177423,0.000000,19.988819
1.886000,8.132987,0.788065,3.938461,-0.356184,1,8.177423,0.000000,19.988819
1.887000,8.136924,0.787725,3.936190,-0.323862,1,8.177423,0.000000,19.988819
1.888000,8.140859,0.787418,3.934124,-0.291425,1,8.177423,0.000000,19.988819
1.889000,8.144792,0.787143,3.932263,-0.258884,1,8.177423,0.000000,19.988819
1.890000,8.148724,0.786900,3.930609,-0.226249,1,8.177423,0.000000,19.988819
1.891000,8.152654,0.786690,3.929164,-0.193533,1,8.177423,0.000000,19.988819
1.892000,8.156582,0.786513,3.927929,-0.160747,1,8.177423,0.000000,19.988819
1.893000,8.160510,0.786369,3.926905,-0.127903,1,8.177423,0.000000,19.988819
1.894000,8.164436,0.786257,3.926093,-0.095011,1,8.177423,0.000000,19.988819
1.895000,8.168362,0.786179,3.925494,-0.062084,1,8.177423,0.000000,19.988819
1.896000,8.172287,0.786133,3.925108,-0.029133,1,8.177423,0.000000,19.988819
1.897000,8.176212,0.786120,3.924935,0.003831,1,8.177423,0.000000,19.988819
1.898000,8.180137,0.786141,3.924976,0.036795,1,8.177423,0.000000,19.988819
1.899000,8.184062,0.786194,3.925231,0.069748,1,8.177423,0.000000,19.988819
1.900000,8.187988,0.786280,3.925698,0.102679,1,8.177423,0.000000,19.988819
1.901000,8.191914,0.786399,3.926379,0.135576,1,8.177423,0.000000,19.988819
1.902000,8.195840,0.786551,3.927271,0.168428,1,8.177423,0.000000,19.988819
1.903000,8.199768,0.786736,3.928375,0.201222,1,8.177423,0.000000,19.988819
1.904000,8.203697,0.786954,3.929689,0.233948,1,8.177423,0.000000,19.988819
1.905000,8.207628,0.787204,3.931212,0.266594,1,8.177423,0.000000,19.988819
1.906000,8.211560,0.787487,3.932943,0.299149,1,8.177423,0.000000,19.988819
1.907000,8.215494,0.787802,3.934880,0.331600,1,8.177423,0.000000,19.988819
1.908000,8.219430,0.788150,3.937022,0.363938,1,8.177423,0.000000,19.988819
1.909000,8.223368,0.788530,3.939366,0.396150,1,8.177423,0.000000,19.988819
1.910000,8.227308,0.788942,3.941910,0.428225,1,8.177423,0.000000,19.988819
1.911000,8.231252,0.789386,3.944653,0.460152,1,8.177423,0.000000,19.988819
1.912000,8.235198,0.789862,3.947591,0.491920,1,8.177423,0.000000,19.988819
1.913000,8.239147,0.790370,3.950722,0.523517,1,8.177423,0.000000,19.988819
1.914000,8.243099,0.790909,3.954044,0.554934,1,8.177423,0.000000,19.988819
1.915000,8.247055,0.791480,3.957552,0.586158,1,8.177423,0.000000,19.988819
1.916000,8.251014,0.792082,3.961245,0.617179,1,8.177423,0.000000,19.988819
1.917000,8.254978,0.792714,3.965119,0.647986,1,8.177423,0.000000,19.988819
1.918000,8.258945,0.793378,3.969170,0.678569,1,8.177423,0.000000,19.988819
1.919000,8.262916,0.794071,3.973395,0.708917,1,8.177423,0.000000,19.988819
1.920000,8.266892,0.794795,3.977790,0.739019,1,8.177423,0.000000,19.988819
1.921000,8.270872,0.795549,3.982351,0.768865,1,8.177423,0.000000,19.988819
1.922000,8.274856,0.796333,3.987074,0.798444,1,8.177423,0.000000,19.988819
1.923000,8.278846,0.797146,3.991955,0.827747,1,8.177423,0.000000,19.988819
1.924000,8.282840,0.797988,3.996989,0.856763,1,8.177423,0.000000,19.988819
1.925000,8.286840,0.798860,4.002173,0.885483,1,8.177423,0.000000,19.988819
1.926000,8.290845,0.799759,4.007501,0.913896,1,8.177423,0.000000,19.988819
1.927000,8.294855,0.800687,4.012968,0.941993,1,8.177423,0.000000,19.988819
1.928000,8.298871,0.801643,4.018571,0.969764,1,8.177423,0.000000,19.988819
1.929000,8.302892,0.802627,4.024303,0.997200,1,8.177423,0.000000,19.988819
1.930000,8.306919,0.803637,4.030161,1.024291,1,8.177423,0.000000,19.988819
1.931000,8.310952,0.804675,4.036137,1.051028,1,8.177423,0.000000,19.988819
1.932000,8.314992,0.805739,4.042228,1.077402,1,8.177423,0.000000,19.988819
1.933000,8.319037,0.806830,4.048428,1.103404,1,8.177423,0.000000,19.988819
1.934000,8.323088,0.807946,4.054731,1.129024,1,8.177423,0.000000,19.988819
1.935000,8.327146,0.809088,4.061132,1.154256,1,8.177423,0.000000,19.988819
1.936000,8.331211,0.810254,4.067625,1.179089,1,8.177423,0.000000,19.988819
1.937000,8.335282,0.811446,4.074204,1.203515,1,8.177423,0.000000,19.988819
1.938000,8.339359,0.812661,4.080864,1.227527,1,8.177423,0.000000,19.988819
1.939000,8.343443,0.813901,4.087598,1.251115,1,8.177423,0.000000,19.988819
1.940000,8.347534,0.815163,4.094400,1.274273,1,8.177423,0.000000,19.988819
1.941000,8.351632,0.816449,4.101264,1.296992,1,8.177423,0.000000,19.988819
1.942000,8.355737,0.817757,4.108185,1.319265,1,8.177423,0.000000,19.988819
1.943000,8.359849,0.819087,4.115155,1.341084,1,8.177423,0.000000,19.988819
1.944000,8.363967,0.820439,4.122169,1.362441,1,8.177423,0.000000,19.988819
1.945000,8.368093,0.821812,4.129220,1.383330,1,8.177423,0.000000,19.988819
1.946000,8.372226,0.823206,4.136302,1.403744,1,8.177423,0.000000,19.988819
1.947000,8.376366,0.824620,4.143409,1.423676,1,8.177423,0.000000,19.988819
1.948000,8.380513,0.826053,4.150533,1.443118,1,8.177423,0.000000,19.988819
1.949000,8.384667,0.827506,4.157669,1.462065,1,8.177423,0.000000,19.988819
1.950000,8.388828,0.828977,4.164810,1.480510,1,8.177423,0.000000,19.988819
1.951000,8.392996,0.830466,4.171949,1.498447,1,8.177423,0.000000,19.988819
1.952000,8.397172,0.831974,4.179080,1.515870,1,8.177423,0.000000,19.988819
1.953000,8.401354,0.833498,4.186196,1.532773,1,8.177423,0.000000,19.988819
1.954000,8.405544,0.835039,4.193291,1.549150,1,8.177423,0.000000,19.988819
1.955000,8.409741,0.836596,4.200357,1.564996,1,8.177423,0.000000,19.988819
1.956000,8.413945,0.838169,4.207389,1.580305,1,8.177423,0.000000,19.988819
1.957000,8.418156,0.839757,4.214379,1.595073,1,8.177423,0.000000,19.988819
1.958000,8.422374,0.841359,4.221322,1.609293,1,8.177423,0.000000,19.988819
1.959000,8.426598,0.842975,4.228209,1.622962,1,8.177423,0.000000,19.988819
1.960000,8.430830,0.844605,4.235036,1.636075,1,8.177423,0.000000,19.988819
1.961000,8.435068,0.846247,4.241794,1.648626,1,8.177423,0.000000,19.988819
1.962000,8.439314,0.847902,4.248478,1.660613,1,8.177423,0.000000,19.988819
1.963000,8.443565,0.849568,4.255081,1.672029,1,8.177423,0.000000,19.988819
1.964000,8.447824,0.851245,4.261596,1.682872,1,8.177423,0.000000,19.988819
1.965000,8.452089,0.852934,4.268017,1.693138,1,8.177423,0.000000,19.988819
1.966000,8.456360,0.854632,4.274337,1.702823,1,8.177423,0.000000,19.988819
1.967000,8.460637,0.856339,4.280550,1.711923,1,8.177423,0.000000,19.988819
1.968000,8.464921,0.858055,4.286649,1.720436,1,8.177423,0.000000,19.988819
1.969000,8.469210,0.859780,4.292628,1.728357,1,8.177423,0.000000,19.988819
1.970000,8.473506,0.861512,4.298481,1.735684,1,8.177423,0.000000,19.988819
1.971000,8.477807,0.863251,4.304201,1.742414,1,8.177423,0.000000,19.988819
1.972000,8.482114,0.864996,4.309781,1.748545,1,8.177423,0.000000,19.988819
1.973000,8.486427,0.866748,4.315217,1.754073,1,8.177423,0.000000,19.988819
1.974000,8.490745,0.868504,4.320501,1.758997,1,8.177423,0.000000,19.988819
1.975000,8.495068,0.870265,4.325627,1.763315,1,8.177423,0.000000,19.988819
1.976000,8.499396,0.872031,4.330589,1.767023,1,8.177423,0.000000,19.988819
1.977000,8.503729,0.873799,4.335382,1.770121,1,8.177423,0.000000,19.988819
1.978000,8.508067,0.875571,4.340000,1.772607,1,8.177423,0.000000,19.988819
1.979000,8.512409,0.877344,4.344436,1.774479,1,8.177423,0.000000,19.988819
1.980000,8.516755,0.879119,4.348684,1.775736,1,8.177423,0.000000,19.988819
1.981000,8.521106,0.880896,4.352739,1.776377,1,8.177423,0.000000,19.988819
1.982000,8.525461,0.882672,4.356596,1.776400,1,8.177423,0.000000,19.988819
1.983000,8.529819,0.884448,4.360249,1.775805,1,8.177423,0.000000,19.988819
1.984000,8.534181,0.886223,4.363691,1.774592,1,8.177423,0.000000,19.988819
1.985000,8.538547,0.887997,4.366918,1.772758,1,8.177423,0.000000,19.988819
1.986000,8.542915,0.889769,4.369925,1.770305,1,8.177423,0.000000,19.988819
1.987000,8.547286,0.891538,4.372705,1.767231,1,8.177423,0.000000,19.988819
1.988000,8.551660,0.893303,4.375255,1.763537,1,8.177423,0.000000,19.988819
1.989000,8.556037,0.895064,4.377568,1.759222,1,8.177423,0.000000,19.988819
1.990000,8.560415,0.896821,4.379640,1.754288,1,8.177423,0.000000,19.988819
1.991000,8.564796,0.898573,4.381466,1.748734,1,8.177423,0.000000,19.988819
1.992000,8.569178,0.900319,4.383041,1.742560,1,8.177423,0.000000,19.988819
1.993000,8.573562,0.902058,4.384360,1.735768,1,8.177423,0.000000,19.988819
1.994000,8.577947,0.903790,4.385419,1.728358,1,8.177423,0.000000,19.988819
1.995000,8.582333,0.905514,4.386212,1.720331,1,8.177423,0.000000,19.988819
1.996000,8.586719,0.907230,4.386736,1.711688,1,8.177423,0.000000,19.988819
1.997000,8.591106,0.908937,4.386986,1.702431,1,8.177423,0.000000,19.988819
1.998000,8.595493,0.910635,4.386958,1.692560,0,9.012518,0.001740,19.988412
1.999000,8.599880,0.912323,4.386958,1.682750,0,9.016905,0.003428,19.988412
2.000000,8.604267,0.914000,4.386958,1.672940,0,9.021292,0.005106,19.988412
2.001000,8.608654,0.915668,4.386958,1.663130,0,9.025679,0.006774,19.988412
2.002000,8.613041,0.917327,4.386958,1.653320,0,9.030066,0.008432,19.988412
2.003000,8.617428,0.918975,4.386958,1.643510,0,9.034453,0.010080,19.988412
2.004000,8.621815,0.920614,4.386958,1.633700,0,9.038840,0.011719,19.988412
2.005000,8.626202,0.922243,4.386958,1.623890,0,9.043227,0.013348,19.988412
2.006000,8.630589,0.923862,4.386958,1.614080,0,9.047614,0.014967,19.988412
2.007000,8.634976,0.925471,4.386958,1.604270,0,9.052001,0.016576,19.988412
2.008000,8.639363,0.927070,4.386958,1.594460,0,9.056388,0.018175,19.988412
2.009000,8.643750,0.928660,4.386958,1.584650,0,9.060775,0.019765,19.988412
2.010000,8.648137,0.930239,4.386958,1.574840,0,9.065162,0.021344,19.988412
2.011000,8.652524,0.931809,4.386958,1.565030,0,9.069549,0.022914,19.988412
2.012000,8.656911,0.933369,4.386958,1.555220,0,9.073936,0.024475,19.988412
2.013000,8.661298,0.934920,4.386958,1.545410,0,9.078323,0.026025,19.988412
2.014000,8.665684,0.936460,4.386958,1.535600,0,9.082710,0.027565,19.988412
2.015000,8.670071,0.937991,4.386958,1.525790,0,9.087097,0.029096,19.988412
2.016000,8.674458,0.939512,4.386958,1.515980,0,9.091484,0.030617,19.988412
2.017000,8.678845,0.941023,4.386958,1.506170,0,9.095871,0.032128,19.988412
2.018000,8.683232,0.942524,4.386958,1.496360,0,9.100258,0.033629,19.988412
2.019000,8.687619,0.944016,4.386958,1.486550,0,9.104645,0.035121,19.988412
2.020000,8.692006,0.945497,4.386958,1.476740,0,9.109032,0.036602,19.988412
2.021000,8.696393,0.946969,4.386958,1.466930,0,9.113418,0.038074,19.988412
2.022000,8.700780,0.948431,4.386958,1.457120,0,9.117805,0.039536,19.988412
2.023000,8.705167,0.949883,4.386958,1.447310,0,9.122192,0.040988,19.988412
2.024000,8.709554,0.951326,4.386958,1.437500,0,9.126579,0.042431,19.988412
2.025000,8.713941,0.952758,4.386958,1.427690,0,9.130966,0.043863,19.988412
2.026000,8.718328,0.954181,4.386958,1.417880,0,9.135353,0.045286,19.988412
2.027000,8.722715,0.955594,4.386958,1.408070,0,9.139740,0.046699,19.988412
2.028000,8.727102,0.956997,4.386958,1.398260,0,9.144127,0.048102,19.988412
2.029000,8.731489,0.958391,4.386958,1.388450,0,9.148514,0.049496,19.988412
2.030000,8.735876,0.959774,4.386958,1.378640,0,9.152901,0.050879,19.988412
2.031000,8.740263,0.961148,4.386958,1.368830,0,9.157288,0.052253,19.988412
2.032000,8.744650,0.962512,4.386958,1.359020,0,9.161675,0.053617,19.988412
2.033000,8.749037,0.963866,4.386958,1.349210,0,9.166062,0.054971,19.988412
2.034000,8.753424,0.965210,4.386958,1.339400,0,9.170449,0.056315,19.988412
2.035000,8.757811,0.966545,4.386958,1.329590,0,9.174836,0.057650,19.988412
2.036000,8.762198,0.967869,4.386958,1.319780,0,9.179223,0.058975,19.988412
2.037000,8.766585,0.969184,4.386958,1.309970,0,9.183610,0.060289,19.988412
2.038000,8.770971,0.970489,4.386958,1.300160,0,9.187997,0.061594,19.988412
2.039000,8.775358,0.971785,4.386958,1.290350,0,9.192384,0.062890,19.988412
2.040000,8.779745,0.973070,4.386958,1.280540,0,9.196771,0.064175,19.988412
2.041000,8.784132,0.974346,4.386958,1.270730,0,9.201158,0.065451,19.988412
2.042000,8.788519,0.975612,4.386958,1.260920,0,9.205545,0.066717,19.988412
2.043000,8.792906,0.976868,4.386958,1.251110,0,9.209932,0.067973,19.988412
2.044000,8.797293,0.978114,4.386958,1.241300,0,9.214319,0.069219,19.988412
2.045000,8.801680,0.979350,4.386958,1.231490,0,9.218706,0.070455,19.988412
2.046000,8.806067,0.980577,4.386958,1.221680,0,9.223092,0.071682,19.988412
2.047000,8.810454,0.981794,4.386958,1.211870,0,9.227479,0.072899,19.988412
2.048000,8.814841,0.983000,4.386958,1.202060,0,9.231866,0.074106,19.988412
2.049000,8.819228,0.984198,4.386958,1.192250,0,9.236253,0.075303,19.988412
2.050000,8.823615,0.985385,4.386958,1.182440,0,9.240640,0.076490,19.988412
2.051000,8.828002,0.986563,4.386958,1.172630,0,9.245027,0.077668,19.988412
2.052000,8.832389,0.987730,4.386958,1.162820,0,9.249414,0.078835,19.988412
2.053000,8.836776,0.988888,4.386958,1.153010,0,9.253801,0.079993,19.988412
2.054000,8.841163,0.990036,4.386958,1.143200,0,9.258188,0.081141,19.988412
2.055000,8.845550,0.991175,4.386958,1.133390,0,9.262575,0.082280,19.988412
2.056000,8.849937,0.992303,4.386958,1.123580,0,9.266962,0.083408,19.988412
2.057000,8.854324,0.993422,4.386958,1.113770,0,9.271349,0.084527,19.988412
2.058000,8.858711,0.994531,4.386958,1.103960,0,9.275736,0.085636,19.988412
2.059000,8.863098,0.995630,4.386958,1.094150,0,9.280123,0.086735,19.988412
2.060000,8.867485,0.996719,4.386958,1.084340,0,9.284510,0.087824,19.988412
2.061000,8.871872,0.997798,4.386958,1.074530,0,9.288897,0.088903,19.988412
2.062000,8.876258,0.998868,4.386958,1.064720,0,9.293284,0.089973,19.988412
2.063000,8.880645,0.999928,4.386958,1.054910,0,9.297671,0.091033,19.988412
2.064000,8.885032,1.000978,4.386958,1.045100,0,9.302058,0.092083,19.988412
2.065000,8.889419,1.002018,4.386958,1.035290,0,9.306445,0.093123,19.988412
2.066000,8.893806,1.003048,4.386958,1.025480,0,9.310832,0.094153,19.988412
2.067000,8.898193,1.004069,4.386958,1.015670,0,9.315219,0.095174,19.988412
2.068000,8.902580,1.005080,4.386958,1.005860,0,9.319606,0.096185,19.988412
2.069000,8.906967,1.006081,4.386958,0.996050,0,9.323993,0.097186,19.988412
2.070000,8.911354,1.007072,4.386958,0.986240,0,9.328379,0.098177,19.988412
2.071000,8.915741,1.008053,4.386958,0.976430,0,9.332766,0.099158,19.988412
2.072000,8.920128,1.009025,4.386958,0.966620,0,9.337153,0.100130,19.988412
2.073000,8.924515,1.009986,4.386958,0.956810,0,9.341540,0.101091,19.988412
2.074000,8.928902,1.010938,4.386958,0.947000,0,9.345927,0.102043,19.988412
2.075000,8.933289,1.011880,4.386958,0.937190,0,9.350314,0.102985,19.988412
2.076000,8.937676,1.012813,4.386958,0.927380,0,9.354701,0.103918,19.988412
2.077000,8.942063,1.013735,4.386958,0.917570,0,9.359088,0.104840,19.988412
2.078000,8.946450,1.014648,4.386958,0.907760,0,9.363475,0.105753,19.988412
2.079000,8.950837,1.015551,4.386958,0.897950,0,9.367862,0.106656,19.988412
2.080000,8.955224,1.016444,4.386958,0.888140,0,9.372249,0.107549,19.988412
2.081000,8.959611,1.017327,4.386958,0.878330,0,9.376636,0.108432,19.988412
2.082000,8.963998,1.018200,4.386958,0.868520,0,9.381023,0.109305,19.988412
2.083000,8.968385,1.019064,4.386958,0.858710,0,9.385410,0.110169,19.988412
2.084000,8.972772,1.019918,4.386958,0.848900,0,9.389797,0.111023,19.988412
2.085000,8.977159,1.020762,4.386958,0.839090,0,9.394184,0.111867,19.988412
2.086000,8.981545,1.021596,4.386958,0.829280,0,9.398571,0.112701,19.988412
2.087000,8.985932,1.022420,4.386958,0.819470,0,9.402958,0.113525,19.988412
2.088000,8.990319,1.023235,4.386958,0.809660,0,9.407345,0.114340,19.988412
2.089000,8.994706,1.024040,4.386958,0.799850,0,9.411732,0.115145,19.988412
2.090000,8.999093,1.024835,4.386958,0.790040,0,9.416119,0.115940,19.988412
2.091000,9.003480,1.025620,4.386958,0.780230,0,9.420506,0.116725,19.988412
2.092000,9.007867,1.026395,4.386958,0.770420,0,9.424893,0.117500,19.988412
2.093000,9.012254,1.027161,4.386958,0.760610,0,9.429280,0.118266,19.988412
2.094000,9.016641,1.027916,4.386958,0.750800,0,9.433666,0.119021,19.988412
2.095000,9.021028,1.028662,4.386958,0.740990,0,9.438053,0.119767,19.988412
2.096000,9.025415,1.029398,4.386958,0.731180,0,9.442440,0.120503,19.988412
2.097000,9.029802,1.030125,4.386958,0.721370,0,9.446827,0.121230,19.988412
2.098000,9.034189,1.030841,4.386958,0.711560,0,9.451214,0.121946,19.988412
2.099000,9.038576,1.031548,4.386958,0.701750,0,9.455601,0.122653,19.988412
2.100000,9.042963,1.032244,4.386958,0.691940,0,9.459988,0.123350,19.988412
2.101000,9.047350,1.032932,4.386958,0.682130,0,9.464375,0.124037,19.988412
2.102000,9.051737,1.033609,4.386958,0.672320,0,9.468762,0.124714,19.988412
2.103000,9.056124,1.034276,4.386958,0.662510,0,9.473149,0.125381,19.988412
2.104000,9.060511,1.034934,4.386958,0.652700,0,9.477536,0.126039,19.988412
2.105000,9.064898,1.035582,4.386958,0.642890,0,9.481923,0.126687,19.988412
2.106000,9.069285,1.036220,4.386958,0.633080,0,9.486310,0.127325,19.988412
2.107000,9.073672,1.036848,4.386958,0.623270,0,9.490697,0.127953,19.988412
2.108000,9.078059,1.037466,4.386958,0.613460,0,9.495084,0.128571,19.988412
2.109000,9.082446,1.038075,4.386958,0.603650,0,9.499471,0.129180,19.988412
2.110000,9.086832,1.038673,4.386958,0.593840,0,9.503858,0.129779,19.988412
2.111000,9.091219,1.039262,4.386958,0.584030,0,9.508245,0.130367,19.988412
2.112000,9.095606,1.039841,4.386958,0.574220,0,9.512632,0.130947,19.988412
2.113000,9.099993,1.040411,4.386958,0.564410,0,9.517019,0.131516,19.988412
2.114000,9.104380,1.040970,4.386958,0.554600,0,9.521406,0.132075,19.988412
2.115000,9.108767,1.041520,4.386958,0.544790,0,9.525793,0.132625,19.988412
2.116000,9.113154,1.042060,4.386958,0.534980,0,9.530180,0.133165,19.988412
2.117000,9.117541,1.042590,4.386958,0.525170,0,9.534567,0.133695,19.988412
2.118000,9.121928,1.043110,4.386958,0.515360,0,9.538953,0.134215,19.988412
2.119000,9.126315,1.043621,4.386958,0.505550,0,9.543340,0.134726,19.988412
2.120000,9.130702,1.044121,4.386958,0.495740,0,9.547727,0.135226,19.988412
2.121000,9.135089,1.044612,4.386958,0.485930,0,9.552114,0.135717,19.988412
2.122000,9.139476,1.045093,4.386958,0.476120,0,9.556501,0.136198,19.988412
2.123000,9.143863,1.045564,4.386958,0.466310,0,9.560888,0.136670,19.988412
2.124000,9.148250,1.046026,4.386958,0.456500,0,9.565275,0.137131,19.988412
2.125000,9.152637,1.046477,4.386958,0.446690,0,9.569662,0.137583,19.988412
2.126000,9.157024,1.046919,4.386958,0.436880,0,9.574049,0.138024,19.988412
2.127000,9.161411,1.047351,4.386958,0.427070,0,9.578436,0.138456,19.988412
2.128000,9.165798,1.047773,4.386958,0.417260,0,9.582823,0.138878,19.988412
2.129000,9.170185,1.048186,4.386958,0.407450,0,9.587210,0.139291,19.988412
2.130000,9.174572,1.048588,4.386958,0.397640,0,9.591597,0.139693,19.988412
2.131000,9.178959,1.048981,4.386958,0.387830,0,9.595984,0.140086,19.988412
2.132000,9.183346,1.049364,4.386958,0.378020,0,9.600371,0.140469,19.988412
2.133000,9.187733,1.049737,4.386958,0.368210,0,9.604758,0.140842,19.988412
2.134000,9.192119,1.050100,4.386958,0.358400,0,9.609145,0.141205,19.988412
2.135000,9.196506,1.050454,4.386958,0.348590,0,9.613532,0.141559,19.988412
2.136000,9.200893,1.050797,4.386958,0.338780,0,9.617919,0.141903,19.988412
2.137000,9.205280,1.051131,4.386958,0.328970,0,9.622306,0.142236,19.988412
2.138000,9.209667,1.051455,4.386958,0.319160,0,9.626693,0.142561,19.988412
2.139000,9.214054,1.051770,4.386958,0.309350,0,9.631080,0.142875,19.988412
2.140000,9.218441,1.052074,4.386958,0.299540,0,9.635467,0.143179,19.988412
2.141000,9.222828,1.052369,4.386958,0.289730,0,9.639854,0.143474,19.988412
2.142000,9.227215,1.052654,4.386958,0.279920,0,9.644240,0.143759,19.988412
2.143000,9.231602,1.052929,4.386958,0.270110,0,9.648627,0.144034,19.988412
2.144000,9.235989,1.053194,4.386958,0.260300,0,9.653014,0.144299,19.988412
2.145000,9.240376,1.053449,4.386958,0.250490,0,9.657401,0.144554,19.988412
2.146000,9.244763,1.053695,4.386958,0.240680,0,9.661788,0.144800,19.988412
2.147000,9.249150,1.053931,4.386958,0.230870,0,9.666175,0.145036,19.988412
2.148000,9.253537,1.054157,4.386958,0.221060,0,9.670562,0.145262,19.988412
2.149000,9.257924,1.054373,4.386958,0.211250,0,9.674949,0.145478,19.988412
2.150000,9.262311,1.054579,4.386958,0.201440,0,9.679336,0.145684,19.988412
2.151000,9.266698,1.054776,4.386958,0.191630,0,9.683723,0.145881,19.988412
2.152000,9.271085,1.054962,4.386958,0.181820,0,9.688110,0.146067,19.988412
2.153000,9.275472,1.055139,4.386958,0.172010,0,9.692497,0.146244,19.988412
2.154000,9.279859,1.055306,4.386958,0.162200,0,9.696884,0.146411,19.988412
2.155000,9.284246,1.055464,4.386958,0.152390,0,9.701271,0.146569,19.988412
2.156000,9.288633,1.055611,4.386958,0.142580,0,9.705658,0.146716,19.988412
2.157000,9.293020,1.055749,4.386958,0.132770,0,9.710045,0.146854,19.988412
2.158000,9.297406,1.055877,4.386958,0.122960,0,9.714432,0.146982,19.988412
2.159000,9.301793,1.055995,4.386958,0.113150,0,9.718819,0.147100,19.988412
2.160000,9.306180,1.056103,4.386958,0.103340,0,9.723206,0.147208,19.988412
2.161000,9.310567,1.056201,4.386958,0.093530,0,9.727593,0.147306,19.988412
2.162000,9.314954,1.056290,4.386958,0.083720,0,9.731980,0.147395,19.988412
2.163000,9.319341,1.056369,4.386958,0.073910,0,9.736367,0.147474,19.988412
2.164000,9.323728,1.056438,4.386958,0.064100,0,9.740754,0.147543,19.988412
2.165000,9.328115,1.056497,4.386958,0.054290,0,9.745141,0.147602,19.988412
2.166000,9.332502,1.056546,4.386958,0.044480,0,9.749527,0.147652,19.988412
2.167000,9.336889,1.056586,4.386958,0.034670,0,9.753914,0.147691,19.988412
2.168000,9.341276,1.056616,4.386958,0.024860,0,9.758301,0.147721,19.988412
2.169000,9.345663,1.056636,4.386958,0.015050,0,9.762688,0.147741,19.988412
2.170000,9.350050,1.056646,4.386958,0.005240,0,9.767075,0.147751,19.988412
2.171000,9.354437,1.056646,4.386958,-0.004570,0,9.771462,0.147751,19.988412
2.172000,9.358824,1.056637,4.386958,-0.014380,0,9.775849,0.147742,19.988412
2.173000,9.363211,1.056617,4.386958,-0.024190,0,9.780236,0.147723,19.988412
2.174000,9.367598,1.056588,4.386958,-0.034000,0,9.784623,0.147693,19.988412
2.175000,9.371985,1.056549,4.386958,-0.043810,0,9.789010,0.147655,19.988412
2.176000,9.376372,1.056501,4.386958,-0.053620,0,9.793397,0.147606,19.988412
2.177000,9.380759,1.056442,4.386958,-0.063430,0,9.797784,0.147547,19.988412
2.178000,9.385146,1.056374,4.386958,-0.073240,0,9.802171,0.147479,19.988412
2.179000,9.389533,1.056296,4.386958,-0.083050,0,9.806558,0.147401,19.988412
2.180000,9.393920,1.056208,4.386958,-0.092860,0,9.810945,0.147313,19.988412
2.181000,9.398307,1.056110,4.386958,-0.102670,0,9.815332,0.147215,19.988412
2.182000,9.402693,1.056002,4.386958,-0.112480,0,9.819719,0.147108,19.988412
2.183000,9.407080,1.055885,4.386958,-0.122290,0,9.824106,0.146990,19.988412
2.184000,9.411467,1.055758,4.386958,-0.132100,0,9.828493,0.146863,19.988412
2.185000,9.415854,1.055621,4.386958,-0.141910,0,9.832880,0.146726,19.988412
2.186000,9.420241,1.055474,4.386958,-0.151720,0,9.837267,0.146579,19.988412
2.187000,9.424628,1.055317,4.386958,-0.161530,0,9.841654,0.146422,19.988412
2.188000,9.429015,1.055151,4.386958,-0.171340,0,9.846041,0.146256,19.988412
2.189000,9.433402,1.054975,4.386958,-0.181150,0,9.850428,0.146080,19.988412
2.190000,9.437789,1.054789,4.386958,-0.190960,0,9.854814,0.145894,19.988412
2.191000,9.442176,1.054593,4.386958,-0.200770,0,9.859201,0.145698,19.988412
2.192000,9.446563,1.054387,4.386958,-0.210580,0,9.863588,0.145492,19.988412
2.193000,9.450950,1.054172,4.386958,-0.220390,0,9.867975,0.145277,19.988412
2.194000,9.455337,1.053946,4.386958,-0.230200,0,9.872362,0.145051,19.988412
2.195000,9.459724,1.053711,4.386958,-0.240010,0,9.876749,0.144816,19.988412
2.196000,9.464111,1.053466,4.386958,-0.249820,0,9.881136,0.144571,19.988412
2.197000,9.468498,1.053212,4.386958,-0.259630,0,9.885523,0.144317,19.988412
2.198000,9.472885,1.052947,4.386958,-0.269440,0,9.889910,0.144052,19.988412
2.199000,9.477272,1.052673,4.386958,-0.279250,0,9.894297,0.143778,19.988412
2.200000,9.481659,1.052389,4.386958,-0.289060,0,9.898684,0.143494,19.988412
2.201000,9.486046,1.052095,4.386958,-0.298870,0,9.903071,0.143200,19.988412
2.202000,9.490433,1.051791,4.386958,-0.308680,0,9.907458,0.142896,19.988412
2.203000,9.494820,1.051477,4.386958,-0.318490,0,9.911845,0.142582,19.988412
2.204000,9.499207,1.051154,4.386958,-0.328300,0,9.916232,0.142259,19.988412
2.205000,9.503594,1.050821,4.386958,-0.338110,0,9.920619,0.141926,19.988412
2.206000,9.507980,1.050478,4.386958,-0.347920,0,9.925006,0.141583,19.988412
2.207000,9.512367,1.050125,4.386958,-0.357730,0,9.929393,0.141230,19.988412
2.208000,9.516754,1.049762,4.386958,-0.367540,0,9.933780,0.140867,19.988412
2.209000,9.521141,1.049390,4.386958,-0.377350,0,9.938167,0.140495,19.988412
2.210000,9.525528,1.049007,4.386958,-0.387160,0,9.942554,0.140113,19.988412
2.211000,9.529915,1.048615,4.386958,-0.396970,0,9.946941,0.139721,19.988412
2.212000,9.534302,1.048213,4.386958,-0.406780,0,9.951328,0.139319,19.988412
2.213000,9.538689,1.047802,4.386958,-0.416590,0,9.955715,0.138907,19.988412
2.214000,9.543076,1.047380,4.386958,-0.426400,0,9.960101,0.138485,19.988412
2.215000,9.547463,1.046949,4.386958,-0.436210,0,9.964488,0.138054,19.988412
2.216000,9.551850,1.046508,4.386958,-0.446020,0,9.968875,0.137613,19.988412
2.217000,9.556237,1.046057,4.386958,-0.455830,0,9.973262,0.137162,19.988412
2.218000,9.560624,1.045596,4.386958,-0.465640,0,9.977649,0.136701,19.988412
2.219000,9.565011,1.045126,4.386958,-0.475450,0,9.982036,0.136231,19.988412
2.220000,9.569398,1.044645,4.386958,-0.485260,0,9.986423,0.135750,19.988412
2.221000,9.573785,1.044155,4.386958,-0.495070,0,9.990810,0.135260,19.988412
2.222000,9.578172,1.043655,4.386958,-0.504880,0,9.995197,0.134760,19.988412
2.223000,9.582559,1.043145,4.386958,-0.514690,0,9.999584,0.134251,19.988412
2.224000,9.586946,1.042626,4.386958,-0.524500,0,10.003971,0.133731,19.988412
2.225000,9.591333,1.042096,4.386958,-0.534310,0,10.008358,0.133202,19.988412
2.226000,9.595720,1.041557,4.386958,-0.544120,0,10.012745,0.132662,19.988412
2.227000,9.600107,1.041008,4.386958,-0.553930,0,10.017132,0.132113,19.988412
2.228000,9.604494,1.040449,4.386958,-0.563740,0,10.021519,0.131554,19.988412
2.229000,9.608881,1.039881,4.386958,-0.573550,0,10.025906,0.130986,19.988412
2.230000,9.613267,1.039302,4.386958,-0.583360,0,10.030293,0.130407,19.988412
2.231000,9.617654,1.038714,4.386958,-0.593170,0,10.034680,0.129819,19.988412
2.232000,9.622041,1.038116,4.386958,-0.602980,0,10.039067,0.129221,19.988412
2.233000,9.626428,1.037508,4.386958,-0.612790,0,10.043454,0.128613,19.988412
2.234000,9.630815,1.036890,4.386958,-0.622600,0,10.047841,0.127995,19.988412
2.235000,9.635202,1.036263,4.386958,-0.632410,0,10.052228,0.127368,19.988412
2.236000,9.639589,1.035626,4.386958,-0.642220,0,10.056615,0.126731,19.988412
2.237000,9.643976,1.034978,4.386958,-0.652030,0,10.061002,0.126084,19.988412
2.238000,9.648363,1.034321,4.386958,-0.661840,0,10.065388,0.125427,19.988412
2.239000,9.652750,1.033655,4.386958,-0.671650,0,10.069775,0.124760,19.988412
2.240000,9.657137,1.032978,4.386958,-0.681460,0,10.074162,0.124083,19.988412
2.241000,9.661524,1.032292,4.386958,-0.691270,0,10.078549,0.123397,19.988412
2.242000,9.665911,1.031596,4.386958,-0.701080,0,10.082936,0.122701,19.988412
2.243000,9.670298,1.030890,4.386958,-0.710890,0,10.087323,0.121995,19.988412
2.244000,9.674685,1.030174,4.386958,-0.720700,0,10.091710,0.121279,19.988412
2.245000,9.679072,1.029448,4.386958,-0.730510,0,10.096097,0.120553,19.988412
2.246000,9.683459,1.028713,4.386958,-0.740320,0,10.100484,0.119818,19.988412
2.247000,9.687846,1.027968,4.386958,-0.750130,0,10.104871,0.119073,19.988412
2.248000,9.692233,1.027213,4.386958,-0.759940,0,10.109258,0.118318,19.988412
2.249000,9.696620,1.026448,4.386958,-0.769750,0,10.113645,0.117553,19.988412
2.250000,9.701007,1.025673,4.386958,-0.779560,0,10.118032,0.116778,19.988412
2.251000,9.705394,1.024889,4.386958,-0.789370,0,10.122419,0.115994,19.988412
2.252000,9.709781,1.024094,4.386958,-0.799180,0,10.126806,0.115199,19.988412
2.253000,9.714168,1.023290,4.386958,-0.808990,0,10.131193,0.114395,19.988412
2.254000,9.718555,1.022476,4.386958,-0.818800,0,10.135580,0.113581,19.988412
2.255000,9.722941,1.021653,4.386958,-0.828610,0,10.139967,0.112758,19.988412
2.256000,9.727328,1.020819,4.386958,-0.838420,0,10.144354,0.111924,19.988412
2.257000,9.731715,1.019976,4.386958,-0.848230,0,10.148741,0.111081,19.988412
2.258000,9.736102,1.019123,4.386958,-0.858040,0,10.153128,0.110228,19.988412
2.259000,9.740489,1.018260,4.386958,-0.867850,0,10.157515,0.109365,19.988412
2.260000,9.744876,1.017387,4.386958,-0.877660,0,10.161902,0.108492,19.988412
2.261000,9.749263,1.016504,4.386958,-0.887470,0,10.166289,0.107610,19.988412
2.262000,9.753650,1.015612,4.386958,-0.897280,0,10.170675,0.106717,19.988412
2.263000,9.758037,1.014710,4.386958,-0.907090,0,10.175062,0.105815,19.988412
2.264000,9.762424,1.013798,4.386958,-0.916900,0,10.179449,0.104903,19.988412
2.265000,9.766811,1.012876,4.386958,-0.926710,0,10.183836,0.103981,19.988412
2.266000,9.771198,1.011944,4.386958,-0.936520,0,10.188223,0.103050,19.988412
2.267000,9.775585,1.011003,4.386958,-0.946330,0,10.192610,0.102108,19.988412
2.268000,9.779972,1.010052,4.386958,-0.956140,0,10.196997,0.101157,19.988412
2.269000,9.784359,1.009091,4.386958,-0.965950,0,10.201384,0.100196,19.988412
2.270000,9.788746,1.008120,4.386958,-0.975760,0,10.205771,0.099225,19.988412
2.271000,9.793133,1.007139,4.386958,-0.985570,0,10.210158,0.098244,19.988412
2.272000,9.797520,1.006149,4.386958,-0.995380,0,10.214545,0.097254,19.988412
2.273000,9.801907,1.005148,4.386958,-1.005190,0,10.218932,0.096254,19.988412
2.274000,9.806294,1.004138,4.386958,-1.015000,0,10.223319,0.095243,19.988412
2.275000,9.810681,1.003118,4.386958,-1.024810,0,10.227706,0.094224,19.988412
2.276000,9.815068,1.002089,4.386958,-1.034620,0,10.232093,0.093194,19.988412
2.277000,9.819455,1.001049,4.386958,-1.044430,0,10.236480,0.092154,19.988412
2.278000,9.823842,1.000000,4.386958,-1.054240,0,10.240867,0.091105,19.988412
2.279000,9.828228,0.998941,4.386958,-1.064050,0,10.245254,0.090046,19.988412
2.280000,9.832615,0.997872,4.386958,-1.073860,0,10.249641,0.088977,19.988412
2.281000,9.837002,0.996793,4.386958,-1.083670,0,10.254028,0.087898,19.988412
2.282000,9.841389,0.995704,4.386958,-1.093480,0,10.258415,0.086810,19.988412
2.283000,9.845776,0.994606,4.386958,-1.103290,0,10.262802,0.085711,19.988412
2.284000,9.850163,0.993498,4.386958,-1.113100,0,10.267189,0.084603,19.988412
2.285000,9.854550,0.992380,4.386958,-1.122910,0,10.271576,0.083485,19.988412
2.286000,9.858937,0.991252,4.386958,-1.132720,0,10.275962,0.082357,19.988412
2.287000,9.863324,0.990114,4.386958,-1.142530,0,10.280349,0.081220,19.988412
2.288000,9.867711,0.988967,4.386958,-1.152340,0,10.284736,0.080072,19.988412
2.289000,9.872098,0.987810,4.386958,-1.162150,0,10.289123,0.078915,19.988412
2.290000,9.876485,0.986643,4.386958,-1.171960,0,10.293510,0.077748,19.988412
2.291000,9.880872,0.985466,4.386958,-1.181770,0,10.297897,0.076571,19.988412
2.292000,9.885259,0.984279,4.386958,-1.191580,0,10.302284,0.075384,19.988412
2.293000,9.889646,0.983083,4.386958,-1.201390,0,10.306671,0.074188,19.988412
2.294000,9.894033,0.981876,4.386958,-1.211200,0,10.311058,0.072981,19.988412
2.295000,9.898420,0.980660,4.386958,-1.221010,0,10.315445,0.071765,19.988412
2.296000,9.902807,0.979434,4.386958,-1.230820,0,10.319832,0.070539,19.988412
2.297000,9.907194,0.978199,4.386958,-1.240630,0,10.324219,0.069304,19.988412
2.298000,9.911581,0.976953,4.386958,-1.250440,0,10.328606,0.068058,19.988412
2.299000,9.915968,0.975698,4.386958,-1.260250,0,10.332993,0.066803,19.988412
2.300000,9.920355,0.974433,4.386958,-1.270060,0,10.337380,0.065538,19.988412
2.301000,9.924742,0.973158,4.386958,-1.279870,0,10.341767,0.064263,19.988412
2.302000,9.929129,0.971873,4.386958,-1.289680,0,10.346154,0.062978,19.988412
2.303000,9.933515,0.970578,4.386958,-1.299490,0,10.350541,0.061683,19.988412
2.304000,9.937902,0.969274,4.386958,-1.309300,0,10.354928,0.060379,19.988412
2.305000,9.942289,0.967960,4.386958,-1.319110,0,10.359315,0.059065,19.988412
2.306000,9.946676,0.966636,4.386958,-1.328920,0,10.363702,0.057741,19.988412
2.307000,9.951063,0.965302,4.386958,-1.338730,0,10.368089,0.056407,19.988412
2.308000,9.955450,0.963958,4.386958,-1.348540,0,10.372476,0.055063,19.988412
2.309000,9.959837,0.962605,4.386958,-1.358350,0,10.376863,0.053710,19.988412
2.310000,9.964224,0.961241,4.386958,-1.368160,0,10.381249,0.052347,19.988412
2.311000,9.968611,0.959868,4.386958,-1.377970,0,10.385636,0.050974,19.988412
2.312000,9.972998,0.958486,4.386958,-1.387780,0,10.390023,0.049591,19.988412
2.313000,9.977385,0.957093,4.386958,-1.397590,0,10.394410,0.048198,19.988412
2.314000,9.981772,0.955690,4.386958,-1.407400,0,10.398797,0.046795,19.988412
2.315000,9.986159,0.954278,4.386958,-1.417210,0,10.403184,0.045383,19.988412
2.316000,9.990546,0.952856,4.386958,-1.427020,0,10.407571,0.043961,19.988412
2.317000,9.994933,0.951424,4.386958,-1.436830,0,10.411958,0.042529,19.988412
2.318000,9.999320,0.949982,4.386958,-1.446640,0,10.416345,0.041087,19.988412
2.319000,10.003707,0.948531,4.386958,-1.456450,0,10.420732,0.039636,19.988412
2.320000,10.008094,0.947069,4.386958,-1.466260,0,10.425119,0.038175,19.988412
2.321000,10.012481,0.945598,4.386958,-1.476070,0,10.429506,0.036703,19.988412
2.322000,10.016868,0.944117,4.386958,-1.485880,0,10.433893,0.035222,19.988412
2.323000,10.021255,0.942626,4.386958,-1.495690,0,10.438280,0.033732,19.988412
2.324000,10.025642,0.941126,4.386958,-1.505500,0,10.442667,0.032231,19.988412
2.325000,10.030029,0.939615,4.386958,-1.515310,0,10.447054,0.030721,19.988412
2.326000,10.034416,0.938095,4.386958,-1.525120,0,10.451441,0.029200,19.988412
2.327000,10.038802,0.936565,4.386958,-1.534930,0,10.455828,0.027670,19.988412
2.328000,10.043189,0.935025,4.386958,-1.544740,0,10.460215,0.026131,19.988412
2.329000,10.047576,0.933476,4.386958,-1.554550,0,10.464602,0.024581,19.988412
2.330000,10.051963,0.931916,4.386958,-1.564360,0,10.468989,0.023021,19.988412
2.331000,10.056350,0.930347,4.386958,-1.574170,0,10.473376,0.021452,19.988412
2.332000,10.060737,0.928768,4.386958,-1.583980,0,10.477763,0.019873,19.988412
2.333000,10.065124,0.927179,4.386958,-1.593790,0,10.482150,0.018284,19.988412
2.334000,10.069511,0.925580,4.386958,-1.603600,0,10.486537,0.016685,19.988412
2.335000,10.073898,0.923972,4.386958,-1.613410,0,10.490923,0.015077,19.988412
2.336000,10.078285,0.922354,4.386958,-1.623220,0,10.495310,0.013459,19.988412
2.337000,10.082672,0.920725,4.386958,-1.633030,0,10.499697,0.011831,19.988412
2.338000,10.087059,0.919087,4.386958,-1.642840,0,10.504084,0.010193,19.988412
2.339000,10.091446,0.917440,4.386958,-1.652650,0,10.508471,0.008545,19.988412
2.340000,10.095833,0.915782,4.386958,-1.662460,0,10.512858,0.006887,19.988412
2.341000,10.100220,0.914115,4.386958,-1.672270,0,10.517245,0.005220,19.988412
2.342000,10.104607,0.912438,4.386958,-1.682080,0,10.521632,0.003543,19.988412
2.343000,10.108994,0.910751,4.386958,-1.691890,0,10.526019,0.001856,19.988412
2.344000,10.113381,0.909054,4.386958,-1.701700,0,10.530406,0.000159,19.988412
2.345000,10.117768,0.907347,4.386958,-1.711510,1,10.534083,0.000000,19.988702
2.346000,10.122155,0.905631,4.386677,-1.720702,1,10.534083,0.000000,19.988702
2.347000,10.126541,0.903906,4.386118,-1.729277,1,10.534083,0.000000,19.988702
2.348000,10.130927,0.902173,4.385286,-1.737234,1,10.534083,0.000000,19.988702
2.349000,10.135311,0.900432,4.384186,-1.744571,1,10.534083,0.000000,19.988702
2.350000,10.139695,0.898684,4.382823,-1.751288,1,10.534083,0.000000,19.988702
2.351000,10.144077,0.896929,4.381200,-1.757383,1,10.534083,0.000000,19.988702
2.352000,10.148457,0.895169,4.379323,-1.762857,1,10.534083,0.000000,19.988702
2.353000,10.152836,0.893404,4.377197,-1.767708,1,10.534083,0.000000,19.988702
2.354000,10.157212,0.891634,4.374827,-1.771936,1,10.534083,0.000000,19.988702
2.355000,10.161585,0.889860,4.372217,-1.775542,1,10.534083,0.000000,19.988702
2.356000,10.165956,0.888083,4.369373,-1.778524,1,10.534083,0.000000,19.988702
2.357000,10.170324,0.886303,4.366300,-1.780883,1,10.534083,0.000000,19.988702
2.358000,10.174689,0.884522,4.363004,-1.782619,1,10.534083,0.000000,19.988702
2.359000,10.179050,0.882738,4.359488,-1.783734,1,10.534083,0.000000,19.988702
2.360000,10.183407,0.880954,4.355760,-1.784226,1,10.534083,0.000000,19.988702
2.361000,10.187761,0.879170,4.351825,-1.784097,1,10.534083,0.000000,19.988702
2.362000,10.192111,0.877386,4.347688,-1.783348,1,10.534083,0.000000,19.988702
2.363000,10.196457,0.875604,4.343354,-1.781980,1,10.534083,0.000000,19.988702
2.364000,10.200798,0.873823,4.338831,-1.779994,1,10.534083,0.000000,19.988702
2.365000,10.205134,0.872044,4.334123,-1.777392,1,10.534083,0.000000,19.988702
2.366000,10.209466,0.870268,4.329236,-1.774174,1,10.534083,0.000000,19.988702
2.367000,10.213793,0.868496,4.324177,-1.770343,1,10.534083,0.000000,19.988702
2.368000,10.218114,0.866728,4.318951,-1.765900,1,10.534083,0.000000,19.988702
2.369000,10.222430,0.864964,4.313565,-1.760848,1,10.534083,0.000000,19.988702
2.370000,10.226741,0.863206,4.308024,-1.755189,1,10.534083,0.000000,19.988702
2.371000,10.231046,0.861454,4.302335,-1.748924,1,10.534083,0.000000,19.988702
2.372000,10.235346,0.859708,4.296505,-1.742057,1,10.534083,0.000000,19.988702
2.373000,10.239639,0.857970,4.290539,-1.734590,1,10.534083,0.000000,19.988702
2.374000,10.243927,0.856239,4.284443,-1.726526,1,10.534083,0.000000,19.988702
2.375000,10.248208,0.854517,4.278225,-1.717868,1,10.534083,0.000000,19.988702
2.376000,10.252483,0.852804,4.271890,-1.708619,1,10.534083,0.000000,19.988702
2.377000,10.256752,0.851100,4.265446,-1.698782,1,10.534083,0.000000,19.988702
2.378000,10.261014,0.849407,4.258898,-1.688361,1,10.534083,0.000000,19.988702
2.379000,10.265270,0.847724,4.252254,-1.677360,1,10.534083,0.000000,19.988702
2.380000,10.269519,0.846052,4.245519,-1.665783,1,10.534083,0.000000,19.988702
2.381000,10.273761,0.844392,4.238700,-1.653633,1,10.534083,0.000000,19.988702
2.382000,10.277996,0.842745,4.231805,-1.640914,1,10.534083,0.000000,19.988702
2.383000,10.282224,0.841111,4.224839,-1.627632,1,10.534083,0.000000,19.988702
2.384000,10.286446,0.839490,4.217810,-1.613790,1,10.534083,0.000000,19.988702
2.385000,10.290660,0.837883,4.210724,-1.599394,1,10.534083,0.000000,19.988702
2.386000,10.294867,0.836291,4.203587,-1.584447,1,10.534083,0.000000,19.988702
2.387000,10.299067,0.834714,4.196407,-1.568956,1,10.534083,0.000000,19.988702
2.388000,10.303260,0.833154,4.189189,-1.552925,1,10.534083,0.000000,19.988702
2.389000,10.307445,0.831609,4.181942,-1.536359,1,10.534083,0.000000,19.988702
2.390000,10.311624,0.830081,4.174671,-1.519265,1,10.534083,0.000000,19.988702
2.391000,10.315795,0.828570,4.167383,-1.501648,1,10.534083,0.000000,19.988702
2.392000,10.319959,0.827078,4.160085,-1.483513,1,10.534083,0.000000,19.988702
2.393000,10.324115,0.825604,4.152783,-1.464868,1,10.534083,0.000000,19.988702
2.394000,10.328264,0.824148,4.145484,-1.445717,1,10.534083,0.000000,19.988702
2.395000,10.332406,0.822712,4.138195,-1.426068,1,10.534083,0.000000,19.988702
2.396000,10.336540,0.821296,4.130922,-1.405927,1,10.534083,0.000000,19.988702
2.397000,10.340668,0.819901,4.123672,-1.385300,1,10.534083,0.000000,19.988702
2.398000,10.344788,0.818526,4.116451,-1.364195,1,10.534083,0.000000,19.988702
2.399000,10.348901,0.817172,4.109266,-1.342619,1,10.534083,0.000000,19.988702
2.400000,10.353006,0.815841,4.102122,-1.320578,1,10.534083,0.000000,19.988702
2.401000,10.357105,0.814531,4.095027,-1.298080,1,10.534083,0.000000,19.988702
2.402000,10.361196,0.813245,4.087987,-1.275133,1,10.534083,0.000000,19.988702
2.403000,10.365281,0.811981,4.081007,-1.251744,1,10.534083,0.000000,19.988702
2.404000,10.369358,0.810741,4.074095,-1.227922,1,10.534083,0.000000,19.988702
2.405000,10.373429,0.809526,4.067255,-1.203673,1,10.534083,0.000000,19.988702
2.406000,10.377493,0.808334,4.060495,-1.179006,1,10.534083,0.000000,19.988702
2.407000,10.381550,0.807168,4.053820,-1.153930,1,10.534083,0.000000,19.988702
2.408000,10.385601,0.806026,4.047235,-1.128452,1,10.534083,0.000000,19.988702
2.409000,10.389645,0.804911,4.040748,-1.102582,1,10.534083,0.000000,19.988702
2.410000,10.393682,0.803821,4.034363,-1.076328,1,10.534083,0.000000,19.988702
2.411000,10.397713,0.802758,4.028085,-1.049699,1,10.534083,0.000000,19.988702
2.412000,10.401738,0.801722,4.021921,-1.022704,1,10.534083,0.000000,19.988702
2.413000,10.405757,0.800713,4.015876,-0.995352,1,10.534083,0.000000,19.988702
2.414000,10.409770,0.799732,4.009955,-0.967653,1,10.534083,0.000000,19.988702
2.415000,10.413777,0.798778,4.004164,-0.939615,1,10.534083,0.000000,19.988702
2.416000,10.417779,0.797852,3.998506,-0.911248,1,10.534083,0.000000,19.988702
2.417000,10.421774,0.796956,3.992988,-0.882562,1,10.534083,0.000000,19.988702
2.418000,10.425765,0.796087,3.987614,-0.853567,1,10.534083,0.000000,19.988702
2.419000,10.429750,0.795249,3.982389,-0.824273,1,10.534083,0.000000,19.988702
2.420000,10.433729,0.794439,3.977316,-0.794689,1,10.534083,0.000000,19.988702
2.421000,10.437704,0.793659,3.972402,-0.764825,1,10.534083,0.000000,19.988702
2.422000,10.441674,0.792909,3.967649,-0.734693,1,10.534083,0.000000,19.988702
2.423000,10.445640,0.792190,3.963063,-0.704302,1,10.534083,0.000000,19.988702
2.424000,10.449600,0.791501,3.958646,-0.673662,1,10.534083,0.000000,19.988702
2.425000,10.453557,0.790843,3.954403,-0.642785,1,10.534083,0.000000,19.988702
2.426000,10.457509,0.790215,3.950338,-0.611680,1,10.534083,0.000000,19.988702
2.427000,10.461458,0.789619,3.946454,-0.580360,1,10.534083,0.000000,19.988702
2.428000,10.465402,0.789055,3.942754,-0.548833,1,10.534083,0.000000,19.988702
2.429000,10.469343,0.788522,3.939241,-0.517112,1,10.534083,0.000000,19.988702
2.430000,10.473281,0.788021,3.935920,-0.485207,1,10.534083,0.000000,19.988702
2.431000,10.477215,0.787551,3.932791,-0.453129,1,10.534083,0.000000,19.988702
2.432000,10.481147,0.787114,3.929859,-0.420890,1,10.534083,0.000000,19.988702
2.433000,10.485075,0.786710,3.927126,-0.388500,1,10.534083,0.000000,19.988702
2.434000,10.489001,0.786337,3.924594,-0.355971,1,10.534083,0.000000,19.988702
2.435000,10.492924,0.785998,3.922264,-0.323315,1,10.534083,0.000000,19.988702
2.436000,10.496845,0.785691,3.920140,-0.290542,1,10.534083,0.000000,19.988702
2.437000,10.500765,0.785417,3.918223,-0.257663,1,10.534083,0.000000,19.988702
2.438000,10.504682,0.785176,3.916515,-0.224692,1,10.534083,0.000000,19.988702
2.439000,10.508598,0.784967,3.915017,-0.191638,1,10.534083,0.000000,19.988702
2.440000,10.512512,0.784792,3.913730,-0.158513,1,10.534083,0.000000,19.988702
2.441000,10.516425,0.784650,3.912655,-0.125329,1,10.534083,0.000000,19.988702
2.442000,10.520337,0.784542,3.911794,-0.092098,1,10.534083,0.000000,19.988702
2.443000,10.524249,0.784466,3.911146,-0.058831,1,10.534083,0.000000,19.988702
2.444000,10.528160,0.784424,3.910713,-0.025540,1,10.534083,0.000000,19.988702
2.445000,10.532070,0.784415,3.910495,0.007764,1,10.534083,0.000000,19.988702
2.446000,10.535981,0.784440,3.910492,0.041069,1,10.534083,0.000000,19.988702
2.447000,10.539891,0.784497,3.910704,0.074363,1,10.534083,0.000000,19.988702
2.448000,10.543802,0.784588,3.911130,0.107635,1,10.534083,0.000000,19.988702
2.449000,10.547714,0.784713,3.911771,0.140873,1,10.534083,0.000000,19.988702
2.450000,10.551626,0.784870,3.912625,0.174066,1,10.534083,0.000000,19.988702
2.451000,10.555539,0.785061,3.913692,0.207201,1,10.534083,0.000000,19.988702
2.452000,10.559453,0.785284,3.914970,0.240268,1,10.534083,0.000000,19.988702
2.453000,10.563369,0.785541,3.916459,0.273255,1,10.534083,0.000000,19.988702
2.454000,10.567286,0.785831,3.918157,0.306150,1,10.534083,0.000000,19.988702
2.455000,10.571205,0.786153,3.920063,0.338942,1,10.534083,0.000000,19.988702
2.456000,10.575127,0.786509,3.922175,0.371620,1,10.534083,0.000000,19.988702
2.457000,10.579050,0.786897,3.924491,0.404172,1,10.534083,0.000000,19.988702
2.458000,10.582976,0.787317,3.927008,0.436586,1,10.534083,0.000000,19.988702
2.459000,10.586904,0.787770,3.929725,0.468852,1,10.534083,0.000000,19.988702
2.460000,10.590835,0.788255,3.932639,0.500958,1,10.534083,0.000000,19.988702
2.461000,10.594769,0.788772,3.935748,0.532894,1,10.534083,0.000000,19.988702
2.462000,10.598707,0.789320,3.939048,0.564647,1,10.534083,0.000000,19.988702
2.463000,10.602647,0.789901,3.942537,0.596208,1,10.534083,0.000000,19.988702
2.464000,10.606592,0.790513,3.946212,0.627565,1,10.534083,0.000000,19.988702
2.465000,10.610540,0.791156,3.950069,0.658707,1,10.534083,0.000000,19.988702
2.466000,10.614492,0.791830,3.954104,0.689624,1,10.534083,0.000000,19.988702
2.467000,10.618448,0.792535,3.958315,0.720305,1,10.534083,0.000000,19.988702
2.468000,10.622409,0.793271,3.962698,0.750739,1,10.534083,0.000000,19.988702
2.469000,10.626374,0.794036,3.967248,0.780917,1,10.534083,0.000000,19.988702
2.470000,10.630343,0.794832,3.971961,0.810827,1,10.534083,0.000000,19.988702
2.471000,10.634318,0.795658,3.976834,0.840459,1,10.534083,0.000000,19.988702
2.472000,10.638297,0.796513,3.981861,0.869803,1,10.534083,0.000000,19.988702
2.473000,10.642281,0.797398,3.987040,0.898850,1,10.534083,0.000000,19.988702
2.474000,10.646271,0.798311,3.992363,0.927589,1,10.534083,0.000000,19.988702
2.475000,10.650266,0.799253,3.997828,0.956010,1,10.534083,0.000000,19.988702
2.476000,10.654267,0.800223,4.003430,0.984104,1,10.534083,0.000000,19.988702
2.477000,10.658273,0.801221,4.009162,1.011861,1,10.534083,0.000000,19.988702
2.478000,10.662285,0.802246,4.015021,1.039273,1,10.534083,0.000000,19.988702
2.479000,10.666303,0.803299,4.021000,1.066328,1,10.534083,0.000000,19.988702
2.480000,10.670327,0.804379,4.027095,1.093019,1,10.534083,0.000000,19.988702
2.481000,10.674357,0.805485,4.033301,1.119336,1,10.534083,0.000000,19.988702
2.482000,10.678394,0.806617,4.039610,1.145271,1,10.534083,0.000000,19.988702
2.483000,10.682437,0.807775,4.046019,1.170815,1,10.534083,0.000000,19.988702
2.484000,10.686486,0.808959,4.052521,1.195958,1,10.534083,0.000000,19.988702
2.485000,10.690542,0.810167,4.059111,1.220693,1,10.534083,0.000000,19.988702
2.486000,10.694604,0.811400,4.065782,1.245012,1,10.534083,0.000000,19.988702
2.487000,10.698673,0.812657,4.072529,1.268906,1,10.534083,0.000000,19.988702
2.488000,10.702749,0.813938,4.079345,1.292366,1,10.534083,0.000000,19.988702
2.489000,10.706832,0.815242,4.086225,1.315387,1,10.534083,0.000000,19.988702
2.490000,10.710922,0.816568,4.093162,1.337959,1,10.534083,0.000000,19.988702
2.491000,10.715018,0.817917,4.100150,1.360074,1,10.534083,0.000000,19.988702
2.492000,10.719122,0.819288,4.107183,1.381727,1,10.534083,0.000000,19.988702
2.493000,10.723233,0.820681,4.114254,1.402909,1,10.534083,0.000000,19.988702
2.494000,10.727351,0.822094,4.121357,1.423614,1,10.534083,0.000000,19.988702
2.495000,10.731475,0.823528,4.128486,1.443834,1,10.534083,0.000000,19.988702
2.496000,10.735608,0.824982,4.135634,1.463563,1,10.534083,0.000000,19.988702
2.497000,10.739747,0.826455,4.142794,1.482793,1,10.534083,0.000000,19.988702
2.498000,10.743893,0.827947,4.149961,1.501520,1,10.534083,0.000000,19.988702
2.499000,10.748047,0.829458,4.157126,1.519737,1,10.534083,0.000000,19.988702
2.500000,10.752207,0.830986,4.164285,1.537436,1,10.534083,0.000000,19.988702
2.501000,10.756375,0.832532,4.171429,1.554614,1,10.534083,0.000000,19.988702
2.502000,10.760550,0.834095,4.178554,1.571263,1,10.534083,0.000000,19.988702
2.503000,10.764732,0.835675,4.185651,1.587378,1,10.534083,0.000000,19.988702
2.504000,10.768922,0.837270,4.192714,1.602954,1,10.534083,0.000000,19.988702
2.505000,10.773118,0.838880,4.199737,1.617986,1,10.534083,0.000000,19.988702
2.506000,10.777321,0.840506,4.206713,1.632468,1,10.534083,0.000000,19.988702
2.507000,10.781531,0.842145,4.213635,1.646396,1,10.534083,0.000000,19.988702
2.508000,10.785748,0.843798,4.220496,1.659764,1,10.534083,0.000000,19.988702
2.509000,10.789972,0.845465,4.227291,1.672569,1,10.534083,0.000000,19.988702
2.510000,10.794203,0.847143,4.234012,1.684806,1,10.534083,0.000000,19.988702
2.511000,10.798440,0.848834,4.240653,1.696470,1,10.534083,0.000000,19.988702
2.512000,10.802684,0.850536,4.247207,1.707559,1,10.534083,0.000000,19.988702
2.513000,10.806935,0.852249,4.253667,1.718066,1,10.534083,0.000000,19.988702
2.514000,10.811191,0.853972,4.260028,1.727990,1,10.534083,0.000000,19.988702
2.515000,10.815455,0.855705,4.266282,1.737327,1,10.534083,0.000000,19.988702
2.516000,10.819724,0.857446,4.272423,1.746072,1,10.534083,0.000000,19.988702
2.517000,10.823999,0.859197,4.278445,1.754224,1,10.534083,0.000000,19.988702
2.518000,10.828281,0.860955,4.284341,1.761778,1,10.534083,0.000000,19.988702
2.519000,10.832568,0.862720,4.290105,1.768732,1,10.534083,0.000000,19.988702
2.520000,10.836861,0.864492,4.295731,1.775084,1,10.534083,0.000000,19.988702
2.521000,10.841159,0.866270,4.301212,1.780830,1,10.534083,0.000000,19.988702
2.522000,10.845463,0.868053,4.306542,1.785968,1,10.534083,0.000000,19.988702
2.523000,10.849772,0.869842,4.311716,1.790497,1,10.534083,0.000000,19.988702
2.524000,10.854087,0.871634,4.316726,1.794414,1,10.534083,0.000000,19.988702
2.525000,10.858406,0.873430,4.321568,1.797717,1,10.534083,0.000000,19.988702
2.526000,10.862730,0.875229,4.326234,1.800405,1,10.534083,0.000000,19.988702
2.527000,10.867058,0.877031,4.330720,1.802475,1,10.534083,0.000000,19.988702
2.528000,10.871391,0.878834,4.335019,1.803927,1,10.534083,0.000000,19.988702
2.529000,10.875728,0.880639,4.339126,1.804760,1,10.534083,0.000000,19.988702
2.530000,10.880069,0.882443,4.343034,1.804971,1,10.534083,0.000000,19.988702
2.531000,10.884414,0.884248,4.346739,1.804561,1,10.534083,0.000000,19.988702
2.532000,10.888763,0.886052,4.350234,1.803529,1,10.534083,0.000000,19.988702
2.533000,10.893115,0.887855,4.353515,1.801873,1,10.534083,0.000000,19.988702
2.534000,10.897470,0.889656,4.356575,1.799595,1,10.534083,0.000000,19.988702
2.535000,10.901828,0.891454,4.359410,1.796692,1,10.534083,0.000000,19.988702
2.536000,10.906188,0.893249,4.362015,1.793165,1,10.534083,0.000000,19.988702
2.537000,10.910552,0.895040,4.364384,1.789015,1,10.534083,0.000000,19.988702
2.538000,10.914917,0.896827,4.366512,1.784241,1,10.534083,0.000000,19.988702
2.539000,10.919285,0.898608,4.368395,1.778844,1,10.534083,0.000000,19.988702
2.540000,10.923654,0.900384,4.370026,1.772824,1,10.534083,0.000000,19.988702
2.541000,10.928025,0.902154,4.371403,1.766181,1,10.534083,0.000000,19.988702
2.542000,10.932397,0.903917,4.372520,1.758917,1,10.534083,0.000000,19.988702
2.543000,10.936769,0.905672,4.373372,1.751033,1,10.534083,0.000000,19.988702
2.544000,10.941143,0.907418,4.373955,1.742529,1,10.534083,0.000000,19.988702
2.545000,10.945517,0.909156,4.374265,1.733406,1,10.534083,0.000000,19.988702
2.546000,10.949892,0.910885,4.374297,1.723667,0,11.366917,0.001990,19.988532
2.547000,10.954266,0.912604,4.374297,1.713857,0,11.371291,0.003709,19.988532
2.548000,10.958640,0.914313,4.374297,1.704047,0,11.375666,0.005418,19.988532
2.549000,10.963015,0.916012,4.374297,1.694237,0,11.380040,0.007117,19.988532
2.550000,10.967389,0.917701,4.374297,1.684427,0,11.384414,0.008806,19.988532
2.551000,10.971763,0.919381,4.374297,1.674617,0,11.388788,0.010486,19.988532
2.552000,10.976137,0.921050,4.374297,1.664807,0,11.393163,0.012156,19.988532
2.553000,10.980512,0.922710,4.374297,1.654997,0,11.397537,0.013815,19.988532
2.554000,10.984886,0.924360,4.374297,1.645187,0,11.401911,0.015466,19.988532
2.555000,10.989260,0.926001,4.374297,1.635377,0,11.406286,0.017106,19.988532
2.556000,10.993635,0.927631,4.374297,1.625567,0,11.410660,0.018736,19.988532
2.557000,10.998009,0.929252,4.374297,1.615757,0,11.415034,0.020357,19.988532
2.558000,11.002383,0.930863,4.374297,1.605947,0,11.419408,0.021968,19.988532
2.559000,11.006757,0.932464,4.374297,1.596137,0,11.423783,0.023569,19.988532
2.560000,11.011132,0.934055,4.374297,1.586327,0,11.428157,0.025160,19.988532
2.561000,11.015506,0.935636,4.374297,1.576517,0,11.432531,0.026741,19.988532
2.562000,11.019880,0.937208,4.374297,1.566707,0,11.436906,0.028313,19.988532
2.563000,11.024255,0.938770,4.374297,1.556897,0,11.441280,0.029875,19.988532
2.564000,11.028629,0.940322,4.374297,1.547087,0,11.445654,0.031427,19.988532
2.565000,11.033003,0.941864,4.374297,1.537277,0,11.450029,0.032969,19.988532
2.566000,11.037378,0.943396,4.374297,1.527467,0,11.454403,0.034501,19.988532
2.567000,11.041752,0.944919,4.374297,1.517657,0,11.458777,0.036024,19.988532
2.568000,11.046126,0.946432,4.374297,1.507847,0,11.463151,0.037537,19.988532
2.569000,11.050500,0.947935,4.374297,1.498037,0,11.467526,0.039040,19.988532
2.570000,11.054875,0.949428,4.374297,1.488227,0,11.471900,0.040533,19.988532
2.571000,11.059249,0.950911,4.374297,1.478417,0,11.476274,0.042016,19.988532
2.572000,11.063623,0.952385,4.374297,1.468607,0,11.480649,0.043490,19.988532
2.573000,11.067998,0.953848,4.374297,1.458797,0,11.485023,0.044953,19.988532
2.574000,11.072372,0.955302,4.374297,1.448987,0,11.489397,0.046407,19.988532
2.575000,11.076746,0.956746,4.374297,1.439177,0,11.493772,0.047851,19.988532
2.576000,11.081121,0.958181,4.374297,1.429367,0,11.498146,0.049286,19.988532
2.577000,11.085495,0.959605,4.374297,1.419557,0,11.502520,0.050710,19.988532
2.578000,11.089869,0.961020,4.374297,1.409747,0,11.506894,0.052125,19.988532
2.579000,11.094243,0.962424,4.374297,1.399937,0,11.511269,0.053530,19.988532
2.580000,11.098618,0.963819,4.374297,1.390127,0,11.515643,0.054925,19.988532
2.581000,11.102992,0.965205,4.374297,1.380317,0,11.520017,0.056310,19.988532
2.582000,11.107366,0.966580,4.374297,1.370507,0,11.524392,0.057685,19.988532
2.583000,11.111741,0.967946,4.374297,1.360697,0,11.528766,0.059051,19.988532
2.584000,11.116115,0.969302,4.374297,1.350887,0,11.533140,0.060407,19.988532
2.585000,11.120489,0.970648,4.374297,1.341077,0,11.537515,0.061753,19.988532
2.586000,11.124863,0.971984,4.374297,1.331267,0,11.541889,0.063089,19.988532
2.587000,11.129238,0.973310,4.374297,1.321457,0,11.546263,0.064415,19.988532
2.588000,11.133612,0.974627,4.374297,1.311647,0,11.550637,0.065732,19.988532
2.589000,11.137986,0.975933,4.374297,1.301837,0,11.555012,0.067038,19.988532
2.590000,11.142361,0.977230,4.374297,1.292027,0,11.559386,0.068335,19.988532
2.591000,11.146735,0.978517,4.374297,1.282217,0,11.563760,0.069623,19.988532
2.592000,11.151109,0.979795,4.374297,1.272407,0,11.568135,0.070900,19.988532
2.593000,11.155484,0.981062,4.374297,1.262597,0,11.572509,0.072167,19.988532
2.594000,11.159858,0.982320,4.374297,1.252787,0,11.576883,0.073425,19.988532
2.595000,11.164232,0.983568,4.374297,1.242977,0,11.581257,0.074673,19.988532
2.596000,11.168606,0.984806,4.374297,1.233167,0,11.585632,0.075911,19.988532
2.597000,11.172981,0.986034,4.374297,1.223357,0,11.590006,0.077139,19.988532
2.598000,11.177355,0.987253,4.374297,1.213547,0,11.594380,0.078358,19.988532
2.599000,11.181729,0.988461,4.374297,1.203737,0,11.598755,0.079566,19.988532
2.600000,11.186104,0.989660,4.374297,1.193927,0,11.603129,0.080765,19.988532
2.601000,11.190478,0.990849,4.374297,1.184117,0,11.607503,0.081954,19.988532
2.602000,11.194852,0.992028,4.374297,1.174307,0,11.611878,0.083133,19.988532
2.603000,11.199227,0.993198,4.374297,1.164497,0,11.616252,0.084303,19.988532
2.604000,11.203601,0.994357,4.374297,1.154687,0,11.620626,0.085462,19.988532
2.605000,11.207975,0.995507,4.374297,1.144877,0,11.625000,0.086612,19.988532
2.606000,11.212349,0.996647,4.374297,1.135067,0,11.629375,0.087752,19.988532
2.607000,11.216724,0.997777,4.374297,1.125257,0,11.633749,0.088882,19.988532
2.608000,11.221098,0.998898,4.374297,1.115447,0,11.638123,0.090003,19.988532
2.609000,11.225472,1.000008,4.374297,1.105637,0,11.642498,0.091113,19.988532
2.610000,11.229847,1.001109,4.374297,1.095827,0,11.646872,0.092214,19.988532
2.611000,11.234221,1.002200,4.374297,1.086017,0,11.651246,0.093305,19.988532
2.612000,11.238595,1.003281,4.374297,1.076207,0,11.655621,0.094386,19.988532
2.613000,11.242969,1.004352,4.374297,1.066397,0,11.659995,0.095457,19.988532
2.614000,11.247344,1.005414,4.374297,1.056587,0,11.664369,0.096519,19.988532
2.615000,11.251718,1.006465,4.374297,1.046777,0,11.668743,0.097570,19.988532
2.616000,11.256092,1.007507,4.374297,1.036967,0,11.673118,0.098612,19.988532
2.617000,11.260467,1.008539,4.374297,1.027157,0,11.677492,0.099644,19.988532
2.618000,11.264841,1.009562,4.374297,1.017347,0,11.681866,0.100667,19.988532
2.619000,11.269215,1.010574,4.374297,1.007537,0,11.686241,0.101679,19.988532
2.620000,11.273590,1.011577,4.374297,0.997727,0,11.690615,0.102682,19.988532
2.621000,11.277964,1.012569,4.374297,0.987917,0,11.694989,0.103675,19.988532
2.622000,11.282338,1.013552,4.374297,0.978107,0,11.699363,0.104658,19.988532
2.623000,11.286712,1.014526,4.374297,0.968297,0,11.703738,0.105631,19.988532
2.624000,11.291087,1.015489,4.374297,0.958487,0,11.708112,0.106594,19.988532
2.625000,11.295461,1.016443,4.374297,0.948677,0,11.712486,0.107548,19.988532
2.626000,11.299835,1.017386,4.374297,0.938867,0,11.716861,0.108491,19.988532
2.627000,11.304210,1.018320,4.374297,0.929057,0,11.721235,0.109425,19.988532
2.628000,11.308584,1.019244,4.374297,0.919247,0,11.725609,0.110350,19.988532
2.629000,11.312958,1.020159,4.374297,0.909437,0,11.729984,0.111264,19.988532
2.630000,11.317333,1.021063,4.374297,0.899627,0,11.734358,0.112168,19.988532
2.631000,11.321707,1.021958,4.374297,0.889817,0,11.738732,0.113063,19.988532
2.632000,11.326081,1.022843,4.374297,0.880007,0,11.743106,0.113948,19.988532
2.633000,11.330455,1.023718,4.374297,0.870197,0,11.747481,0.114823,19.988532
2.634000,11.334830,1.024583,4.374297,0.860387,0,11.751855,0.115689,19.988532
2.635000,11.339204,1.025439,4.374297,0.850577,0,11.756229,0.116544,19.988532
2.636000,11.343578,1.026285,4.374297,0.840767,0,11.760604,0.117390,19.988532
2.637000,11.347953,1.027120,4.374297,0.830957,0,11.764978,0.118226,19.988532
2.638000,11.352327,1.027946,4.374297,0.821147,0,11.769352,0.119052,19.988532
2.639000,11.356701,1.028763,4.374297,0.811337,0,11.773727,0.119868,19.988532
2.640000,11.361075,1.029569,4.374297,0.801527,0,11.778101,0.120674,19.988532
2.641000,11.365450,1.030366,4.374297,0.791717,0,11.782475,0.121471,19.988532
2.642000,11.369824,1.031153,4.374297,0.781907,0,11.786849,0.122258,19.988532
2.643000,11.374198,1.031930,4.374297,0.772097,0,11.791224,0.123035,19.988532
2.644000,11.378573,1.032697,4.374297,0.762287,0,11.795598,0.123802,19.988532
2.645000,11.382947,1.033454,4.374297,0.752477,0,11.799972,0.124559,19.988532
2.646000,11.387321,1.034202,4.374297,0.742667,0,11.804347,0.125307,19.988532
2.647000,11.391696,1.034939,4.374297,0.732857,0,11.808721,0.126045,19.988532
2.648000,11.396070,1.035667,4.374297,0.723047,0,11.813095,0.126773,19.988532
2.649000,11.400444,1.036386,4.374297,0.713237,0,11.817469,0.127491,19.988532
2.650000,11.404818,1.037094,4.374297,0.703427,0,11.821844,0.128199,19.988532
2.651000,11.409193,1.037792,4.374297,0.693617,0,11.826218,0.128898,19.988532
2.652000,11.413567,1.038481,4.374297,0.683807,0,11.830592,0.129586,19.988532
2.653000,11.417941,1.039160,4.374297,0.673997,0,11.834967,0.130265,19.988532
2.654000,11.422316,1.039829,4.374297,0.664187,0,11.839341,0.130934,19.988532
2.655000,11.426690,1.040488,4.374297,0.654377,0,11.843715,0.131594,19.988532
2.656000,11.431064,1.041138,4.374297,0.644567,0,11.848090,0.132243,19.988532
2.657000,11.435439,1.041778,4.374297,0.634757,0,11.852464,0.132883,19.988532
2.658000,11.439813,1.042407,4.374297,0.624947,0,11.856838,0.133513,19.988532
2.659000,11.444187,1.043027,4.374297,0.615137,0,11.861212,0.134133,19.988532
2.660000,11.448561,1.043638,4.374297,0.605327,0,11.865587,0.134743,19.988532
2.661000,11.452936,1.044238,4.374297,0.595517,0,11.869961,0.135343,19.988532
2.662000,11.457310,1.044829,4.374297,0.585707,0,11.874335,0.135934,19.988532
2.663000,11.461684,1.045410,4.374297,0.575897,0,11.878710,0.136515,19.988532
2.664000,11.466059,1.045981,4.374297,0.566087,0,11.883084,0.137086,19.988532
2.665000,11.470433,1.046542,4.374297,0.556277,0,11.887458,0.137647,19.988532
2.666000,11.474807,1.047093,4.374297,0.546467,0,11.891833,0.138198,19.988532
2.667000,11.479182,1.047635,4.374297,0.536657,0,11.896207,0.138740,19.988532
2.668000,11.483556,1.048166,4.374297,0.526847,0,11.900581,0.139272,19.988532
2.669000,11.487930,1.048688,4.374297,0.517037,0,11.904955,0.139793,19.988532
2.670000,11.492304,1.049200,4.374297,0.507227,0,11.909330,0.140306,19.988532
2.671000,11.496679,1.049703,4.374297,0.497417,0,11.913704,0.140808,19.988532
2.672000,11.501053,1.050195,4.374297,0.487607,0,11.918078,0.141300,19.988532
2.673000,11.505427,1.050678,4.374297,0.477797,0,11.922453,0.141783,19.988532
2.674000,11.509802,1.051151,4.374297,0.467987,0,11.926827,0.142256,19.988532
2.675000,11.514176,1.051614,4.374297,0.458177,0,11.931201,0.142719,19.988532
2.676000,11.518550,1.052067,4.374297,0.448367,0,11.935575,0.143172,19.988532
2.677000,11.522924,1.052511,4.374297,0.438557,0,11.939950,0.143616,19.988532
2.678000,11.527299,1.052944,4.374297,0.428747,0,11.944324,0.144049,19.988532
2.679000,11.531673,1.053368,4.374297,0.418937,0,11.948698,0.144473,19.988532
2.680000,11.536047,1.053782,4.374297,0.409127,0,11.953073,0.144887,19.988532
2.681000,11.540422,1.054186,4.374297,0.399317,0,11.957447,0.145292,19.988532
2.682000,11.544796,1.054581,4.374297,0.389507,0,11.961821,0.145686,19.988532
2.683000,11.549170,1.054965,4.374297,0.379697,0,11.966196,0.146071,19.988532
2.684000,11.553545,1.055340,4.374297,0.369887,0,11.970570,0.146445,19.988532
2.685000,11.557919,1.055705,4.374297,0.360077,0,11.974944,0.146810,19.988532
2.686000,11.562293,1.056060,4.374297,0.350267,0,11.979318,0.147166,19.988532
2.687000,11.566667,1.056406,4.374297,0.340457,0,11.983693,0.147511,19.988532
2.688000,11.571042,1.056741,4.374297,0.330647,0,11.988067,0.147846,19.988532
2.689000,11.575416,1.057067,4.374297,0.320837,0,11.992441,0.148172,19.988532
2.690000,11.579790,1.057383,4.374297,0.311027,0,11.996816,0.148488,19.988532
2.691000,11.584165,1.057689,4.374297,0.301217,0,12.001190,0.148794,19.988532
2.692000,11.588539,1.057985,4.374297,0.291407,0,12.005564,0.149091,19.988532
2.693000,11.592913,1.058272,4.374297,0.281597,0,12.009939,0.149377,19.988532
2.694000,11.597288,1.058549,4.374297,0.271787,0,12.014313,0.149654,19.988532
2.695000,11.601662,1.058816,4.374297,0.261977,0,12.018687,0.149921,19.988532
2.696000,11.606036,1.059073,4.374297,0.252167,0,12.023061,0.150178,19.988532
2.697000,11.610410,1.059320,4.374297,0.242357,0,12.027436,0.150425,19.988532
2.698000,11.614785,1.059557,4.374297,0.232547,0,12.031810,0.150662,19.988532
2.699000,11.619159,1.059785,4.374297,0.222737,0,12.036184,0.150890,19.988532
2.700000,11.623533,1.060003,4.374297,0.212927,0,12.040559,0.151108,19.988532
2.701000,11.627908,1.060211,4.374297,0.203117,0,12.044933,0.151316,19.988532
2.702000,11.632282,1.060409,4.374297,0.193307,0,12.049307,0.151514,19.988532
2.703000,11.636656,1.060597,4.374297,0.183497,0,12.053682,0.151703,19.988532
2.704000,11.641030,1.060776,4.374297,0.173687,0,12.058056,0.151881,19.988532
2.705000,11.645405,1.060945,4.374297,0.163877,0,12.062430,0.152050,19.988532
2.706000,11.649779,1.061104,4.374297,0.154067,0,12.066804,0.152209,19.988532
2.707000,11.654153,1.061253,4.374297,0.144257,0,12.071179,0.152358,19.988532
2.708000,11.658528,1.061392,4.374297,0.134447,0,12.075553,0.152497,19.988532
2.709000,11.662902,1.061522,4.374297,0.124637,0,12.079927,0.152627,19.988532
2.710000,11.667276,1.061642,4.374297,0.114827,0,12.084302,0.152747,19.988532
2.711000,11.671651,1.061751,4.374297,0.105017,0,12.088676,0.152857,19.988532
2.712000,11.676025,1.061852,4.374297,0.095207,0,12.093050,0.152957,19.988532
2.713000,11.680399,1.061942,4.374297,0.085397,0,12.097424,0.153047,19.988532
2.714000,11.684773,1.062022,4.374297,0.075587,0,12.101799,0.153127,19.988532
2.715000,11.689148,1.062093,4.374297,0.065777,0,12.106173,0.153198,19.988532
2.716000,11.693522,1.062154,4.374297,0.055967,0,12.110547,0.153259,19.988532
2.717000,11.697896,1.062205,4.374297,0.046157,0,12.114922,0.153310,19.988532
2.718000,11.702271,1.062246,4.374297,0.036347,0,12.119296,0.153351,19.988532
2.719000,11.706645,1.062278,4.374297,0.026537,0,12.123670,0.153383,19.988532
2.720000,11.711019,1.062299,4.374297,0.016727,0,12.128045,0.153404,19.988532
2.721000,11.715394,1.062311,4.374297,0.006917,0,12.132419,0.153416,19.988532
2.722000,11.719768,1.062313,4.374297,-0.002893,0,12.136793,0.153418,19.988532
2.723000,11.724142,1.062305,4.374297,-0.012703,0,12.141167,0.153410,19.988532
2.724000,11.728516,1.062288,4.374297,-0.022513,0,12.145542,0.153393,19.988532
2.725000,11.732891,1.062260,4.374297,-0.032323,0,12.149916,0.153365,19.988532
2.726000,11.737265,1.062223,4.374297,-0.042133,0,12.154290,0.153328,19.988532
2.727000,11.741639,1.062176,4.374297,-0.051943,0,12.158665,0.153281,19.988532
2.728000,11.746014,1.062119,4.374297,-0.061753,0,12.163039,0.153224,19.988532
2.729000,11.750388,1.062053,4.374297,-0.071563,0,12.167413,0.153158,19.988532
2.730000,11.754762,1.061976,4.374297,-0.081373,0,12.171788,0.153081,19.988532
2.731000,11.759136,1.061890,4.374297,-0.091183,0,12.176162,0.152995,19.988532
2.732000,11.763511,1.061794,4.374297,-0.100993,0,12.180536,0.152899,19.988532
2.733000,11.767885,1.061688,4.374297,-0.110803,0,12.184910,0.152793,19.988532
2.734000,11.772259,1.061572,4.374297,-0.120613,0,12.189285,0.152677,19.988532
2.735000,11.776634,1.061447,4.374297,-0.130423,0,12.193659,0.152552,19.988532
2.736000,11.781008,1.061311,4.374297,-0.140233,0,12.198033,0.152416,19.988532
2.737000,11.785382,1.061166,4.374297,-0.150043,0,12.202408,0.152271,19.988532
2.738000,11.789757,1.061011,4.374297,-0.159853,0,12.206782,0.152116,19.988532
2.739000,11.794131,1.060846,4.374297,-0.169663,0,12.211156,0.151952,19.988532
2.740000,11.798505,1.060672,4.374297,-0.179473,0,12.215530,0.151777,19.988532
2.741000,11.802879,1.060487,4.374297,-0.189283,0,12.219905,0.151593,19.988532
2.742000,11.807254,1.060293,4.374297,-0.199093,0,12.224279,0.151398,19.988532
2.743000,11.811628,1.060089,4.374297,-0.208903,0,12.228653,0.151194,19.988532
2.744000,11.816002,1.059875,4.374297,-0.218713,0,12.233028,0.150981,19.988532
2.745000,11.820377,1.059652,4.374297,-0.228523,0,12.237402,0.150757,19.988532
2.746000,11.824751,1.059418,4.374297,-0.238333,0,12.241776,0.150524,19.988532
2.747000,11.829125,1.059175,4.374297,-0.248143,0,12.246151,0.150280,19.988532
2.748000,11.833500,1.058922,4.374297,-0.257953,0,12.250525,0.150027,19.988532
2.749000,11.837874,1.058659,4.374297,-0.267763,0,12.254899,0.149764,19.988532
2.750000,11.842248,1.058387,4.374297,-0.277573,0,12.259273,0.149492,19.988532
2.751000,11.846622,1.058104,4.374297,-0.287383,0,12.263648,0.149209,19.988532
2.752000,11.850997,1.057812,4.374297,-0.297193,0,12.268022,0.148917,19.988532
2.753000,11.855371,1.057510,4.374297,-0.307003,0,12.272396,0.148615,19.988532
2.754000,11.859745,1.057198,4.374297,-0.316813,0,12.276771,0.148303,19.988532
2.755000,11.864120,1.056876,4.374297,-0.326623,0,12.281145,0.147981,19.988532
2.756000,11.868494,1.056545,4.374297,-0.336433,0,12.285519,0.147650,19.988532
2.757000,11.872868,1.056203,4.374297,-0.346243,0,12.289894,0.147308,19.988532
2.758000,11.877243,1.055852,4.374297,-0.356053,0,12.294268,0.146957,19.988532
2.759000,11.881617,1.055491,4.374297,-0.365863,0,12.298642,0.146596,19.988532
2.760000,11.885991,1.055120,4.374297,-0.375673,0,12.303016,0.146226,19.988532
2.761000,11.890365,1.054740,4.374297,-0.385483,0,12.307391,0.145845,19.988532
2.762000,11.894740,1.054349,4.374297,-0.395293,0,12.311765,0.145455,19.988532
2.763000,11.899114,1.053949,4.374297,-0.405103,0,12.316139,0.145054,19.988532
2.764000,11.903488,1.053539,4.374297,-0.414913,0,12.320514,0.144644,19.988532
2.765000,11.907863,1.053119,4.374297,-0.424723,0,12.324888,0.144225,19.988532
2.766000,11.912237,1.052690,4.374297,-0.434533,0,12.329262,0.143795,19.988532
2.767000,11.916611,1.052250,4.374297,-0.444343,0,12.333636,0.143355,19.988532
2.768000,11.920985,1.051801,4.374297,-0.454153,0,12.338011,0.142906,19.988532
2.769000,11.925360,1.051342,4.374297,-0.463963,0,12.342385,0.142447,19.988532
2.770000,11.929734,1.050873,4.374297,-0.473773,0,12.346759,0.141978,19.988532
2.771000,11.934108,1.050394,4.374297,-0.483583,0,12.351134,0.141500,19.988532
2.772000,11.938483,1.049906,4.374297,-0.493393,0,12.355508,0.141011,19.988532
2.773000,11.942857,1.049408,4.374297,-0.503203,0,12.359882,0.140513,19.988532
2.774000,11.947231,1.048900,4.374297,-0.513013,0,12.364257,0.140005,19.988532
2.775000,11.951606,1.048382,4.374297,-0.522823,0,12.368631,0.139487,19.988532
2.776000,11.955980,1.047854,4.374297,-0.532633,0,12.373005,0.138959,19.988532
2.777000,11.960354,1.047316,4.374297,-0.542443,0,12.377379,0.138422,19.988532
2.778000,11.964728,1.046769,4.374297,-0.552253,0,12.381754,0.137874,19.988532
2.779000,11.969103,1.046212,4.374297,-0.562063,0,12.386128,0.137317,19.988532
2.780000,11.973477,1.045645,4.374297,-0.571873,0,12.390502,0.136750,19.988532
2.781000,11.977851,1.045068,4.374297,-0.581683,0,12.394877,0.136173,19.988532
2.782000,11.982226,1.044482,4.374297,-0.591493,0,12.399251,0.135587,19.988532
2.783000,11.986600,1.043885,4.374297,-0.601303,0,12.403625,0.134990,19.988532
2.784000,11.990974,1.043279,4.374297,-0.611113,0,12.408000,0.134384,19.988532
2.785000,11.995349,1.042663,4.374297,-0.620923,0,12.412374,0.133768,19.988532
2.786000,11.999723,1.042037,4.374297,-0.630733,0,12.416748,0.133142,19.988532
2.787000,12.004097,1.041401,4.374297,-0.640543,0,12.421122,0.132507,19.988532
2.788000,12.008471,1.040756,4.374297,-0.650353,0,12.425497,0.131861,19.988532
2.789000,12.012846,1.040101,4.374297,-0.660163,0,12.429871,0.131206,19.988532
2.790000,12.017220,1.039436,4.374297,-0.669973,0,12.434245,0.130541,19.988532
2.791000,12.021594,1.038761,4.374297,-0.679783,0,12.438620,0.129866,19.988532
2.792000,12.025969,1.038076,4.374297,-0.689593,0,12.442994,0.129181,19.988532
2.793000,12.030343,1.037382,4.374297,-0.699403,0,12.447368,0.128487,19.988532
2.794000,12.034717,1.036677,4.374297,-0.709213,0,12.451743,0.127782,19.988532
2.795000,12.039091,1.035963,4.374297,-0.719023,0,12.456117,0.127068,19.988532
2.796000,12.043466,1.035239,4.374297,-0.728833,0,12.460491,0.126344,19.988532
2.797000,12.047840,1.034506,4.374297,-0.738643,0,12.464865,0.125611,19.988532
2.798000,12.052214,1.033762,4.374297,-0.748453,0,12.469240,0.124867,19.988532
2.799000,12.056589,1.033009,4.374297,-0.758263,0,12.473614,0.124114,19.988532
2.800000,12.060963,1.032245,4.374297,-0.768073,0,12.477988,0.123351,19.988532
2.801000,12.065337,1.031473,4.374297,-0.777883,0,12.482363,0.122578,19.988532
2.802000,12.069712,1.030690,4.374297,-0.787693,0,12.486737,0.121795,19.988532
2.803000,12.074086,1.029897,4.374297,-0.797503,0,12.491111,0.121002,19.988532
2.804000,12.078460,1.029095,4.374297,-0.807313,0,12.495485,0.120200,19.988532
2.805000,12.082834,1.028283,4.374297,-0.817123,0,12.499860,0.119388,19.988532
2.806000,12.087209,1.027460,4.374297,-0.826933,0,12.504234,0.118566,19.988532
2.807000,12.091583,1.026629,4.374297,-0.836743,0,12.508608,0.117734,19.988532
2.808000,12.095957,1.025787,4.374297,-0.846553,0,12.512983,0.116892,19.988532
2.809000,12.100332,1.024936,4.374297,-0.856363,0,12.517357,0.116041,19.988532
2.810000,12.104706,1.024074,4.374297,-0.866173,0,12.521731,0.115179,19.988532
2.811000,12.109080,1.023203,4.374297,-0.875983,0,12.526106,0.114308,19.988532
2.812000,12.113455,1.022322,4.374297,-0.885793,0,12.530480,0.113427,19.988532
2.813000,12.117829,1.021432,4.374297,-0.895603,0,12.534854,0.112537,19.988532
2.814000,12.122203,1.020531,4.374297,-0.905413,0,12.539228,0.111636,19.988532
2.815000,12.126577,1.019621,4.374297,-0.915223,0,12.543603,0.110726,19.988532
2.816000,12.130952,1.018701,4.374297,-0.925033,0,12.547977,0.109806,19.988532
2.817000,12.135326,1.017771,4.374297,-0.934843,0,12.552351,0.108876,19.988532
2.818000,12.139700,1.016831,4.374297,-0.944653,0,12.556726,0.107936,19.988532
2.819000,12.144075,1.015881,4.374297,-0.954463,0,12.561100,0.106987,19.988532
2.820000,12.148449,1.014922,4.374297,-0.964273,0,12.565474,0.106027,19.988532
2.821000,12.152823,1.013953,4.374297,-0.974083,0,12.569849,0.105058,19.988532
2.822000,12.157197,1.012974,4.374297,-0.983893,0,12.574223,0.104079,19.988532
2.823000,12.161572,1.011985,4.374297,-0.993703,0,12.578597,0.103090,19.988532
2.824000,12.165946,1.010986,4.374297,-1.003513,0,12.582971,0.102092,19.988532
2.825000,12.170320,1.009978,4.374297,-1.013323,0,12.587346,0.101083,19.988532
2.826000,12.174695,1.008960,4.374297,-1.023133,0,12.591720,0.100065,19.988532
2.827000,12.179069,1.007932,4.374297,-1.032943,0,12.596094,0.099037,19.988532
2.828000,12.183443,1.006894,4.374297,-1.042753,0,12.600469,0.097999,19.988532
2.829000,12.187818,1.005846,4.374297,-1.052563,0,12.604843,0.096951,19.988532
2.830000,12.192192,1.004789,4.374297,-1.062373,0,12.609217,0.095894,19.988532
2.831000,12.196566,1.003722,4.374297,-1.072183,0,12.613591,0.094827,19.988532
2.832000,12.200940,1.002644,4.374297,-1.081993,0,12.617966,0.093750,19.988532
2.833000,12.205315,1.001558,4.374297,-1.091803,0,12.622340,0.092663,19.988532
2.834000,12.209689,1.000461,4.374297,-1.101613,0,12.626714,0.091566,19.988532
2.835000,12.214063,0.999354,4.374297,-1.111423,0,12.631089,0.090459,19.988532
2.836000,12.218438,0.998238,4.374297,-1.121233,0,12.635463,0.089343,19.988532
2.837000,12.222812,0.997112,4.374297,-1.131043,0,12.639837,0.088217,19.988532
2.838000,12.227186,0.995976,4.374297,-1.140853,0,12.644212,0.087081,19.988532
2.839000,12.231561,0.994830,4.374297,-1.150663,0,12.648586,0.085935,19.988532
2.840000,12.235935,0.993675,4.374297,-1.160473,0,12.652960,0.084780,19.988532
2.841000,12.240309,0.992509,4.374297,-1.170283,0,12.657334,0.083614,19.988532
2.842000,12.244683,0.991334,4.374297,-1.180093,0,12.661709,0.082439,19.988532
2.843000,12.249058,0.990149,4.374297,-1.189903,0,12.666083,0.081254,19.988532
2.844000,12.253432,0.988954,4.374297,-1.199713,0,12.670457,0.080059,19.988532
2.845000,12.257806,0.987750,4.374297,-1.209523,0,12.674832,0.078855,19.988532
2.846000,12.262181,0.986535,4.374297,-1.219333,0,12.679206,0.077640,19.988532
2.847000,12.266555,0.985311,4.374297,-1.229143,0,12.683580,0.076416,19.988532
2.848000,12.270929,0.984077,4.374297,-1.238953,0,12.687955,0.075182,19.988532
2.849000,12.275303,0.982833,4.374297,-1.248763,0,12.692329,0.073938,19.988532
2.850000,12.279678,0.981579,4.374297,-1.258573,0,12.696703,0.072684,19.988532
2.851000,12.284052,0.980316,4.374297,-1.268383,0,12.701077,0.071421,19.988532
2.852000,12.288426,0.979043,4.374297,-1.278193,0,12.705452,0.070148,19.988532
2.853000,12.292801,0.977759,4.374297,-1.288003,0,12.709826,0.068865,19.988532
2.854000,12.297175,0.976467,4.374297,-1.297813,0,12.714200,0.067572,19.988532
2.855000,12.301549,0.975164,4.374297,-1.307623,0,12.718575,0.066269,19.988532
2.856000,12.305924,0.973851,4.374297,-1.317433,0,12.722949,0.064956,19.988532
2.857000,12.310298,0.972529,4.374297,-1.327243,0,12.727323,0.063634,19.988532
2.858000,12.314672,0.971197,4.374297,-1.337053,0,12.731697,0.062302,19.988532
2.859000,12.319046,0.969855,4.374297,-1.346863,0,12.736072,0.060960,19.988532
2.860000,12.323421,0.968503,4.374297,-1.356673,0,12.740446,0.059608,19.988532
2.861000,12.327795,0.967142,4.374297,-1.366483,0,12.744820,0.058247,19.988532
2.862000,12.332169,0.965770,4.374297,-1.376293,0,12.749195,0.056875,19.988532
2.863000,12.336544,0.964389,4.374297,-1.386103,0,12.753569,0.055494,19.988532
2.864000,12.340918,0.962998,4.374297,-1.395913,0,12.757943,0.054103,19.988532
2.865000,12.345292,0.961597,4.374297,-1.405723,0,12.762318,0.052702,19.988532
2.866000,12.349667,0.960187,4.374297,-1.415533,0,12.766692,0.051292,19.988532
2.867000,12.354041,0.958766,4.374297,-1.425343,0,12.771066,0.049871,19.988532
2.868000,12.358415,0.957336,4.374297,-1.435153,0,12.775440,0.048441,19.988532
2.869000,12.362789,0.955896,4.374297,-1.444963,0,12.779815,0.047001,19.988532
2.870000,12.367164,0.954446,4.374297,-1.454773,0,12.784189,0.045551,19.988532
2.871000,12.371538,0.952986,4.374297,-1.464583,0,12.788563,0.044091,19.988532
2.872000,12.375912,0.951517,4.374297,-1.474393,0,12.792938,0.042622,19.988532
2.873000,12.380287,0.950037,4.374297,-1.484203,0,12.797312,0.041143,19.988532
2.874000,12.384661,0.948548,4.374297,-1.494013,0,12.801686,0.039653,19.988532
2.875000,12.389035,0.947049,4.374297,-1.503823,0,12.806061,0.038155,19.988532
2.876000,12.393410,0.945541,4.374297,-1.513633,0,12.810435,0.036646,19.988532
2.877000,12.397784,0.944022,4.374297,-1.523443,0,12.814809,0.035127,19.988532
2.878000,12.402158,0.942494,4.374297,-1.533253,0,12.819183,0.033599,19.988532
2.879000,12.406532,0.940956,4.374297,-1.543063,0,12.823558,0.032061,19.988532
2.880000,12.410907,0.939408,4.374297,-1.552873,0,12.827932,0.030513,19.988532
2.881000,12.415281,0.937850,4.374297,-1.562683,0,12.832306,0.028955,19.988532
2.882000,12.419655,0.936282,4.374297,-1.572493,0,12.836681,0.027387,19.988532
2.883000,12.424030,0.934705,4.374297,-1.582303,0,12.841055,0.025810,19.988532
2.884000,12.428404,0.933118,4.374297,-1.592113,0,12.845429,0.024223,19.988532
2.885000,12.432778,0.931521,4.374297,-1.601923,0,12.849803,0.022626,19.988532
2.886000,12.437152,0.929914,4.374297,-1.611733,0,12.854178,0.021019,19.988532
2.887000,12.441527,0.928297,4.374297,-1.621543,0,12.858552,0.019402,19.988532
2.888000,12.445901,0.926671,4.374297,-1.631353,0,12.862926,0.017776,19.988532
2.889000,12.450275,0.925035,4.374297,-1.641163,0,12.867301,0.016140,19.988532
2.890000,12.454650,0.923388,4.374297,-1.650973,0,12.871675,0.014494,19.988532
2.891000,12.459024,0.921733,4.374297,-1.660783,0,12.876049,0.012838,19.988532
2.892000,12.463398,0.920067,4.374297,-1.670593,0,12.880424,0.011172,19.988532
2.893000,12.467773,0.918391,4.374297,-1.680403,0,12.884798,0.009497,19.988532
2.894000,12.472147,0.916706,4.374297,-1.690213,0,12.889172,0.007811,19.988532
2.895000,12.476521,0.915011,4.374297,-1.700023,0,12.893546,0.006116,19.988532
2.896000,12.480895,0.913306,4.374297,-1.709833,0,12.897921,0.004411,19.988532
2.897000,12.485270,0.911591,4.374297,-1.719643,0,12.902295,0.002696,19.988532
2.898000,12.489644,0.909867,4.374297,-1.729453,0,12.906669,0.000972,19.988532
2.899000,12.494018,0.908132,4.374297,-1.739263,1,12.910694,0.000000,19.988602
2.900000,12.498393,0.906388,4.374086,-1.748610,1,12.910694,0.000000,19.988602
2.901000,12.502766,0.904635,4.373595,-1.757337,1,12.910694,0.000000,19.988602
2.902000,12.507140,0.902874,4.372830,-1.765443,1,12.910694,0.000000,19.988602
2.903000,12.511512,0.901105,4.371794,-1.772925,1,12.910694,0.000000,19.988602
2.904000,12.515883,0.899328,4.370493,-1.779783,1,12.910694,0.000000,19.988602
2.905000,12.520253,0.897545,4.368930,-1.786016,1,12.910694,0.000000,19.988602
2.906000,12.524621,0.895756,4.367110,-1.791623,1,12.910694,0.000000,19.988602
2.907000,12.528987,0.893962,4.365039,-1.796604,1,12.910694,0.000000,19.988602
2.908000,12.533351,0.892163,4.362721,-1.800959,1,12.910694,0.000000,19.988602
2.909000,12.537712,0.890361,4.360161,-1.804686,1,12.910694,0.000000,19.988602
2.910000,12.542071,0.888554,4.357364,-1.807787,1,12.910694,0.000000,19.988602
2.911000,12.546427,0.886745,4.354335,-1.810260,1,12.910694,0.000000,19.988602
2.912000,12.550780,0.884934,4.351080,-1.812107,1,12.910694,0.000000,19.988602
2.913000,12.555129,0.883121,4.347605,-1.813327,1,12.910694,0.000000,19.988602
2.914000,12.559475,0.881308,4.343913,-1.813921,1,12.910694,0.000000,19.988602
2.915000,12.563817,0.879494,4.340012,-1.813890,1,12.910694,0.000000,19.988602
2.916000,12.568155,0.877680,4.335906,-1.813235,1,12.910694,0.000000,19.988602
2.917000,12.572489,0.875867,4.331601,-1.811956,1,12.910694,0.000000,19.988602
2.918000,12.576818,0.874056,4.327104,-1.810055,1,12.910694,0.000000,19.988602
2.919000,12.581143,0.872247,4.322419,-1.807532,1,12.910694,0.000000,19.988602
2.920000,12.585463,0.870441,4.317553,-1.804390,1,12.910694,0.000000,19.988602
2.921000,12.589778,0.868639,4.312511,-1.800630,1,12.910694,0.000000,19.988602
2.922000,12.594088,0.866840,4.307300,-1.796254,1,12.910694,0.000000,19.988602
2.923000,12.598392,0.865047,4.301926,-1.791264,1,12.910694,0.000000,19.988602
2.924000,12.602692,0.863258,4.296394,-1.785661,1,12.910694,0.000000,19.988602
2.925000,12.606985,0.861475,4.290712,-1.779449,1,12.910694,0.000000,19.988602
2.926000,12.611273,0.859699,4.284885,-1.772629,1,12.910694,0.000000,19.988602
2.927000,12.615555,0.857930,4.278919,-1.765205,1,12.910694,0.000000,19.988602
2.928000,12.619831,0.856169,4.272822,-1.757178,1,12.910694,0.000000,19.988602
2.929000,12.624100,0.854416,4.266599,-1.748553,1,12.910694,0.000000,19.988602
2.930000,12.628364,0.852672,4.260256,-1.739331,1,12.910694,0.000000,19.988602
2.931000,12.632621,0.850938,4.253801,-1.729517,1,12.910694,0.000000,19.988602
2.932000,12.636871,0.849213,4.247240,-1.719114,1,12.910694,0.000000,19.988602
2.933000,12.641115,0.847500,4.240579,-1.708125,1,12.910694,0.000000,19.988602
2.934000,12.645353,0.845797,4.233825,-1.696554,1,12.910694,0.000000,19.988602
2.935000,12.649583,0.844107,4.226984,-1.684406,1,12.910694,0.000000,19.988602
2.936000,12.653806,0.842429,4.220064,-1.671684,1,12.910694,0.000000,19.988602
2.937000,12.658023,0.840764,4.213071,-1.658392,1,12.910694,0.000000,19.988602
2.938000,12.662233,0.839112,4.206011,-1.644535,1,12.910694,0.000000,19.988602
2.939000,12.666435,0.837475,4.198891,-1.630119,1,12.910694,0.000000,19.988602
2.940000,12.670630,0.835852,4.191719,-1.615146,1,12.910694,0.000000,19.988602
2.941000,12.674818,0.834245,4.184500,-1.599624,1,12.910694,0.000000,19.988602
2.942000,12.678999,0.832653,4.177241,-1.583556,1,12.910694,0.000000,19.988602
2.943000,12.683173,0.831078,4.169949,-1.566947,1,12.910694,0.000000,19.988602
2.944000,12.687339,0.829519,4.162632,-1.549805,1,12.910694,0.000000,19.988602
2.945000,12.691498,0.827978,4.155294,-1.532133,1,12.910694,0.000000,19.988602
2.946000,12.695650,0.826455,4.147944,-1.513939,1,12.910694,0.000000,19.988602
2.947000,12.699794,0.824951,4.140588,-1.495227,1,12.910694,0.000000,19.988602
2.948000,12.703931,0.823465,4.133232,-1.476005,1,12.910694,0.000000,19.988602
2.949000,12.708061,0.821999,4.125883,-1.456278,1,12.910694,0.000000,19.988602
2.950000,12.712183,0.820553,4.118548,-1.436053,1,12.910694,0.000000,19.988602
2.951000,12.716298,0.819127,4.111234,-1.415337,1,12.910694,0.000000,19.988602
2.952000,12.720405,0.817722,4.103946,-1.394136,1,12.910694,0.000000,19.988602
2.953000,12.724506,0.816339,4.096691,-1.372457,1,12.910694,0.000000,19.988602
2.954000,12.728599,0.814977,4.089477,-1.350309,1,12.910694,0.000000,19.988602
2.955000,12.732685,0.813638,4.082308,-1.327697,1,12.910694,0.000000,19.988602
2.956000,12.736763,0.812322,4.075192,-1.304629,1,12.910694,0.000000,19.988602
2.957000,12.740835,0.811029,4.068134,-1.281113,1,12.910694,0.000000,19.988602
2.958000,12.744900,0.809760,4.061142,-1.257157,1,12.910694,0.000000,19.988602
2.959000,12.748957,0.808515,4.054221,-1.232769,1,12.910694,0.000000,19.988602
2.960000,12.753008,0.807295,4.047377,-1.207957,1,12.910694,0.000000,19.988602
2.961000,12.757052,0.806099,4.040616,-1.182729,1,12.910694,0.000000,19.988602
2.962000,12.761089,0.804929,4.033944,-1.157093,1,12.910694,0.000000,19.988602
2.963000,12.765120,0.803785,4.027367,-1.131058,1,12.910694,0.000000,19.988602
2.964000,12.769144,0.802667,4.020891,-1.104633,1,12.910694,0.000000,19.988602
2.965000,12.773162,0.801576,4.014521,-1.077826,1,12.910694,0.000000,19.988602
2.966000,12.777173,0.800512,4.008263,-1.050647,1,12.910694,0.000000,19.988602
2.967000,12.781178,0.799475,4.002122,-1.023105,1,12.910694,0.000000,19.988602
2.968000,12.785177,0.798466,3.996105,-0.995208,1,12.910694,0.000000,19.988602
2.969000,12.789171,0.797484,3.990215,-0.966966,1,12.910694,0.000000,19.988602
2.970000,12.793158,0.796532,3.984458,-0.938390,1,12.910694,0.000000,19.988602
2.971000,12.797140,0.795608,3.978839,-0.909487,1,12.910694,0.000000,19.988602
2.972000,12.801116,0.794713,3.973363,-0.880269,1,12.910694,0.000000,19.988602
2.973000,12.805086,0.793847,3.968035,-0.850745,1,12.910694,0.000000,19.988602
2.974000,12.809052,0.793012,3.962860,-0.820925,1,12.910694,0.000000,19.988602
2.975000,12.813012,0.792206,3.957841,-0.790819,1,12.910694,0.000000,19.988602
2.976000,12.816967,0.791430,3.952983,-0.760437,1,12.910694,0.000000,19.988602
2.977000,12.820918,0.790685,3.948291,-0.729790,1,12.910694,0.000000,19.988602
2.978000,12.824864,0.789970,3.943768,-0.698888,1,12.910694,0.000000,19.988602
2.979000,12.828806,0.789287,3.939418,-0.667742,1,12.910694,0.000000,19.988602
2.980000,12.832743,0.788635,3.935246,-0.636362,1,12.910694,0.000000,19.988602
2.981000,12.836676,0.788014,3.931255,-0.604759,1,12.910694,0.000000,19.988602
2.982000,12.840606,0.787426,3.927447,-0.572944,1,12.910694,0.000000,19.988602
2.983000,12.844531,0.786869,3.923827,-0.540928,1,12.910694,0.000000,19.988602
2.984000,12.848453,0.786344,3.920398,-0.508722,1,12.910694,0.000000,19.988602
2.985000,12.852372,0.785851,3.917163,-0.476337,1,12.910694,0.000000,19.988602
2.986000,12.856288,0.785391,3.914123,-0.443783,1,12.910694,0.000000,19.988602
2.987000,12.860200,0.784964,3.911283,-0.411073,1,12.910694,0.000000,19.988602
2.988000,12.864110,0.784569,3.908644,-0.378217,1,12.910694,0.000000,19.988602
2.989000,12.868018,0.784207,3.906209,-0.345228,1,12.910694,0.000000,19.988602
2.990000,12.871923,0.783879,3.903980,-0.312115,1,12.910694,0.000000,19.988602
2.991000,12.875826,0.783583,3.901958,-0.278891,1,12.910694,0.000000,19.988602
2.992000,12.879727,0.783321,3.900146,-0.245568,1,12.910694,0.000000,19.988602
2.993000,12.883626,0.783092,3.898545,-0.212156,1,12.910694,0.000000,19.988602
2.994000,12.887524,0.782897,3.897156,-0.178667,1,12.910694,0.000000,19.988602
2.995000,12.891421,0.782735,3.895980,-0.145113,1,12.910694,0.000000,19.988602
2.996000,12.895316,0.782606,3.895019,-0.111506,1,12.910694,0.000000,19.988602
2.997000,12.899211,0.782512,3.894273,-0.077857,1,12.910694,0.000000,19.988602
2.998000,12.903105,0.782451,3.893743,-0.044178,1,12.910694,0.000000,19.988602
2.999000,12.906998,0.782423,3.893429,-0.010480,1,12.910694,0.000000,19.988602
3.000000,12.910892,0.782430,3.893332,0.023224,1,12.910694,0.000000,19.988602
3.001000,12.914785,0.782470,3.893451,0.056924,1,12.910694,0.000000,19.988602
3.002000,12.918679,0.782544,3.893787,0.090607,1,12.910694,0.000000,19.988602
3.003000,12.922573,0.782651,3.894339,0.124262,1,12.910694,0.000000,19.988602
3.004000,12.926467,0.782792,3.895106,0.157877,1,12.910694,0.000000,19.988602
3.005000,12.930363,0.782967,3.896087,0.191440,1,12.910694,0.000000,19.988602
3.006000,12.934260,0.783175,3.897283,0.224940,1,12.910694,0.000000,19.988602
3.007000,12.938157,0.783417,3.898691,0.258365,1,12.910694,0.000000,19.988602
3.008000,12.942057,0.783692,3.900311,0.291704,1,12.910694,0.000000,19.988602
3.009000,12.945958,0.784000,3.902141,0.324945,1,12.910694,0.000000,19.988602
3.010000,12.949861,0.784342,3.904178,0.358076,1,12.910694,0.000000,19.988602
3.011000,12.953767,0.784716,3.906423,0.391086,1,12.910694,0.000000,19.988602
3.012000,12.957674,0.785124,3.908871,0.423965,1,12.910694,0.000000,19.988602
3.013000,12.961584,0.785564,3.911522,0.456699,1,12.910694,0.000000,19.988602
3.014000,12.965497,0.786037,3.914373,0.489278,1,12.910694,0.000000,19.988602
3.015000,12.969413,0.786543,3.917421,0.521692,1,12.910694,0.000000,19.988602
3.016000,12.973332,0.787080,3.920664,0.553928,1,12.910694,0.000000,19.988602
3.017000,12.977255,0.787650,3.924098,0.585975,1,12.910694,0.000000,19.988602
3.018000,12.981181,0.788252,3.927720,0.617823,1,12.910694,0.000000,19.988602
3.019000,12.985110,0.788886,3.931528,0.649461,1,12.910694,0.000000,19.988602
3.020000,12.989044,0.789551,3.935518,0.680877,1,12.910694,0.000000,19.988602
3.021000,12.992981,0.790248,3.939687,0.712062,1,12.910694,0.000000,19.988602
3.022000,12.996923,0.790975,3.944030,0.743004,1,12.910694,0.000000,19.988602
3.023000,13.000869,0.791734,3.948543,0.773692,1,12.910694,0.000000,19.988602
3.024000,13.004820,0.792522,3.953224,0.804117,1,12.910694,0.000000,19.988602
3.025000,13.008776,0.793342,3.958067,0.834268,1,12.910694,0.000000,19.988602
3.026000,13.012736,0.794191,3.963068,0.864135,1,12.910694,0.000000,19.988602
3.027000,13.016702,0.795070,3.968224,0.893707,1,12.910694,0.000000,19.988602
3.028000,13.020673,0.795978,3.973529,0.922975,1,12.910694,0.000000,19.988602
3.029000,13.024649,0.796916,3.978978,0.951928,1,12.910694,0.000000,19.988602
3.030000,13.028631,0.797882,3.984567,0.980558,1,12.910694,0.000000,19.988602
3.031000,13.032618,0.798877,3.990291,1.008853,1,12.910694,0.000000,19.988602
3.032000,13.036612,0.799900,3.996145,1.036805,1,12.910694,0.000000,19.988602
3.033000,13.040611,0.800950,4.002123,1.064404,1,12.910694,0.000000,19.988602
3.034000,13.044616,0.802028,4.008221,1.091642,1,12.910694,0.000000,19.988602
3.035000,13.048627,0.803133,4.014432,1.118508,1,12.910694,0.000000,19.988602
3.036000,13.052645,0.804265,4.020752,1.144993,1,12.910694,0.000000,19.988602
3.037000,13.056669,0.805423,4.027174,1.171090,1,12.910694,0.000000,19.988602
3.038000,13.060699,0.806607,4.033694,1.196789,1,12.910694,0.000000,19.988602
3.039000,13.064736,0.807817,4.040304,1.222082,1,12.910694,0.000000,19.988602
3.040000,13.068780,0.809051,4.047001,1.246960,1,12.910694,0.000000,19.988602
3.041000,13.072830,0.810310,4.053776,1.271415,1,12.910694,0.000000,19.988602
3.042000,13.076887,0.811594,4.060625,1.295438,1,12.910694,0.000000,19.988602
3.043000,13.080951,0.812901,4.067541,1.319023,1,12.910694,0.000000,19.988602
3.044000,13.085022,0.814232,4.074518,1.342160,1,12.910694,0.000000,19.988602
3.045000,13.089100,0.815585,4.081551,1.364843,1,12.910694,0.000000,19.988602
3.046000,13.093186,0.816961,4.088631,1.387064,1,12.910694,0.000000,19.988602
3.047000,13.097278,0.818359,4.095754,1.408815,1,12.910694,0.000000,19.988602
3.048000,13.101377,0.819779,4.102913,1.430090,1,12.910694,0.000000,19.988602
3.049000,13.105484,0.821219,4.110101,1.450881,1,12.910694,0.000000,19.988602
3.050000,13.109597,0.822680,4.117312,1.471181,1,12.910694,0.000000,19.988602
3.051000,13.113718,0.824161,4.124539,1.490984,1,12.910694,0.000000,19.988602
3.052000,13.117846,0.825662,4.131776,1.510284,1,12.910694,0.000000,19.988602
3.053000,13.121982,0.827182,4.139016,1.529073,1,12.910694,0.000000,19.988602
3.054000,13.126124,0.828720,4.146252,1.547345,1,12.910694,0.000000,19.988602
3.055000,13.130274,0.830276,4.153479,1.565096,1,12.910694,0.000000,19.988602
3.056000,13.134431,0.831850,4.160688,1.582318,1,12.910694,0.000000,19.988602
3.057000,13.138596,0.833441,4.167875,1.599006,1,12.910694,0.000000,19.988602
3.058000,13.142767,0.835048,4.175031,1.615155,1,12.910694,0.000000,19.988602
3.059000,13.146946,0.836671,4.182150,1.630759,1,12.910694,0.000000,19.988602
3.060000,13.151131,0.838309,4.189226,1.645812,1,12.910694,0.000000,19.988602
3.061000,13.155324,0.839962,4.196252,1.660311,1,12.910694,0.000000,19.988602
3.062000,13.159524,0.841630,4.203221,1.674250,1,12.910694,0.000000,19.988602
3.063000,13.163731,0.843311,4.210126,1.687624,1,12.910694,0.000000,19.988602
3.064000,13.167944,0.845005,4.216961,1.700429,1,12.910694,0.000000,19.988602
3.065000,13.172164,0.846711,4.223719,1.712661,1,12.910694,0.000000,19.988602
3.066000,13.176391,0.848430,4.230394,1.724315,1,12.910694,0.000000,19.988602
3.067000,13.180625,0.850160,4.236979,1.735387,1,12.910694,0.000000,19.988602
3.068000,13.184865,0.851901,4.243467,1.745874,1,12.910694,0.000000,19.988602
3.069000,13.189112,0.853651,4.249852,1.755772,1,12.910694,0.000000,19.988602
3.070000,13.193365,0.855412,4.256127,1.765077,1,12.910694,0.000000,19.988602
3.071000,13.197624,0.857181,4.262287,1.773787,1,12.910694,0.000000,19.988602
3.072000,13.201890,0.858959,4.268323,1.781897,1,12.910694,0.000000,19.988602
3.073000,13.206161,0.860745,4.274231,1.789405,1,12.910694,0.000000,19.988602
3.074000,13.210438,0.862538,4.280003,1.796309,1,12.910694,0.000000,19.988602
3.075000,13.214721,0.864337,4.285634,1.802605,1,12.910694,0.000000,19.988602
3.076000,13.219009,0.866143,4.291117,1.808291,1,12.910694,0.000000,19.988602
3.077000,13.223303,0.867954,4.296447,1.813364,1,12.910694,0.000000,19.988602
3.078000,13.227602,0.869769,4.301616,1.817823,1,12.910694,0.000000,19.988602
3.079000,13.231906,0.871589,4.306618,1.821666,1,12.910694,0.000000,19.988602
3.080000,13.236215,0.873413,4.311449,1.824890,1,12.910694,0.000000,19.988602
3.081000,13.240529,0.875239,4.316101,1.827495,1,12.910694,0.000000,19.988602
3.082000,13.244847,0.877067,4.320570,1.829477,1,12.910694,0.000000,19.988602
3.083000,13.249170,0.878897,4.324848,1.830838,1,12.910694,0.000000,19.988602
3.084000,13.253497,0.880729,4.328931,1.831574,1,12.910694,0.000000,19.988602
3.085000,13.257828,0.882560,4.332813,1.831685,1,12.910694,0.000000,19.988602
3.086000,13.262163,0.884392,4.336488,1.831171,1,12.910694,0.000000,19.988602
3.087000,13.266501,0.886223,4.339951,1.830030,1,12.910694,0.000000,19.988602
3.088000,13.270842,0.888052,4.343195,1.828261,1,12.910694,0.000000,19.988602
3.089000,13.275187,0.889879,4.346217,1.825866,1,12.910694,0.000000,19.988602
3.090000,13.279535,0.891703,4.349010,1.822843,1,12.910694,0.000000,19.988602
3.091000,13.283885,0.893524,4.351570,1.819192,1,12.910694,0.000000,19.988602
3.092000,13.288238,0.895341,4.353891,1.814913,1,12.910694,0.000000,19.988602
3.093000,13.292593,0.897154,4.355969,1.810007,1,12.910694,0.000000,19.988602
3.094000,13.296950,0.898961,4.357798,1.804474,1,12.910694,0.000000,19.988602
3.095000,13.301308,0.900763,4.359373,1.798315,1,12.910694,0.000000,19.988602
3.096000,13.305668,0.902558,4.360691,1.791529,1,12.910694,0.000000,19.988602
3.097000,13.310030,0.904346,4.361746,1.784119,1,12.910694,0.000000,19.988602
3.098000,13.314392,0.906126,4.362533,1.776085,1,12.910694,0.000000,19.988602
3.099000,13.318755,0.907898,4.363049,1.767428,1,12.910694,0.000000,19.988602
3.100000,13.323118,0.909660,4.363288,1.758149,1,12.910694,0.000000,19.988602
3.101000,13.327481,0.911414,4.363248,1.748250,0,13.744506,0.002519,19.988122
3.102000,13.331844,0.913157,4.363248,1.738440,0,13.748870,0.004262,19.988122
3.103000,13.336208,0.914890,4.363248,1.728630,0,13.753233,0.005996,19.988122
3.104000,13.340571,0.916614,4.363248,1.718820,0,13.757596,0.007719,19.988122
3.105000,13.344934,0.918328,4.363248,1.709010,0,13.761959,0.009433,19.988122
3.106000,13.349297,0.920032,4.363248,1.699200,0,13.766323,0.011137,19.988122
3.107000,13.353661,0.921727,4.363248,1.689390,0,13.770686,0.012832,19.988122
3.108000,13.358024,0.923411,4.363248,1.679580,0,13.775049,0.014516,19.988122
3.109000,13.362387,0.925086,4.363248,1.669770,0,13.779412,0.016191,19.988122
3.110000,13.366750,0.926751,4.363248,1.659960,0,13.783776,0.017856,19.988122
3.111000,13.371114,0.928406,4.363248,1.650150,0,13.788139,0.019511,19.988122
3.112000,13.375477,0.930051,4.363248,1.640340,0,13.792502,0.021156,19.988122
3.113000,13.379840,0.931686,4.363248,1.630530,0,13.796865,0.022791,19.988122
3.114000,13.384203,0.933312,4.363248,1.620720,0,13.801229,0.024417,19.988122
3.115000,13.388567,0.934928,4.363248,1.610910,0,13.805592,0.026033,19.988122
3.116000,13.392930,0.936534,4.363248,1.601100,0,13.809955,0.027639,19.988122
3.117000,13.397293,0.938130,4.363248,1.591290,0,13.814318,0.029235,19.988122
3.118000,13.401656,0.939716,4.363248,1.581480,0,13.818682,0.030821,19.988122
3.119000,13.406019,0.941293,4.363248,1.571670,0,13.823045,0.032398,19.988122
3.120000,13.410383,0.942860,4.363248,1.561860,0,13.827408,0.033965,19.988122
3.121000,13.414746,0.944417,4.363248,1.552050,0,13.831771,0.035522,19.988122
3.122000,13.419109,0.945964,4.363248,1.542240,0,13.836135,0.037069,19.988122
3.123000,13.423472,0.947501,4.363248,1.532430,0,13.840498,0.038606,19.988122
3.124000,13.427836,0.949029,4.363248,1.522620,0,13.844861,0.040134,19.988122
3.125000,13.432199,0.950546,4.363248,1.512810,0,13.849224,0.041651,19.988122
3.126000,13.436562,0.952054,4.363248,1.503000,0,13.853588,0.043159,19.988122
3.127000,13.440925,0.953552,4.363248,1.493190,0,13.857951,0.044657,19.988122
3.128000,13.445289,0.955041,4.363248,1.483380,0,13.862314,0.046146,19.988122
3.129000,13.449652,0.956519,4.363248,1.473570,0,13.866677,0.047624,19.988122
3.130000,13.454015,0.957988,4.363248,1.463760,0,13.871041,0.049093,19.988122
3.131000,13.458378,0.959447,4.363248,1.453950,0,13.875404,0.050552,19.988122
3.132000,13.462742,0.960896,4.363248,1.444140,0,13.879767,0.052001,19.988122
3.133000,13.467105,0.962335,4.363248,1.434330,0,13.884130,0.053440,19.988122
3.134000,13.471468,0.963764,4.363248,1.424520,0,13.888494,0.054869,19.988122
3.135000,13.475831,0.965184,4.363248,1.414710,0,13.892857,0.056289,19.988122
3.136000,13.480195,0.966594,4.363248,1.404900,0,13.897220,0.057699,19.988122
3.137000,13.484558,0.967994,4.363248,1.395090,0,13.901583,0.059099,19.988122
3.138000,13.488921,0.969384,4.363248,1.385280,0,13.905947,0.060489,19.988122
3.139000,13.493284,0.970764,4.363248,1.375470,0,13.910310,0.061869,19.988122
3.140000,13.497648,0.972135,4.363248,1.365660,0,13.914673,0.063240,19.988122
3.141000,13.502011,0.973496,4.363248,1.355850,0,13.919036,0.064601,19.988122
3.142000,13.506374,0.974847,4.363248,1.346040,0,13.923400,0.065952,19.988122
3.143000,13.510737,0.976188,4.363248,1.336230,0,13.927763,0.067293,19.988122
3.144000,13.515101,0.977519,4.363248,1.326420,0,13.932126,0.068624,19.988122
3.145000,13.519464,0.978841,4.363248,1.316610,0,13.936489,0.069946,19.988122
3.146000,13.523827,0.980152,4.363248,1.306800,0,13.940852,0.071257,19.988122
3.147000,13.528190,0.981454,4.363248,1.296990,0,13.945216,0.072559,19.988122
3.148000,13.532554,0.982746,4.363248,1.287180,0,13.949579,0.073851,19.988122
3.149000,13.536917,0.984029,4.363248,1.277370,0,13.953942,0.075134,19.988122
3.150000,13.541280,0.985301,4.363248,1.267560,0,13.958305,0.076406,19.988122
3.151000,13.545643,0.986564,4.363248,1.257750,0,13.962669,0.077669,19.988122
3.152000,13.550007,0.987816,4.363248,1.247940,0,13.967032,0.078922,19.988122
3.153000,13.554370,0.989060,4.363248,1.238130,0,13.971395,0.080165,19.988122
3.154000,13.558733,0.990293,4.363248,1.228320,0,13.975758,0.081398,19.988122
3.155000,13.563096,0.991516,4.363248,1.218510,0,13.980122,0.082621,19.988122
3.156000,13.567460,0.992730,4.363248,1.208700,0,13.984485,0.083835,19.988122
3.157000,13.571823,0.993934,4.363248,1.198890,0,13.988848,0.085039,19.988122
3.158000,13.576186,0.995128,4.363248,1.189080,0,13.993211,0.086233,19.988122
3.159000,13.580549,0.996312,4.363248,1.179270,0,13.997575,0.087417,19.988122
3.160000,13.584913,0.997486,4.363248,1.169460,0,14.001938,0.088591,19.988122
3.161000,13.589276,0.998651,4.363248,1.159650,0,14.006301,0.089756,19.988122
3.162000,13.593639,0.999805,4.363248,1.149840,0,14.010664,0.090911,19.988122
3.163000,13.598002,1.000950,4.363248,1.140030,0,14.015028,0.092055,19.988122
3.164000,13.602366,1.002085,4.363248,1.130220,0,14.019391,0.093191,19.988122
3.165000,13.606729,1.003211,4.363248,1.120410,0,14.023754,0.094316,19.988122
3.166000,13.611092,1.004326,4.363248,1.110600,0,14.028117,0.095431,19.988122
3.167000,13.615455,1.005432,4.363248,1.100790,0,14.032481,0.096537,19.988122
3.168000,13.619819,1.006528,4.363248,1.090980,0,14.036844,0.097633,19.988122
3.169000,13.624182,1.007614,4.363248,1.081170,0,14.041207,0.098719,19.988122
3.170000,13.628545,1.008690,4.363248,1.071360,0,14.045570,0.099795,19.988122
3.171000,13.632908,1.009757,4.363248,1.061550,0,14.049934,0.100862,19.988122
3.172000,13.637272,1.010813,4.363248,1.051740,0,14.054297,0.101918,19.988122
3.173000,13.641635,1.011860,4.363248,1.041930,0,14.058660,0.102965,19.988122
3.174000,13.645998,1.012897,4.363248,1.032120,0,14.063023,0.104002,19.988122
3.175000,13.650361,1.013924,4.363248,1.022310,0,14.067387,0.105029,19.988122
3.176000,13.654725,1.014942,4.363248,1.012500,0,14.071750,0.106047,19.988122
3.177000,13.659088,1.015949,4.363248,1.002690,0,14.076113,0.107054,19.988122
3.178000,13.663451,1.016947,4.363248,0.992880,0,14.080476,0.108052,19.988122
3.179000,13.667814,1.017935,4.363248,0.983070,0,14.084840,0.109040,19.988122
3.180000,13.672178,1.018913,4.363248,0.973260,0,14.089203,0.110018,19.988122
3.181000,13.676541,1.019882,4.363248,0.963450,0,14.093566,0.110987,19.988122
3.182000,13.680904,1.020840,4.363248,0.953640,0,14.097929,0.111945,19.988122
3.183000,13.685267,1.021789,4.363248,0.943830,0,14.102293,0.112894,19.988122
3.184000,13.689631,1.022728,4.363248,0.934020,0,14.106656,0.113833,19.988122
3.185000,13.693994,1.023657,4.363248,0.924210,0,14.111019,0.114762,19.988122
3.186000,13.698357,1.024576,4.363248,0.914400,0,14.115382,0.115681,19.988122
3.187000,13.702720,1.025486,4.363248,0.904590,0,14.119746,0.116591,19.988122
3.188000,13.707084,1.026385,4.363248,0.894780,0,14.124109,0.117491,19.988122
3.189000,13.711447,1.027275,4.363248,0.884970,0,14.128472,0.118380,19.988122
3.190000,13.715810,1.028155,4.363248,0.875160,0,14.132835,0.119261,19.988122
3.191000,13.720173,1.029026,4.363248,0.865350,0,14.137199,0.120131,19.988122
3.192000,13.724537,1.029886,4.363248,0.855540,0,14.141562,0.120991,19.988122
3.193000,13.728900,1.030737,4.363248,0.845730,0,14.145925,0.121842,19.988122
3.194000,13.733263,1.031578,4.363248,0.835920,0,14.150288,0.122683,19.988122
3.195000,13.737626,1.032409,4.363248,0.826110,0,14.154652,0.123514,19.988122
3.196000,13.741990,1.033230,4.363248,0.816300,0,14.159015,0.124335,19.988122
3.197000,13.746353,1.034041,4.363248,0.806490,0,14.163378,0.125146,19.988122
3.198000,13.750716,1.034843,4.363248,0.796680,0,14.167741,0.125948,19.988122
3.199000,13.755079,1.035635,4.363248,0.786870,0,14.172105,0.126740,19.988122
3.200000,13.759443,1.036416,4.363248,0.777060,0,14.176468,0.127522,19.988122
3.201000,13.763806,1.037189,4.363248,0.767250,0,14.180831,0.128294,19.988122
3.202000,13.768169,1.037951,4.363248,0.757440,0,14.185194,0.129056,19.988122
3.203000,13.772532,1.038704,4.363248,0.747630,0,14.189558,0.129809,19.988122
3.204000,13.776896,1.039446,4.363248,0.737820,0,14.193921,0.130551,19.988122
3.205000,13.781259,1.040179,4.363248,0.728010,0,14.198284,0.131284,19.988122
3.206000,13.785622,1.040902,4.363248,0.718200,0,14.202647,0.132007,19.988122
3.207000,13.789985,1.041616,4.363248,0.708390,0,14.207011,0.132721,19.988122
3.208000,13.794349,1.042319,4.363248,0.698580,0,14.211374,0.133424,19.988122
3.209000,13.798712,1.043013,4.363248,0.688770,0,14.215737,0.134118,19.988122
3.210000,13.803075,1.043697,4.363248,0.678960,0,14.220100,0.134802,19.988122
3.211000,13.807438,1.044371,4.363248,0.669150,0,14.224464,0.135476,19.988122
3.212000,13.811802,1.045035,4.363248,0.659340,0,14.228827,0.136140,19.988122
3.213000,13.816165,1.045689,4.363248,0.649530,0,14.233190,0.136794,19.988122
3.214000,13.820528,1.046334,4.363248,0.639720,0,14.237553,0.137439,19.988122
3.215000,13.824891,1.046969,4.363248,0.629910,0,14.241917,0.138074,19.988122
3.216000,13.829255,1.047594,4.363248,0.620100,0,14.246280,0.138699,19.988122
3.217000,13.833618,1.048209,4.363248,0.610290,0,14.250643,0.139314,19.988122
3.218000,13.837981,1.048814,4.363248,0.600480,0,14.255006,0.139919,19.988122
3.219000,13.842344,1.049410,4.363248,0.590670,0,14.259370,0.140515,19.988122
3.220000,13.846708,1.049996,4.363248,0.580860,0,14.263733,0.141101,19.988122
3.221000,13.851071,1.050572,4.363248,0.571050,0,14.268096,0.141677,19.988122
3.222000,13.855434,1.051138,4.363248,0.561240,0,14.272459,0.142243,19.988122
3.223000,13.859797,1.051694,4.363248,0.551430,0,14.276823,0.142799,19.988122
3.224000,13.864160,1.052241,4.363248,0.541620,0,14.281186,0.143346,19.988122
3.225000,13.868524,1.052777,4.363248,0.531810,0,14.285549,0.143882,19.988122
3.226000,13.872887,1.053304,4.363248,0.522000,0,14.289912,0.144409,19.988122
3.227000,13.877250,1.053821,4.363248,0.512190,0,14.294276,0.144926,19.988122
3.228000,13.881613,1.054329,4.363248,0.502380,0,14.298639,0.145434,19.988122
3.229000,13.885977,1.054826,4.363248,0.492570,0,14.303002,0.145931,19.988122
3.230000,13.890340,1.055314,4.363248,0.482760,0,14.307365,0.146419,19.988122
3.231000,13.894703,1.055792,4.363248,0.472950,0,14.311729,0.146897,19.988122
3.232000,13.899066,1.056260,4.363248,0.463140,0,14.316092,0.147365,19.988122
3.233000,13.903430,1.056718,4.363248,0.453330,0,14.320455,0.147823,19.988122
3.234000,13.907793,1.057166,4.363248,0.443520,0,14.324818,0.148271,19.988122
3.235000,13.912156,1.057605,4.363248,0.433710,0,14.329182,0.148710,19.988122
3.236000,13.916519,1.058034,4.363248,0.423900,0,14.333545,0.149139,19.988122
3.237000,13.920883,1.058453,4.363248,0.414090,0,14.337908,0.149558,19.988122
3.238000,13.925246,1.058862,4.363248,0.404280,0,14.342271,0.149967,19.988122
3.239000,13.929609,1.059261,4.363248,0.394470,0,14.346635,0.150366,19.988122
3.240000,13.933972,1.059651,4.363248,0.384660,0,14.350998,0.150756,19.988122
3.241000,13.938336,1.060031,4.363248,0.374850,0,14.355361,0.151136,19.988122
3.242000,13.942699,1.060401,4.363248,0.365040,0,14.359724,0.151506,19.988122
3.243000,13.947062,1.060761,4.363248,0.355230,0,14.364088,0.151866,19.988122
3.244000,13.951425,1.061111,4.363248,0.345420,0,14.368451,0.152216,19.988122
3.245000,13.955789,1.061452,4.363248,0.335610,0,14.372814,0.152557,19.988122
3.246000,13.960152,1.061782,4.363248,0.325800,0,14.377177,0.152887,19.988122
3.247000,13.964515,1.062103,4.363248,0.315990,0,14.381541,0.153208,19.988122
3.248000,13.968878,1.062414,4.363248,0.306180,0,14.385904,0.153519,19.988122
3.249000,13.973242,1.062716,4.363248,0.296370,0,14.390267,0.153821,19.988122
3.250000,13.977605,1.063007,4.363248,0.286560,0,14.394630,0.154112,19.988122
3.251000,13.981968,1.063289,4.363248,0.276750,0,14.398994,0.154394,19.988122
3.252000,13.986331,1.063560,4.363248,0.266940,0,14.403357,0.154666,19.988122
3.253000,13.990695,1.063823,4.363248,0.257130,0,14.407720,0.154928,19.988122
3.254000,13.995058,1.064075,4.363248,0.247320,0,14.412083,0.155180,19.988122
3.255000,13.999421,1.064317,4.363248,0.237510,0,14.416446,0.155422,19.988122
3.256000,14.003784,1.064550,4.363248,0.227700,0,14.420810,0.155655,19.988122
3.257000,14.008148,1.064773,4.363248,0.217890,0,14.425173,0.155878,19.988122
3.258000,14.012511,1.064986,4.363248,0.208080,0,14.429536,0.156091,19.988122
3.259000,14.016874,1.065189,4.363248,0.198270,0,14.433899,0.156294,19.988122
3.260000,14.021237,1.065382,4.363248,0.188460,0,14.438263,0.156487,19.988122
3.261000,14.025601,1.065566,4.363248,0.178650,0,14.442626,0.156671,19.988122
3.262000,14.029964,1.065739,4.363248,0.168840,0,14.446989,0.156845,19.988122
3.263000,14.034327,1.065903,4.363248,0.159030,0,14.451352,0.157008,19.988122
3.264000,14.038690,1.066057,4.363248,0.149220,0,14.455716,0.157163,19.988122
3.265000,14.043054,1.066202,4.363248,0.139410,0,14.460079,0.157307,19.988122
3.266000,14.047417,1.066336,4.363248,0.129600,0,14.464442,0.157441,19.988122
3.267000,14.051780,1.066461,4.363248,0.119790,0,14.468805,0.157566,19.988122
3.268000,14.056143,1.066576,4.363248,0.109980,0,14.473169,0.157681,19.988122
3.269000,14.060507,1.066681,4.363248,0.100170,0,14.477532,0.157786,19.988122
3.270000,14.064870,1.066776,4.363248,0.090360,0,14.481895,0.157881,19.988122
3.271000,14.069233,1.066862,4.363248,0.080550,0,14.486258,0.157967,19.988122
3.272000,14.073596,1.066937,4.363248,0.070740,0,14.490622,0.158042,19.988122
3.273000,14.077960,1.067003,4.363248,0.060930,0,14.494985,0.158108,19.988122
3.274000,14.082323,1.067059,4.363248,0.051120,0,14.499348,0.158164,19.988122
3.275000,14.086686,1.067105,4.363248,0.041310,0,14.503711,0.158210,19.988122
3.276000,14.091049,1.067142,4.363248,0.031500,0,14.508075,0.158247,19.988122
3.277000,14.095413,1.067168,4.363248,0.021690,0,14.512438,0.158273,19.988122
3.278000,14.099776,1.067185,4.363248,0.011880,0,14.516801,0.158290,19.988122
3.279000,14.104139,1.067192,4.363248,0.002070,0,14.521164,0.158297,19.988122
3.280000,14.108502,1.067189,4.363248,-0.007740,0,14.525528,0.158294,19.988122
3.281000,14.112866,1.067177,4.363248,-0.017550,0,14.529891,0.158282,19.988122
3.282000,14.117229,1.067154,4.363248,-0.027360,0,14.534254,0.158259,19.988122
3.283000,14.121592,1.067122,4.363248,-0.037170,0,14.538617,0.158227,19.988122
3.284000,14.125955,1.067080,4.363248,-0.046980,0,14.542981,0.158185,19.988122
3.285000,14.130319,1.067028,4.363248,-0.056790,0,14.547344,0.158133,19.988122
3.286000,14.134682,1.066966,4.363248,-0.066600,0,14.551707,0.158071,19.988122
3.287000,14.139045,1.066895,4.363248,-0.076410,0,14.556070,0.158000,19.988122
3.288000,14.143408,1.066813,4.363248,-0.086220,0,14.560434,0.157919,19.988122
3.289000,14.147772,1.066722,4.363248,-0.096030,0,14.564797,0.157827,19.988122
3.290000,14.152135,1.066621,4.363248,-0.105840,0,14.569160,0.157727,19.988122
3.291000,14.156498,1.066511,4.363248,-0.115650,0,14.573523,0.157616,19.988122
3.292000,14.160861,1.066390,4.363248,-0.125460,0,14.577887,0.157495,19.988122
3.293000,14.165225,1.066260,4.363248,-0.135270,0,14.582250,0.157365,19.988122
3.294000,14.169588,1.066120,4.363248,-0.145080,0,14.586613,0.157225,19.988122
3.295000,14.173951,1.065970,4.363248,-0.154890,0,14.590976,0.157075,19.988122
3.296000,14.178314,1.065810,4.363248,-0.164700,0,14.595340,0.156915,19.988122
3.297000,14.182678,1.065640,4.363248,-0.174510,0,14.599703,0.156745,19.988122
3.298000,14.187041,1.065461,4.363248,-0.184320,0,14.604066,0.156566,19.988122
3.299000,14.191404,1.065272,4.363248,-0.194130,0,14.608429,0.156377,19.988122
3.300000,14.195767,1.065072,4.363248,-0.203940,0,14.612793,0.156178,19.988122
3.301000,14.200131,1.064864,4.363248,-0.213750,0,14.617156,0.155969,19.988122
3.302000,14.204494,1.064645,4.363248,-0.223560,0,14.621519,0.155750,19.988122
3.303000,14.208857,1.064417,4.363248,-0.233370,0,14.625882,0.155522,19.988122
3.304000,14.213220,1.064178,4.363248,-0.243180,0,14.630246,0.155283,19.988122
3.305000,14.217584,1.063930,4.363248,-0.252990,0,14.634609,0.155035,19.988122
3.306000,14.221947,1.063672,4.363248,-0.262800,0,14.638972,0.154777,19.988122
3.307000,14.226310,1.063405,4.363248,-0.272610,0,14.643335,0.154510,19.988122
3.308000,14.230673,1.063127,4.363248,-0.282420,0,14.647699,0.154232,19.988122
3.309000,14.235037,1.062840,4.363248,-0.292230,0,14.652062,0.153945,19.988122
3.310000,14.239400,1.062543,4.363248,-0.302040,0,14.656425,0.153648,19.988122
3.311000,14.243763,1.062236,4.363248,-0.311850,0,14.660788,0.153341,19.988122
3.312000,14.248126,1.061919,4.363248,-0.321660,0,14.665152,0.153024,19.988122
3.313000,14.252490,1.061592,4.363248,-0.331470,0,14.669515,0.152697,19.988122
3.314000,14.256853,1.061256,4.363248,-0.341280,0,14.673878,0.152361,19.988122
3.315000,14.261216,1.060910,4.363248,-0.351090,0,14.678241,0.152015,19.988122
3.316000,14.265579,1.060554,4.363248,-0.360900,0,14.682605,0.151659,19.988122
3.317000,14.269943,1.060188,4.363248,-0.370710,0,14.686968,0.151293,19.988122
3.318000,14.274306,1.059812,4.363248,-0.380520,0,14.691331,0.150917,19.988122
3.319000,14.278669,1.059427,4.363248,-0.390330,0,14.695694,0.150532,19.988122
3.320000,14.283032,1.059032,4.363248,-0.400140,0,14.700058,0.150137,19.988122
3.321000,14.287396,1.058627,4.363248,-0.409950,0,14.704421,0.149732,19.988122
3.322000,14.291759,1.058212,4.363248,-0.419760,0,14.708784,0.149317,19.988122
3.323000,14.296122,1.057787,4.363248,-0.429570,0,14.713147,0.148892,19.988122
3.324000,14.300485,1.057353,4.363248,-0.439380,0,14.717511,0.148458,19.988122
3.325000,14.304849,1.056908,4.363248,-0.449190,0,14.721874,0.148014,19.988122
3.326000,14.309212,1.056454,4.363248,-0.459000,0,14.726237,0.147559,19.988122
3.327000,14.313575,1.055990,4.363248,-0.468810,0,14.730600,0.147096,19.988122
3.328000,14.317938,1.055517,4.363248,-0.478620,0,14.734964,0.146622,19.988122
3.329000,14.322302,1.055033,4.363248,-0.488430,0,14.739327,0.146138,19.988122
3.330000,14.326665,1.054540,4.363248,-0.498240,0,14.743690,0.145645,19.988122
3.331000,14.331028,1.054037,4.363248,-0.508050,0,14.748053,0.145142,19.988122
3.332000,14.335391,1.053524,4.363248,-0.517860,0,14.752417,0.144629,19.988122
3.333000,14.339754,1.053001,4.363248,-0.527670,0,14.756780,0.144106,19.988122
3.334000,14.344118,1.052468,4.363248,-0.537480,0,14.761143,0.143573,19.988122
3.335000,14.348481,1.051926,4.363248,-0.547290,0,14.765506,0.143031,19.988122
3.336000,14.352844,1.051374,4.363248,-0.557100,0,14.769870,0.142479,19.988122
3.337000,14.357207,1.050812,4.363248,-0.566910,0,14.774233,0.141917,19.988122
3.338000,14.361571,1.050240,4.363248,-0.576720,0,14.778596,0.141345,19.988122
3.339000,14.365934,1.049658,4.363248,-0.586530,0,14.782959,0.140763,19.988122
3.340000,14.370297,1.049067,4.363248,-0.596340,0,14.787323,0.140172,19.988122
3.341000,14.374660,1.048466,4.363248,-0.606150,0,14.791686,0.139571,19.988122
3.342000,14.379024,1.047855,4.363248,-0.615960,0,14.796049,0.138960,19.988122
3.343000,14.383387,1.047234,4.363248,-0.625770,0,14.800412,0.138339,19.988122
3.344000,14.387750,1.046603,4.363248,-0.635580,0,14.804776,0.137708,19.988122
3.345000,14.392113,1.045963,4.363248,-0.645390,0,14.809139,0.137068,19.988122
3.346000,14.396477,1.045312,4.363248,-0.655200,0,14.813502,0.136417,19.988122
3.347000,14.400840,1.044652,4.363248,-0.665010,0,14.817865,0.135757,19.988122
3.348000,14.405203,1.043982,4.363248,-0.674820,0,14.822229,0.135087,19.988122
3.349000,14.409566,1.043303,4.363248,-0.684630,0,14.826592,0.134408,19.988122
3.350000,14.413930,1.042613,4.363248,-0.694440,0,14.830955,0.133718,19.988122
3.351000,14.418293,1.041914,4.363248,-0.704250,0,14.835318,0.133019,19.988122
3.352000,14.422656,1.041205,4.363248,-0.714060,0,14.839682,0.132310,19.988122
3.353000,14.427019,1.040486,4.363248,-0.723870,0,14.844045,0.131591,19.988122
3.354000,14.431383,1.039757,4.363248,-0.733680,0,14.848408,0.130862,19.988122
3.355000,14.435746,1.039018,4.363248,-0.743490,0,14.852771,0.130123,19.988122
3.356000,14.440109,1.038270,4.363248,-0.753300,0,14.857135,0.129375,19.988122
3.357000,14.444472,1.037512,4.363248,-0.763110,0,14.861498,0.128617,19.988122
3.358000,14.448836,1.036744,4.363248,-0.772920,0,14.865861,0.127849,19.988122
3.359000,14.453199,1.035966,4.363248,-0.782730,0,14.870224,0.127071,19.988122
3.360000,14.457562,1.035178,4.363248,-0.792540,0,14.874588,0.126283,19.988122
3.361000,14.461925,1.034381,4.363248,-0.802350,0,14.878951,0.125486,19.988122
3.362000,14.466289,1.033573,4.363248,-0.812160,0,14.883314,0.124679,19.988122
3.363000,14.470652,1.032756,4.363248,-0.821970,0,14.887677,0.123861,19.988122
3.364000,14.475015,1.031929,4.363248,-0.831780,0,14.892040,0.123035,19.988122
3.365000,14.479378,1.031093,4.363248,-0.841590,0,14.896404,0.122198,19.988122
3.366000,14.483742,1.030246,4.363248,-0.851400,0,14.900767,0.121351,19.988122
3.367000,14.488105,1.029390,4.363248,-0.861210,0,14.905130,0.120495,19.988122
3.368000,14.492468,1.028524,4.363248,-0.871020,0,14.909493,0.119629,19.988122
3.369000,14.496831,1.027648,4.363248,-0.880830,0,14.913857,0.118753,19.988122
3.370000,14.501195,1.026762,4.363248,-0.890640,0,14.918220,0.117867,19.988122
3.371000,14.505558,1.025867,4.363248,-0.900450,0,14.922583,0.116972,19.988122
3.372000,14.509921,1.024961,4.363248,-0.910260,0,14.926946,0.116066,19.988122
3.373000,14.514284,1.024046,4.363248,-0.920070,0,14.931310,0.115151,19.988122
3.374000,14.518648,1.023121,4.363248,-0.929880,0,14.935673,0.114226,19.988122
3.375000,14.523011,1.022186,4.363248,-0.939690,0,14.940036,0.113292,19.988122
3.376000,14.527374,1.021242,4.363248,-0.949500,0,14.944399,0.112347,19.988122
3.377000,14.531737,1.020287,4.363248,-0.959310,0,14.948763,0.111393,19.988122
3.378000,14.536101,1.019323,4.363248,-0.969120,0,14.953126,0.110428,19.988122
3.379000,14.540464,1.018349,4.363248,-0.978930,0,14.957489,0.109454,19.988122
3.380000,14.544827,1.017365,4.363248,-0.988740,0,14.961852,0.108470,19.988122
3.381000,14.549190,1.016372,4.363248,-0.998550,0,14.966216,0.107477,19.988122
3.382000,14.553554,1.015368,4.363248,-1.008360,0,14.970579,0.106473,19.988122
3.383000,14.557917,1.014355,4.363248,-1.018170,0,14.974942,0.105460,19.988122
3.384000,14.562280,1.013332,4.363248,-1.027980,0,14.979305,0.104437,19.988122
3.385000,14.566643,1.012299,4.363248,-1.037790,0,14.983669,0.103404,19.988122
3.386000,14.571007,1.011256,4.363248,-1.047600,0,14.988032,0.102361,19.988122
3.387000,14.575370,1.010204,4.363248,-1.057410,0,14.992395,0.101309,19.988122
3.388000,14.579733,1.009141,4.363248,-1.067220,0,14.996758,0.100247,19.988122
3.389000,14.584096,1.008069,4.363248,-1.077030,0,15.001122,0.099174,19.988122
3.390000,14.588460,1.006987,4.363248,-1.086840,0,15.005485,0.098093,19.988122
3.391000,14.592823,1.005896,4.363248,-1.096650,0,15.009848,0.097001,19.988122
3.392000,14.597186,1.004794,4.363248,-1.106460,0,15.014211,0.095899,19.988122
3.393000,14.601549,1.003683,4.363248,-1.116270,0,15.018575,0.094788,19.988122
3.394000,14.605913,1.002562,4.363248,-1.126080,0,15.022938,0.093667,19.988122
3.395000,14.610276,1.001431,4.363248,-1.135890,0,15.027301,0.092536,19.988122
3.396000,14.614639,1.000290,4.363248,-1.145700,0,15.031664,0.091395,19.988122
3.397000,14.619002,0.999139,4.363248,-1.155510,0,15.036028,0.090244,19.988122
3.398000,14.623366,0.997979,4.363248,-1.165320,0,15.040391,0.089084,19.988122
3.399000,14.627729,0.996809,4.363248,-1.175130,0,15.044754,0.087914,19.988122
3.400000,14.632092,0.995629,4.363248,-1.184940,0,15.049117,0.086734,19.988122
3.401000,14.636455,0.994439,4.363248,-1.194750,0,15.053481,0.085544,19.988122
3.402000,14.640819,0.993239,4.363248,-1.204560,0,15.057844,0.084344,19.988122
3.403000,14.645182,0.992030,4.363248,-1.214370,0,15.062207,0.083135,19.988122
3.404000,14.649545,0.990810,4.363248,-1.224180,0,15.066570,0.081915,19.988122
3.405000,14.653908,0.989581,4.363248,-1.233990,0,15.070934,0.080686,19.988122
3.406000,14.658272,0.988342,4.363248,-1.243800,0,15.075297,0.079447,19.988122
3.407000,14.662635,0.987094,4.363248,-1.253610,0,15.079660,0.078199,19.988122
3.408000,14.666998,0.985835,4.363248,-1.263420,0,15.084023,0.076940,19.988122
3.409000,14.671361,0.984567,4.363248,-1.273230,0,15.088387,0.075672,19.988122
3.410000,14.675725,0.983289,4.363248,-1.283040,0,15.092750,0.074394,19.988122
3.411000,14.680088,0.982001,4.363248,-1.292850,0,15.097113,0.073106,19.988122
3.412000,14.684451,0.980703,4.363248,-1.302660,0,15.101476,0.071808,19.988122
3.413000,14.688814,0.979395,4.363248,-1.312470,0,15.105840,0.070500,19.988122
3.414000,14.693178,0.978078,4.363248,-1.322280,0,15.110203,0.069183,19.988122
3.415000,14.697541,0.976751,4.363248,-1.332090,0,15.114566,0.067856,19.988122
3.416000,14.701904,0.975414,4.363248,-1.341900,0,15.118929,0.066519,19.988122
3.417000,14.706267,0.974067,4.363248,-1.351710,0,15.123293,0.065172,19.988122
3.418000,14.710631,0.972710,4.363248,-1.361520,0,15.127656,0.063816,19.988122
3.419000,14.714994,0.971344,4.363248,-1.371330,0,15.132019,0.062449,19.988122
3.420000,14.719357,0.969968,4.363248,-1.381140,0,15.136382,0.061073,19.988122
3.421000,14.723720,0.968582,4.363248,-1.390950,0,15.140746,0.059687,19.988122
3.422000,14.728084,0.967186,4.363248,-1.400760,0,15.145109,0.058291,19.988122
3.423000,14.732447,0.965780,4.363248,-1.410570,0,15.149472,0.056885,19.988122
3.424000,14.736810,0.964365,4.363248,-1.420380,0,15.153835,0.055470,19.988122
3.425000,14.741173,0.962939,4.363248,-1.430190,0,15.158199,0.054045,19.988122
3.426000,14.745537,0.961504,4.363248,-1.440000,0,15.162562,0.052609,19.988122
3.427000,14.749900,0.960059,4.363248,-1.449810,0,15.166925,0.051165,19.988122
3.428000,14.754263,0.958605,4.363248,-1.459620,0,15.171288,0.049710,19.988122
3.429000,14.758626,0.957140,4.363248,-1.469430,0,15.175652,0.048245,19.988122
3.430000,14.762990,0.955666,4.363248,-1.479240,0,15.180015,0.046771,19.988122
3.431000,14.767353,0.954182,4.363248,-1.489050,0,15.184378,0.045287,19.988122
3.432000,14.771716,0.952688,4.363248,-1.498860,0,15.188741,0.043793,19.988122
3.433000,14.776079,0.951184,4.363248,-1.508670,0,15.193105,0.042289,19.988122
3.434000,14.780443,0.949670,4.363248,-1.518480,0,15.197468,0.040776,19.988122
3.435000,14.784806,0.948147,4.363248,-1.528290,0,15.201831,0.039252,19.988122
3.436000,14.789169,0.946614,4.363248,-1.538100,0,15.206194,0.037719,19.988122
3.437000,14.793532,0.945071,4.363248,-1.547910,0,15.210558,0.036176,19.988122
3.438000,14.797896,0.943518,4.363248,-1.557720,0,15.214921,0.034623,19.988122
3.439000,14.802259,0.941955,4.363248,-1.567530,0,15.219284,0.033060,19.988122
3.440000,14.806622,0.940383,4.363248,-1.577340,0,15.223647,0.031488,19.988122
3.441000,14.810985,0.938801,4.363248,-1.587150,0,15.228011,0.029906,19.988122
3.442000,14.815348,0.937209,4.363248,-1.596960,0,15.232374,0.028314,19.988122
3.443000,14.819712,0.935607,4.363248,-1.606770,0,15.236737,0.026712,19.988122
3.444000,14.824075,0.933995,4.363248,-1.616580,0,15.241100,0.025100,19.988122
3.445000,14.828438,0.932374,4.363248,-1.626390,0,15.245464,0.023479,19.988122
3.446000,14.832801,0.930742,4.363248,-1.636200,0,15.249827,0.021847,19.988122
3.447000,14.837165,0.929101,4.363248,-1.646010,0,15.254190,0.020206,19.988122
3.448000,14.841528,0.927450,4.363248,-1.655820,0,15.258553,0.018555,19.988122
3.449000,14.845891,0.925790,4.363248,-1.665630,0,15.262917,0.016895,19.988122
3.450000,14.850254,0.924119,4.363248,-1.675440,0,15.267280,0.015224,19.988122
3.451000,14.854618,0.922439,4.363248,-1.685250,0,15.271643,0.013544,19.988122
3.452000,14.858981,0.920749,4.363248,-1.695060,0,15.276006,0.011854,19.988122
3.453000,14.863344,0.919049,4.363248,-1.704870,0,15.280370,0.010154,19.988122
3.454000,14.867707,0.917339,4.363248,-1.714680,0,15.284733,0.008444,19.988122
3.455000,14.872071,0.915619,4.363248,-1.724490,0,15.289096,0.006724,19.988122
3.456000,14.876434,0.913890,4.363248,-1.734300,0,15.293459,0.004995,19.988122
3.457000,14.880797,0.912151,4.363248,-1.744110,0,15.297823,0.003256,19.988122
3.458000,14.885160,0.910402,4.363248,-1.753920,0,15.302186,0.001507,19.988122
3.459000,14.889524,0.908643,4.363248,-1.763730,1,15.306433,0.000000,19.988130
3.460000,14.893887,0.906874,4.363083,-1.773178,1,15.306433,0.000000,19.988130
3.461000,14.898250,0.905097,4.362636,-1.782003,1,15.306433,0.000000,19.988130
3.462000,14.902612,0.903310,4.361913,-1.790202,1,15.306433,0.000000,19.988130
3.463000,14.906974,0.901516,4.360918,-1.797775,1,15.306433,0.000000,19.988130
3.464000,14.911334,0.899715,4.359655,-1.804721,1,15.306433,0.000000,19.988130
3.465000,14.915693,0.897907,4.358128,-1.811039,1,15.306433,0.000000,19.988130
3.466000,14.920050,0.896093,4.356343,-1.816727,1,15.306433,0.000000,19.988130
3.467000,14.924405,0.894274,4.354305,-1.821786,1,15.306433,0.000000,19.988130
3.468000,14.928759,0.892450,4.352017,-1.826216,1,15.306433,0.000000,19.988130
3.469000,14.933109,0.890622,4.349485,-1.830014,1,15.306433,0.000000,19.988130
3.470000,14.937457,0.888790,4.346715,-1.833182,1,15.306433,0.000000,19.988130
3.471000,14.941803,0.886956,4.343711,-1.835720,1,15.306433,0.000000,19.988130
3.472000,14.946145,0.885119,4.340478,-1.837627,1,15.306433,0.000000,19.988130
3.473000,14.950484,0.883281,4.337022,-1.838905,1,15.306433,0.000000,19.988130
3.474000,14.954819,0.881441,4.333349,-1.839552,1,15.306433,0.000000,19.988130
3.475000,14.959150,0.879602,4.329463,-1.839571,1,15.306433,0.000000,19.988130
3.476000,14.963478,0.877762,4.325371,-1.838962,1,15.306433,0.000000,19.988130
3.477000,14.967801,0.875924,4.321078,-1.837725,1,15.306433,0.000000,19.988130
3.478000,14.972120,0.874087,4.316589,-1.835862,1,15.306433,0.000000,19.988130
3.479000,14.976434,0.872252,4.311911,-1.833374,1,15.306433,0.000000,19.988130
3.480000,14.980743,0.870421,4.307050,-1.830263,1,15.306433,0.000000,19.988130
3.481000,14.985048,0.868592,4.302011,-1.826530,1,15.306433,0.000000,19.988130
3.482000,14.989347,0.866768,4.296800,-1.822177,1,15.306433,0.000000,19.988130
3.483000,14.993642,0.864948,4.291424,-1.817205,1,15.306433,0.000000,19.988130
3.484000,14.997930,0.863133,4.285888,-1.811617,1,15.306433,0.000000,19.988130
3.485000,15.002213,0.861325,4.280199,-1.805416,1,15.306433,0.000000,19.988130
3.486000,15.006491,0.859523,4.274364,-1.798603,1,15.306433,0.000000,19.988130
3.487000,15.010762,0.857728,4.268387,-1.791181,1,15.306433,0.000000,19.988130
3.488000,15.015027,0.855941,4.262276,-1.783153,1,15.306433,0.000000,19.988130
3.489000,15.019286,0.854162,4.256037,-1.774521,1,15.306433,0.000000,19.988130
3.490000,15.023539,0.852392,4.249677,-1.765289,1,15.306433,0.000000,19.988130
3.491000,15.027786,0.850631,4.243202,-1.755461,1,15.306433,0.000000,19.988130
3.492000,15.032026,0.848881,4.236618,-1.745038,1,15.306433,0.000000,19.988130
3.493000,15.036259,0.847142,4.229932,-1.734026,1,15.306433,0.000000,19.988130
3.494000,15.040486,0.845413,4.223151,-1.722428,1,15.306433,0.000000,19.988130
3.495000,15.044705,0.843697,4.216282,-1.710247,1,15.306433,0.000000,19.988130
3.496000,15.048918,0.841993,4.209330,-1.697488,1,15.306433,0.000000,19.988130
3.497000,15.053124,0.840302,4.202303,-1.684156,1,15.306433,0.000000,19.988130
3.498000,15.057323,0.838625,4.195208,-1.670254,1,15.306433,0.000000,19.988130
3.499000,15.061514,0.836962,4.188050,-1.655786,1,15.306433,0.000000,19.988130
3.500000,15.065699,0.835313,4.180837,-1.640759,1,15.306433,0.000000,19.988130
3.501000,15.069876,0.833680,4.173576,-1.625177,1,15.306433,0.000000,19.988130
3.502000,15.074046,0.832063,4.166273,-1.609045,1,15.306433,0.000000,19.988130
3.503000,15.078208,0.830463,4.158934,-1.592368,1,15.306433,0.000000,19.988130
3.504000,15.082364,0.828879,4.151568,-1.575151,1,15.306433,0.000000,19.988130
3.505000,15.086512,0.827312,4.144180,-1.557401,1,15.306433,0.000000,19.988130
3.506000,15.090652,0.825764,4.136777,-1.539123,1,15.306433,0.000000,19.988130
3.507000,15.094785,0.824234,4.129366,-1.520324,1,15.306433,0.000000,19.988130
3.508000,15.098911,0.822724,4.121953,-1.501008,1,15.306433,0.000000,19.988130
3.509000,15.103029,0.821232,4.114546,-1.481184,1,15.306433,0.000000,19.988130
3.510000,15.107140,0.819761,4.107150,-1.460856,1,15.306433,0.000000,19.988130
3.511000,15.111243,0.818311,4.099773,-1.440032,1,15.306433,0.000000,19.988130
3.512000,15.115339,0.816882,4.092421,-1.418718,1,15.306433,0.000000,19.988130
3.513000,15.119428,0.815474,4.085100,-1.396922,1,15.306433,0.000000,19.988130
3.514000,15.123510,0.814088,4.077818,-1.374650,1,15.306433,0.000000,19.988130
3.515000,15.127584,0.812725,4.070579,-1.351910,1,15.306433,0.000000,19.988130
3.516000,15.131651,0.811384,4.063392,-1.328709,1,15.306433,0.000000,19.988130
3.517000,15.135711,0.810067,4.056262,-1.305056,1,15.306433,0.000000,19.988130
3.518000,15.139763,0.808774,4.049195,-1.280957,1,15.306433,0.000000,19.988130
3.519000,15.143809,0.807505,4.042197,-1.256420,1,15.306433,0.000000,19.988130
3.520000,15.147848,0.806261,4.035276,-1.231455,1,15.306433,0.000000,19.988130
3.521000,15.151880,0.805043,4.028436,-1.206068,1,15.306433,0.000000,19.988130
3.522000,15.155905,0.803849,4.021683,-1.180268,1,15.306433,0.000000,19.988130
3.523000,15.159923,0.802682,4.015025,-1.154065,1,15.306433,0.000000,19.988130
3.524000,15.163935,0.801542,4.008466,-1.127465,1,15.306433,0.000000,19.988130
3.525000,15.167940,0.800427,4.002012,-1.100479,1,15.306433,0.000000,19.988130
3.526000,15.171939,0.799341,3.995669,-1.073116,1,15.306433,0.000000,19.988130
3.527000,15.175931,0.798281,3.989442,-1.045383,1,15.306433,0.000000,19.988130
3.528000,15.179918,0.797250,3.983336,-1.017291,1,15.306433,0.000000,19.988130
3.529000,15.183898,0.796247,3.977358,-0.988850,1,15.306433,0.000000,19.988130
3.530000,15.187873,0.795272,3.971512,-0.960067,1,15.306433,0.000000,19.988130
3.531000,15.191841,0.794327,3.965803,-0.930954,1,15.306433,0.000000,19.988130
3.532000,15.195804,0.793411,3.960236,-0.901520,1,15.306433,0.000000,19.988130
3.533000,15.199762,0.792524,3.954817,-0.871774,1,15.306433,0.000000,19.988130
3.534000,15.203714,0.791667,3.949549,-0.841728,1,15.306433,0.000000,19.988130
3.535000,15.207661,0.790841,3.944437,-0.811390,1,15.306433,0.000000,19.988130
3.536000,15.211603,0.790045,3.939486,-0.780771,1,15.306433,0.000000,19.988130
3.537000,15.215540,0.789279,3.934700,-0.749882,1,15.306433,0.000000,19.988130
3.538000,15.219472,0.788545,3.930083,-0.718733,1,15.306433,0.000000,19.988130
3.539000,15.223400,0.787842,3.925640,-0.687334,1,15.306433,0.000000,19.988130
3.540000,15.227324,0.787170,3.921373,-0.655696,1,15.306433,0.000000,19.988130
3.541000,15.231243,0.786530,3.917287,-0.623830,1,15.306433,0.000000,19.988130
3.542000,15.235158,0.785923,3.913385,-0.591747,1,15.306433,0.000000,19.988130
3.543000,15.239070,0.785347,3.909670,-0.559458,1,15.306433,0.000000,19.988130
3.544000,15.242978,0.784804,3.906146,-0.526973,1,15.306433,0.000000,19.988130
3.545000,15.246882,0.784293,3.902816,-0.494304,1,15.306433,0.000000,19.988130
3.546000,15.250783,0.783815,3.899683,-0.461462,1,15.306433,0.000000,19.988130
3.547000,15.254682,0.783370,3.896749,-0.428458,1,15.306433,0.000000,19.988130
3.548000,15.258577,0.782958,3.894017,-0.395304,1,15.306433,0.000000,19.988130
3.549000,15.262470,0.782580,3.891489,-0.362011,1,15.306433,0.000000,19.988130
3.550000,15.266360,0.782234,3.889167,-0.328590,1,15.306433,0.000000,19.988130
3.551000,15.270248,0.781923,3.887054,-0.295052,1,15.306433,0.000000,19.988130
3.552000,15.274134,0.781644,3.885151,-0.261410,1,15.306433,0.000000,19.988130
3.553000,15.278018,0.781400,3.883459,-0.227675,1,15.306433,0.000000,19.988130
3.554000,15.281901,0.781189,3.881981,-0.193858,1,15.306433,0.000000,19.988130
3.555000,15.285782,0.781012,3.880717,-0.159971,1,15.306433,0.000000,19.988130
3.556000,15.289663,0.780869,3.879669,-0.126027,1,15.306433,0.000000,19.988130
3.557000,15.293542,0.780760,3.878837,-0.092035,1,15.306433,0.000000,19.988130
3.558000,15.297420,0.780685,3.878222,-0.058009,1,15.306433,0.000000,19.988130
3.559000,15.301298,0.780644,3.877825,-0.023960,1,15.306433,0.000000,19.988130
3.560000,15.305176,0.780637,3.877645,0.010101,1,15.306433,0.000000,19.988130
3.561000,15.309054,0.780664,3.877683,0.044161,1,15.306433,0.000000,19.988130
3.562000,15.312932,0.780725,3.877939,0.078209,1,15.306433,0.000000,19.988130
3.563000,15.316810,0.780821,3.878413,0.112233,1,15.306433,0.000000,19.988130
3.564000,15.320688,0.780950,3.879104,0.146221,1,15.306433,0.000000,19.988130
3.565000,15.324568,0.781113,3.880011,0.180163,1,15.306433,0.000000,19.988130
3.566000,15.328449,0.781310,3.881134,0.214045,1,15.306433,0.000000,19.988130
3.567000,15.332330,0.781541,3.882471,0.247856,1,15.306433,0.000000,19.988130
3.568000,15.336214,0.781806,3.884022,0.281585,1,15.306433,0.000000,19.988130
3.569000,15.340098,0.782104,3.885784,0.315220,1,15.306433,0.000000,19.988130
3.570000,15.343985,0.782436,3.887757,0.348749,1,15.306433,0.000000,19.988130
3.571000,15.347874,0.782802,3.889938,0.382162,1,15.306433,0.000000,19.988130
3.572000,15.351765,0.783201,3.892326,0.415445,1,15.306433,0.000000,19.988130
3.573000,15.355659,0.783633,3.894918,0.448589,1,15.306433,0.000000,19.988130
3.574000,15.359555,0.784098,3.897712,0.481582,1,15.306433,0.000000,19.988130
3.575000,15.363454,0.784596,3.900706,0.514412,1,15.306433,0.000000,19.988130
3.576000,15.367356,0.785126,3.903897,0.547068,1,15.306433,0.000000,19.988130
3.577000,15.371262,0.785690,3.907281,0.579538,1,15.306433,0.000000,19.988130
3.578000,15.375171,0.786285,3.910857,0.611813,1,15.306433,0.000000,19.988130
3.579000,15.379084,0.786913,3.914621,0.643881,1,15.306433,0.000000,19.988130
3.580000,15.383000,0.787573,3.918569,0.675730,1,15.306433,0.000000,19.988130
3.581000,15.386921,0.788265,3.922698,0.707351,1,15.306433,0.000000,19.988130
3.582000,15.390846,0.788988,3.927004,0.738732,1,15.306433,0.000000,19.988130
3.583000,15.394775,0.789742,3.931484,0.769862,1,15.306433,0.000000,19.988130
3.584000,15.398709,0.790527,3.936133,0.800732,1,15.306433,0.000000,19.988130
3.585000,15.402647,0.791343,3.940948,0.831331,1,15.306433,0.000000,19.988130
3.586000,15.406591,0.792190,3.945924,0.861647,1,15.306433,0.000000,19.988130
3.587000,15.410539,0.793067,3.951057,0.891672,1,15.306433,0.000000,19.988130
3.588000,15.414493,0.793973,3.956341,0.921395,1,15.306433,0.000000,19.988130
3.589000,15.418452,0.794909,3.961774,0.950805,1,15.306433,0.000000,19.988130
3.590000,15.422417,0.795875,3.967349,0.979894,1,15.306433,0.000000,19.988130
3.591000,15.426387,0.796869,3.973062,1.008651,1,15.306433,0.000000,19.988130
3.592000,15.430363,0.797892,3.978907,1.037067,1,15.306433,0.000000,19.988130
3.593000,15.434345,0.798943,3.984880,1.065132,1,15.306433,0.000000,19.988130
3.594000,15.438333,0.800022,3.990976,1.092837,1,15.306433,0.000000,19.988130
3.595000,15.442327,0.801129,3.997188,1.120172,1,15.306433,0.000000,19.988130
3.596000,15.446327,0.802262,4.003512,1.147129,1,15.306433,0.000000,19.988130
3.597000,15.450334,0.803423,4.009942,1.173698,1,15.306433,0.000000,19.988130
3.598000,15.454347,0.804610,4.016471,1.199871,1,15.306433,0.000000,19.988130
3.599000,15.458367,0.805822,4.023096,1.225639,1,15.306433,0.000000,19.988130
3.600000,15.462393,0.807061,4.029808,1.250994,1,15.306433,0.000000,19.988130
3.601000,15.466426,0.808324,4.036603,1.275927,1,15.306433,0.000000,19.988130
3.602000,15.470466,0.809612,4.043475,1.300429,1,15.306433,0.000000,19.988130
3.603000,15.474513,0.810925,4.050417,1.324493,1,15.306433,0.000000,19.988130
3.604000,15.478567,0.812261,4.057423,1.348112,1,15.306433,0.000000,19.988130
3.605000,15.482628,0.813621,4.064487,1.371276,1,15.306433,0.000000,19.988130
3.606000,15.486696,0.815004,4.071603,1.393979,1,15.306433,0.000000,19.988130
3.607000,15.490771,0.816409,4.078764,1.416213,1,15.306433,0.000000,19.988130
3.608000,15.494854,0.817836,4.085965,1.437971,1,15.306433,0.000000,19.988130
3.609000,15.498943,0.819285,4.093197,1.459245,1,15.306433,0.000000,19.988130
3.610000,15.503040,0.820754,4.100456,1.480029,1,15.306433,0.000000,19.988130
3.611000,15.507144,0.822244,4.107734,1.500316,1,15.306433,0.000000,19.988130
3.612000,15.511256,0.823755,4.115025,1.520100,1,15.306433,0.000000,19.988130
3.613000,15.515374,0.825284,4.122322,1.539373,1,15.306433,0.000000,19.988130
3.614000,15.519500,0.826833,4.129618,1.558129,1,15.306433,0.000000,19.988130
3.615000,15.523634,0.828401,4.136908,1.576363,1,15.306433,0.000000,19.988130
3.616000,15.527774,0.829986,4.144184,1.594069,1,15.306433,0.000000,19.988130
3.617000,15.531922,0.831589,4.151439,1.611240,1,15.306433,0.000000,19.988130
3.618000,15.536077,0.833208,4.158668,1.627871,1,15.306433,0.000000,19.988130
3.619000,15.540239,0.834844,4.165862,1.643956,1,15.306433,0.000000,19.988130
3.620000,15.544409,0.836496,4.173016,1.659491,1,15.306433,0.000000,19.988130
3.621000,15.548585,0.838163,4.180123,1.674470,1,15.306433,0.000000,19.988130
3.622000,15.552769,0.839845,4.187176,1.688888,1,15.306433,0.000000,19.988130
3.623000,15.556960,0.841540,4.194168,1.702741,1,15.306433,0.000000,19.988130
3.624000,15.561157,0.843250,4.201093,1.716023,1,15.306433,0.000000,19.988130
3.625000,15.565362,0.844972,4.207944,1.728731,1,15.306433,0.000000,19.988130
3.626000,15.569573,0.846707,4.214714,1.740859,1,15.306433,0.000000,19.988130
3.627000,15.573791,0.848454,4.221397,1.752405,1,15.306433,0.000000,19.988130
3.628000,15.578016,0.850212,4.227986,1.763364,1,15.306433,0.000000,19.988130
3.629000,15.582247,0.851980,4.234475,1.773732,1,15.306433,0.000000,19.988130
3.630000,15.586485,0.853759,4.240857,1.783505,1,15.306433,0.000000,19.988130
3.631000,15.590729,0.855547,4.247125,1.792682,1,15.306433,0.000000,19.988130
3.632000,15.594979,0.857344,4.253273,1.801257,1,15.306433,0.000000,19.988130
3.633000,15.599235,0.859149,4.259295,1.809228,1,15.306433,0.000000,19.988130
3.634000,15.603497,0.860962,4.265184,1.816592,1,15.306433,0.000000,19.988130
3.635000,15.607766,0.862782,4.270935,1.823347,1,15.306433,0.000000,19.988130
3.636000,15.612039,0.864609,4.276539,1.829489,1,15.306433,0.000000,19.988130
3.637000,15.616319,0.866441,4.281993,1.835017,1,15.306433,0.000000,19.988130
3.638000,15.620603,0.868279,4.287288,1.839928,1,15.306433,0.000000,19.988130
3.639000,15.624893,0.870121,4.292420,1.844220,1,15.306433,0.000000,19.988130
3.640000,15.629188,0.871967,4.297382,1.847891,1,15.306433,0.000000,19.988130
3.641000,15.633488,0.873816,4.302168,1.850939,1,15.306433,0.000000,19.988130
3.642000,15.637792,0.875669,4.306772,1.853364,1,15.306433,0.000000,19.988130
3.643000,15.642101,0.877523,4.311188,1.855163,1,15.306433,0.000000,19.988130
3.644000,15.646415,0.879379,4.315411,1.856334,1,15.306433,0.000000,19.988130
3.645000,15.650732,0.881235,4.319435,1.856878,1,15.306433,0.000000,19.988130
3.646000,15.655053,0.883092,4.323254,1.856793,1,15.306433,0.000000,19.988130
3.647000,15.659378,0.884949,4.326863,1.856079,1,15.306433,0.000000,19.988130
3.648000,15.663707,0.886804,4.330256,1.854734,1,15.306433,0.000000,19.988130
3.649000,15.668039,0.888658,4.333428,1.852758,1,15.306433,0.000000,19.988130
3.650000,15.672374,0.890510,4.336374,1.850152,1,15.306433,0.000000,19.988130
3.651000,15.676712,0.892358,4.339087,1.846914,1,15.306433,0.000000,19.988130
3.652000,15.681052,0.894203,4.341564,1.843045,1,15.306433,0.000000,19.988130
3.653000,15.685395,0.896044,4.343799,1.838545,1,15.306433,0.000000,19.988130
3.654000,15.689739,0.897880,4.345787,1.833414,1,15.306433,0.000000,19.988130
3.655000,15.694086,0.899711,4.347524,1.827653,1,15.306433,0.000000,19.988130
3.656000,15.698434,0.901535,4.349003,1.821262,1,15.306433,0.000000,19.988130
3.657000,15.702784,0.903353,4.350222,1.814243,1,15.306433,0.000000,19.988130
3.658000,15.707135,0.905163,4.351175,1.806596,1,15.306433,0.000000,19.988130
3.659000,15.711486,0.906966,4.351858,1.798321,1,15.306433,0.000000,19.988130
3.660000,15.715838,0.908760,4.352266,1.789421,1,15.306433,0.000000,19.988130
3.661000,15.720191,0.910545,4.352395,1.779897,0,16.137216,0.001650,19.988128
3.662000,15.724543,0.912320,4.352395,1.770087,0,16.141568,0.003425,19.988128
3.663000,15.728896,0.914085,4.352395,1.760277,0,16.145921,0.005190,19.988128
3.664000,15.733248,0.915840,4.352395,1.750467,0,16.150273,0.006945,19.988128
3.665000,15.737600,0.917586,4.352395,1.740657,0,16.154626,0.008691,19.988128
3.666000,15.741953,0.919321,4.352395,1.730847,0,16.158978,0.010427,19.988128
3.667000,15.746305,0.921047,4.352395,1.721037,0,16.163330,0.012153,19.988128
3.668000,15.750658,0.922764,4.352395,1.711227,0,16.167683,0.013869,19.988128
3.669000,15.755010,0.924470,4.352395,1.701417,0,16.172035,0.015575,19.988128
3.670000,15.759362,0.926166,4.352395,1.691607,0,16.176388,0.017271,19.988128
3.671000,15.763715,0.927853,4.352395,1.681797,0,16.180740,0.018958,19.988128
3.672000,15.768067,0.929530,4.352395,1.671987,0,16.185092,0.020635,19.988128
3.673000,15.772419,0.931197,4.352395,1.662177,0,16.189445,0.022302,19.988128
3.674000,15.776772,0.932854,4.352395,1.652367,0,16.193797,0.023959,19.988128
3.675000,15.781124,0.934502,4.352395,1.642557,0,16.198150,0.025607,19.988128
3.676000,15.785477,0.936139,4.352395,1.632747,0,16.202502,0.027245,19.988128
3.677000,15.789829,0.937767,4.352395,1.622937,0,16.206854,0.028872,19.988128
3.678000,15.794181,0.939385,4.352395,1.613127,0,16.211207,0.030490,19.988128
3.679000,15.798534,0.940994,4.352395,1.603317,0,16.215559,0.032099,19.988128
3.680000,15.802886,0.942592,4.352395,1.593507,0,16.219912,0.033697,19.988128
3.681000,15.807239,0.944181,4.352395,1.583697,0,16.224264,0.035286,19.988128
3.682000,15.811591,0.945759,4.352395,1.573887,0,16.228616,0.036864,19.988128
3.683000,15.815943,0.947328,4.352395,1.564077,0,16.232969,0.038433,19.988128
3.684000,15.820296,0.948887,4.352395,1.554267,0,16.237321,0.039993,19.988128
3.685000,15.824648,0.950437,4.352395,1.544457,0,16.241674,0.041542,19.988128
3.686000,15.829001,0.951976,4.352395,1.534647,0,16.246026,0.043082,19.988128
3.687000,15.833353,0.953506,4.352395,1.524837,0,16.250378,0.044611,19.988128
3.688000,15.837705,0.955026,4.352395,1.515027,0,16.254731,0.046131,19.988128
3.689000,15.842058,0.956536,4.352395,1.505217,0,16.259083,0.047641,19.988128
3.690000,15.846410,0.958037,4.352395,1.495407,0,16.263436,0.049142,19.988128
3.691000,15.850763,0.959527,4.352395,1.485597,0,16.267788,0.050632,19.988128
3.692000,15.855115,0.961008,4.352395,1.475787,0,16.272140,0.052113,19.988128
3.693000,15.859467,0.962479,4.352395,1.465977,0,16.276493,0.053584,19.988128
3.694000,15.863820,0.963940,4.352395,1.456167,0,16.280845,0.055045,19.988128
3.695000,15.868172,0.965391,4.352395,1.446357,0,16.285197,0.056496,19.988128
3.696000,15.872525,0.966832,4.352395,1.436547,0,16.289550,0.057937,19.988128
3.697000,15.876877,0.968264,4.352395,1.426737,0,16.293902,0.059369,19.988128
3.698000,15.881229,0.969686,4.352395,1.416927,0,16.298255,0.060791,19.988128
3.699000,15.885582,0.971098,4.352395,1.407117,0,16.302607,0.062203,19.988128
3.700000,15.889934,0.972500,4.352395,1.397307,0,16.306959,0.063605,19.988128
3.701000,15.894287,0.973892,4.352395,1.387497,0,16.311312,0.064998,19.988128
3.702000,15.898639,0.975275,4.352395,1.377687,0,16.315664,0.066380,19.988128
3.703000,15.902991,0.976648,4.352395,1.367877,0,16.320017,0.067753,19.988128
3.704000,15.907344,0.978011,4.352395,1.358067,0,16.324369,0.069116,19.988128
3.705000,15.911696,0.979364,4.352395,1.348257,0,16.328721,0.070469,19.988128
3.706000,15.916049,0.980707,4.352395,1.338447,0,16.333074,0.071812,19.988128
3.707000,15.920401,0.982041,4.352395,1.328637,0,16.337426,0.073146,19.988128
3.708000,15.924753,0.983365,4.352395,1.318827,0,16.341779,0.074470,19.988128
3.709000,15.929106,0.984679,4.352395,1.309017,0,16.346131,0.075784,19.988128
3.710000,15.933458,0.985983,4.352395,1.299207,0,16.350483,0.077088,19.988128
3.711000,15.937810,0.987277,4.352395,1.289397,0,16.354836,0.078382,19.988128
3.712000,15.942163,0.988561,4.352395,1.279587,0,16.359188,0.079667,19.988128
3.713000,15.946515,0.989836,4.352395,1.269777,0,16.363541,0.080941,19.988128
3.714000,15.950868,0.991101,4.352395,1.259967,0,16.367893,0.082206,19.988128
3.715000,15.955220,0.992356,4.352395,1.250157,0,16.372245,0.083461,19.988128
3.716000,15.959572,0.993601,4.352395,1.240347,0,16.376598,0.084706,19.988128
3.717000,15.963925,0.994837,4.352395,1.230537,0,16.380950,0.085942,19.988128
3.718000,15.968277,0.996062,4.352395,1.220727,0,16.385303,0.087168,19.988128
3.719000,15.972630,0.997278,4.352395,1.210917,0,16.389655,0.088383,19.988128
3.720000,15.976982,0.998484,4.352395,1.201107,0,16.394007,0.089589,19.988128
3.721000,15.981334,0.999680,4.352395,1.191297,0,16.398360,0.090786,19.988128
3.722000,15.985687,1.000867,4.352395,1.181487,0,16.402712,0.091972,19.988128
3.723000,15.990039,1.002043,4.352395,1.171677,0,16.407065,0.093149,19.988128
3.724000,15.994392,1.003210,4.352395,1.161867,0,16.411417,0.094315,19.988128
3.725000,15.998744,1.004367,4.352395,1.152057,0,16.415769,0.095472,19.988128
3.726000,16.003096,1.005514,4.352395,1.142247,0,16.420122,0.096619,19.988128
3.727000,16.007449,1.006652,4.352395,1.132437,0,16.424474,0.097757,19.988128
3.728000,16.011801,1.007779,4.352395,1.122627,0,16.428827,0.098884,19.988128
3.729000,16.016154,1.008897,4.352395,1.112817,0,16.433179,0.100002,19.988128
3.730000,16.020506,1.010005,4.352395,1.103007,0,16.437531,0.101110,19.988128
3.731000,16.024858,1.011103,4.352395,1.093197,0,16.441884,0.102208,19.988128
3.732000,16.029211,1.012191,4.352395,1.083387,0,16.446236,0.103296,19.988128
3.733000,16.033563,1.013270,4.352395,1.073577,0,16.450588,0.104375,19.988128
3.734000,16.037916,1.014338,4.352395,1.063767,0,16.454941,0.105443,19.988128
3.735000,16.042268,1.015397,4.352395,1.053957,0,16.459293,0.106502,19.988128
3.736000,16.046620,1.016446,4.352395,1.044147,0,16.463646,0.107551,19.988128
3.737000,16.050973,1.017485,4.352395,1.034337,0,16.467998,0.108591,19.988128
3.738000,16.055325,1.018515,4.352395,1.024527,0,16.472350,0.109620,19.988128
3.739000,16.059678,1.019535,4.352395,1.014717,0,16.476703,0.110640,19.988128
3.740000,16.064030,1.020544,4.352395,1.004907,0,16.481055,0.111649,19.988128
3.741000,16.068382,1.021544,4.352395,0.995097,0,16.485408,0.112649,19.988128
3.742000,16.072735,1.022535,4.352395,0.985287,0,16.489760,0.113640,19.988128
3.743000,16.077087,1.023515,4.352395,0.975477,0,16.494112,0.114620,19.988128
3.744000,16.081440,1.024485,4.352395,0.965667,0,16.498465,0.115591,19.988128
3.745000,16.085792,1.025446,4.352395,0.955857,0,16.502817,0.116551,19.988128
3.746000,16.090144,1.026397,4.352395,0.946047,0,16.507170,0.117502,19.988128
3.747000,16.094497,1.027338,4.352395,0.936237,0,16.511522,0.118443,19.988128
3.748000,16.098849,1.028270,4.352395,0.926427,0,16.515874,0.119375,19.988128
3.749000,16.103201,1.029191,4.352395,0.916617,0,16.520227,0.120296,19.988128
3.750000,16.107554,1.030103,4.352395,0.906807,0,16.524579,0.121208,19.988128
3.751000,16.111906,1.031005,4.352395,0.896997,0,16.528932,0.122110,19.988128
3.752000,16.116259,1.031897,4.352395,0.887187,0,16.533284,0.123002,19.988128
3.753000,16.120611,1.032779,4.352395,0.877377,0,16.537636,0.123884,19.988128
3.754000,16.124963,1.033652,4.352395,0.867567,0,16.541989,0.124757,19.988128
3.755000,16.129316,1.034514,4.352395,0.857757,0,16.546341,0.125619,19.988128
3.756000,16.133668,1.035367,4.352395,0.847947,0,16.550694,0.126472,19.988128
3.757000,16.138021,1.036210,4.352395,0.838137,0,16.555046,0.127315,19.988128
3.758000,16.142373,1.037043,4.352395,0.828327,0,16.559398,0.128149,19.988128
3.759000,16.146725,1.037867,4.352395,0.818517,0,16.563751,0.128972,19.988128
3.760000,16.151078,1.038680,4.352395,0.808707,0,16.568103,0.129786,19.988128
3.761000,16.155430,1.039484,4.352395,0.798897,0,16.572456,0.130589,19.988128
3.762000,16.159783,1.040278,4.352395,0.789087,0,16.576808,0.131383,19.988128
3.763000,16.164135,1.041062,4.352395,0.779277,0,16.581160,0.132168,19.988128
3.764000,16.168487,1.041837,4.352395,0.769467,0,16.585513,0.132942,19.988128
3.765000,16.172840,1.042601,4.352395,0.759657,0,16.589865,0.133707,19.988128
3.766000,16.177192,1.043356,4.352395,0.749847,0,16.594218,0.134461,19.988128
3.767000,16.181545,1.044101,4.352395,0.740037,0,16.598570,0.135206,19.988128
3.768000,16.185897,1.044836,4.352395,0.730227,0,16.602922,0.135941,19.988128
3.769000,16.190249,1.045562,4.352395,0.720417,0,16.607275,0.136667,19.988128
3.770000,16.194602,1.046277,4.352395,0.710607,0,16.611627,0.137382,19.988128
3.771000,16.198954,1.046983,4.352395,0.700797,0,16.615979,0.138088,19.988128
3.772000,16.203307,1.047679,4.352395,0.690987,0,16.620332,0.138784,19.988128
3.773000,16.207659,1.048365,4.352395,0.681177,0,16.624684,0.139470,19.988128
3.774000,16.212011,1.049041,4.352395,0.671367,0,16.629037,0.140146,19.988128
3.775000,16.216364,1.049707,4.352395,0.661557,0,16.633389,0.140813,19.988128
3.776000,16.220716,1.050364,4.352395,0.651747,0,16.637741,0.141469,19.988128
3.777000,16.225069,1.051011,4.352395,0.641937,0,16.642094,0.142116,19.988128
3.778000,16.229421,1.051648,4.352395,0.632127,0,16.646446,0.142753,19.988128
3.779000,16.233773,1.052275,4.352395,0.622317,0,16.650799,0.143380,19.988128
3.780000,16.238126,1.052893,4.352395,0.612507,0,16.655151,0.143998,19.988128
3.781000,16.242478,1.053500,4.352395,0.602697,0,16.659503,0.144605,19.988128
3.782000,16.246830,1.054098,4.352395,0.592887,0,16.663856,0.145203,19.988128
3.783000,16.251183,1.054686,4.352395,0.583077,0,16.668208,0.145791,19.988128
3.784000,16.255535,1.055264,4.352395,0.573267,0,16.672561,0.146369,19.988128
3.785000,16.259888,1.055833,4.352395,0.563457,0,16.676913,0.146938,19.988128
3.786000,16.264240,1.056391,4.352395,0.553647,0,16.681265,0.147496,19.988128
3.787000,16.268592,1.056940,4.352395,0.543837,0,16.685618,0.148045,19.988128
3.788000,16.272945,1.057479,4.352395,0.534027,0,16.689970,0.148584,19.988128
3.789000,16.277297,1.058008,4.352395,0.524217,0,16.694323,0.149113,19.988128
3.790000,16.281650,1.058527,4.352395,0.514407,0,16.698675,0.149632,19.988128
3.791000,16.286002,1.059037,4.352395,0.504597,0,16.703027,0.150142,19.988128
3.792000,16.290354,1.059536,4.352395,0.494787,0,16.707380,0.150641,19.988128
3.793000,16.294707,1.060026,4.352395,0.484977,0,16.711732,0.151131,19.988128
3.794000,16.299059,1.060506,4.352395,0.475167,0,16.716085,0.151611,19.988128
3.795000,16.303412,1.060977,4.352395,0.465357,0,16.720437,0.152082,19.988128
3.796000,16.307764,1.061437,4.352395,0.455547,0,16.724789,0.152542,19.988128
3.797000,16.312116,1.061888,4.352395,0.445737,0,16.729142,0.152993,19.988128
3.798000,16.316469,1.062329,4.352395,0.435927,0,16.733494,0.153434,19.988128
3.799000,16.320821,1.062760,4.352395,0.426117,0,16.737847,0.153865,19.988128
3.800000,16.325174,1.063181,4.352395,0.416307,0,16.742199,0.154286,19.988128
3.801000,16.329526,1.063592,4.352395,0.406497,0,16.746551,0.154697,19.988128
3.802000,16.333878,1.063994,4.352395,0.396687,0,16.750904,0.155099,19.988128
3.803000,16.338231,1.064386,4.352395,0.386877,0,16.755256,0.155491,19.988128
3.804000,16.342583,1.064767,4.352395,0.377067,0,16.759608,0.155873,19.988128
3.805000,16.346936,1.065140,4.352395,0.367257,0,16.763961,0.156245,19.988128
3.806000,16.351288,1.065502,4.352395,0.357447,0,16.768313,0.156607,19.988128
3.807000,16.355640,1.065855,4.352395,0.347637,0,16.772666,0.156960,19.988128
3.808000,16.359993,1.066197,4.352395,0.337827,0,16.777018,0.157302,19.988128
3.809000,16.364345,1.066530,4.352395,0.328017,0,16.781370,0.157635,19.988128
3.810000,16.368698,1.066853,4.352395,0.318207,0,16.785723,0.157958,19.988128
3.811000,16.373050,1.067167,4.352395,0.308397,0,16.790075,0.158272,19.988128
3.812000,16.377402,1.067470,4.352395,0.298587,0,16.794428,0.158575,19.988128
3.813000,16.381755,1.067764,4.352395,0.288777,0,16.798780,0.158869,19.988128
3.814000,16.386107,1.068048,4.352395,0.278967,0,16.803132,0.159153,19.988128
3.815000,16.390460,1.068322,4.352395,0.269157,0,16.807485,0.159427,19.988128
3.816000,16.394812,1.068586,4.352395,0.259347,0,16.811837,0.159691,19.988128
3.817000,16.399164,1.068840,4.352395,0.249537,0,16.816190,0.159946,19.988128
3.818000,16.403517,1.069085,4.352395,0.239727,0,16.820542,0.160190,19.988128
3.819000,16.407869,1.069320,4.352395,0.229917,0,16.824894,0.160425,19.988128
3.820000,16.412221,1.069545,4.352395,0.220107,0,16.829247,0.160650,19.988128
3.821000,16.416574,1.069760,4.352395,0.210297,0,16.833599,0.160865,19.988128
3.822000,16.420926,1.069965,4.352395,0.200487,0,16.837952,0.161071,19.988128
3.823000,16.425279,1.070161,4.352395,0.190677,0,16.842304,0.161266,19.988128
3.824000,16.429631,1.070347,4.352395,0.180867,0,16.846656,0.161452,19.988128
3.825000,16.433983,1.070523,4.352395,0.171057,0,16.851009,0.161628,19.988128
3.826000,16.438336,1.070689,4.352395,0.161247,0,16.855361,0.161794,19.988128
3.827000,16.442688,1.070845,4.352395,0.151437,0,16.859714,0.161950,19.988128
3.828000,16.447041,1.070992,4.352395,0.141627,0,16.864066,0.162097,19.988128
3.829000,16.451393,1.071129,4.352395,0.131817,0,16.868418,0.162234,19.988128
3.830000,16.455745,1.071255,4.352395,0.122007,0,16.872771,0.162361,19.988128
3.831000,16.460098,1.071373,4.352395,0.112197,0,16.877123,0.162478,19.988128
3.832000,16.464450,1.071480,4.352395,0.102387,0,16.881476,0.162585,19.988128
3.833000,16.468803,1.071577,4.352395,0.092577,0,16.885828,0.162682,19.988128
3.834000,16.473155,1.071665,4.352395,0.082767,0,16.890180,0.162770,19.988128
3.835000,16.477507,1.071743,4.352395,0.072957,0,16.894533,0.162848,19.988128
3.836000,16.481860,1.071811,4.352395,0.063147,0,16.898885,0.162916,19.988128
3.837000,16.486212,1.071869,4.352395,0.053337,0,16.903238,0.162974,19.988128
3.838000,16.490565,1.071918,4.352395,0.043527,0,16.907590,0.163023,19.988128
3.839000,16.494917,1.071956,4.352395,0.033717,0,16.911942,0.163061,19.988128
3.840000,16.499269,1.071985,4.352395,0.023907,0,16.916295,0.163090,19.988128
3.841000,16.503622,1.072004,4.352395,0.014097,0,16.920647,0.163109,19.988128
3.842000,16.507974,1.072013,4.352395,0.004287,0,16.924999,0.163118,19.988128
3.843000,16.512327,1.072013,4.352395,-0.005523,0,16.929352,0.163118,19.988128
3.844000,16.516679,1.072002,4.352395,-0.015333,0,16.933704,0.163107,19.988128
3.845000,16.521031,1.071982,4.352395,-0.025143,0,16.938057,0.163087,19.988128
3.846000,16.525384,1.071952,4.352395,-0.034953,0,16.942409,0.163057,19.988128
3.847000,16.529736,1.071912,4.352395,-0.044763,0,16.946761,0.163017,19.988128
3.848000,16.534089,1.071862,4.352395,-0.054573,0,16.951114,0.162967,19.988128
3.849000,16.538441,1.071803,4.352395,-0.064383,0,16.955466,0.162908,19.988128
3.850000,16.542793,1.071734,4.352395,-0.074193,0,16.959819,0.162839,19.988128
3.851000,16.547146,1.071654,4.352395,-0.084003,0,16.964171,0.162760,19.988128
3.852000,16.551498,1.071566,4.352395,-0.093813,0,16.968523,0.162671,19.988128
3.853000,16.555851,1.071467,4.352395,-0.103623,0,16.972876,0.162572,19.988128
3.854000,16.560203,1.071358,4.352395,-0.113433,0,16.977228,0.162463,19.988128
3.855000,16.564555,1.071240,4.352395,-0.123243,0,16.981581,0.162345,19.988128
3.856000,16.568908,1.071112,4.352395,-0.133053,0,16.985933,0.162217,19.988128
3.857000,16.573260,1.070974,4.352395,-0.142863,0,16.990285,0.162079,19.988128
3.858000,16.577612,1.070826,4.352395,-0.152673,0,16.994638,0.161931,19.988128
3.859000,16.581965,1.070669,4.352395,-0.162483,0,16.998990,0.161774,19.988128
3.860000,16.586317,1.070501,4.352395,-0.172293,0,17.003343,0.161606,19.988128
3.861000,16.590670,1.070324,4.352395,-0.182103,0,17.007695,0.161429,19.988128
3.862000,16.595022,1.070137,4.352395,-0.191913,0,17.012047,0.161242,19.988128
3.863000,16.599374,1.069940,4.352395,-0.201723,0,17.016400,0.161045,19.988128
3.864000,16.603727,1.069733,4.352395,-0.211533,0,17.020752,0.160839,19.988128
3.865000,16.608079,1.069517,4.352395,-0.221343,0,17.025105,0.160622,19.988128
3.866000,16.612432,1.069291,4.352395,-0.231153,0,17.029457,0.160396,19.988128
3.867000,16.616784,1.069055,4.352395,-0.240963,0,17.033809,0.160160,19.988128
3.868000,16.621136,1.068809,4.352395,-0.250773,0,17.038162,0.159914,19.988128
3.869000,16.625489,1.068553,4.352395,-0.260583,0,17.042514,0.159658,19.988128
3.870000,16.629841,1.068288,4.352395,-0.270393,0,17.046867,0.159393,19.988128
3.871000,16.634194,1.068012,4.352395,-0.280203,0,17.051219,0.159118,19.988128
3.872000,16.638546,1.067727,4.352395,-0.290013,0,17.055571,0.158832,19.988128
3.873000,16.642898,1.067432,4.352395,-0.299823,0,17.059924,0.158538,19.988128
3.874000,16.647251,1.067128,4.352395,-0.309633,0,17.064276,0.158233,19.988128
3.875000,16.651603,1.066813,4.352395,-0.319443,0,17.068629,0.157918,19.988128
3.876000,16.655956,1.066489,4.352395,-0.329253,0,17.072981,0.157594,19.988128
3.877000,16.660308,1.066155,4.352395,-0.339063,0,17.077333,0.157260,19.988128
3.878000,16.664660,1.065811,4.352395,-0.348873,0,17.081686,0.156916,19.988128
3.879000,16.669013,1.065457,4.352395,-0.358683,0,17.086038,0.156562,19.988128
3.880000,16.673365,1.065093,4.352395,-0.368493,0,17.090390,0.156198,19.988128
3.881000,16.677718,1.064720,4.352395,-0.378303,0,17.094743,0.155825,19.988128
3.882000,16.682070,1.064337,4.352395,-0.388113,0,17.099095,0.155442,19.988128
3.883000,16.686422,1.063944,4.352395,-0.397923,0,17.103448,0.155049,19.988128
3.884000,16.690775,1.063541,4.352395,-0.407733,0,17.107800,0.154646,19.988128
3.885000,16.695127,1.063128,4.352395,-0.417543,0,17.112152,0.154233,19.988128
3.886000,16.699480,1.062706,4.352395,-0.427353,0,17.116505,0.153811,19.988128
3.887000,16.703832,1.062273,4.352395,-0.437163,0,17.120857,0.153379,19.988128
3.888000,16.708184,1.061831,4.352395,-0.446973,0,17.125210,0.152937,19.988128
3.889000,16.712537,1.061380,4.352395,-0.456783,0,17.129562,0.152485,19.988128
3.890000,16.716889,1.060918,4.352395,-0.466593,0,17.133914,0.152023,19.988128
3.891000,16.721241,1.060446,4.352395,-0.476403,0,17.138267,0.151551,19.988128
3.892000,16.725594,1.059965,4.352395,-0.486213,0,17.142619,0.151070,19.988128
3.893000,16.729946,1.059474,4.352395,-0.496023,0,17.146972,0.150579,19.988128
3.894000,16.734299,1.058973,4.352395,-0.505833,0,17.151324,0.150078,19.988128
3.895000,16.738651,1.058462,4.352395,-0.515643,0,17.155676,0.149567,19.988128
3.896000,16.743003,1.057942,4.352395,-0.525453,0,17.160029,0.149047,19.988128
3.897000,16.747356,1.057411,4.352395,-0.535263,0,17.164381,0.148516,19.988128
3.898000,16.751708,1.056871,4.352395,-0.545073,0,17.168734,0.147976,19.988128
3.899000,16.756061,1.056321,4.352395,-0.554883,0,17.173086,0.147426,19.988128
3.900000,16.760413,1.055761,4.352395,-0.564693,0,17.177438,0.146867,19.988128
3.901000,16.764765,1.055192,4.352395,-0.574503,0,17.181791,0.146297,19.988128
3.902000,16.769118,1.054612,4.352395,-0.584313,0,17.186143,0.145718,19.988128
3.903000,16.773470,1.054023,4.352395,-0.594123,0,17.190496,0.145128,19.988128
3.904000,16.777823,1.053424,4.352395,-0.603933,0,17.194848,0.144529,19.988128
3.905000,16.782175,1.052815,4.352395,-0.613743,0,17.199200,0.143920,19.988128
3.906000,16.786527,1.052197,4.352395,-0.623553,0,17.203553,0.143302,19.988128
3.907000,16.790880,1.051568,4.352395,-0.633363,0,17.207905,0.142673,19.988128
3.908000,16.795232,1.050930,4.352395,-0.643173,0,17.212258,0.142035,19.988128
3.909000,16.799585,1.050282,4.352395,-0.652983,0,17.216610,0.141387,19.988128
3.910000,16.803937,1.049624,4.352395,-0.662793,0,17.220962,0.140729,19.988128
3.911000,16.808289,1.048956,4.352395,-0.672603,0,17.225315,0.140061,19.988128
3.912000,16.812642,1.048279,4.352395,-0.682413,0,17.229667,0.139384,19.988128
3.913000,16.816994,1.047591,4.352395,-0.692223,0,17.234019,0.138697,19.988128
3.914000,16.821347,1.046894,4.352395,-0.702033,0,17.238372,0.137999,19.988128
3.915000,16.825699,1.046187,4.352395,-0.711843,0,17.242724,0.137293,19.988128
3.916000,16.830051,1.045471,4.352395,-0.721653,0,17.247077,0.136576,19.988128
3.917000,16.834404,1.044744,4.352395,-0.731463,0,17.251429,0.135849,19.988128
3.918000,16.838756,1.044008,4.352395,-0.741273,0,17.255781,0.135113,19.988128
3.919000,16.843109,1.043262,4.352395,-0.751083,0,17.260134,0.134367,19.988128
3.920000,16.847461,1.042506,4.352395,-0.760893,0,17.264486,0.133611,19.988128
3.921000,16.851813,1.041740,4.352395,-0.770703,0,17.268839,0.132845,19.988128
3.922000,16.856166,1.040964,4.352395,-0.780513,0,17.273191,0.132069,19.988128
3.923000,16.860518,1.040179,4.352395,-0.790323,0,17.277543,0.131284,19.988128
3.924000,16.864871,1.039383,4.352395,-0.800133,0,17.281896,0.130489,19.988128
3.925000,16.869223,1.038578,4.352395,-0.809943,0,17.286248,0.129684,19.988128
3.926000,16.873575,1.037764,4.352395,-0.819753,0,17.290601,0.128869,19.988128
3.927000,16.877928,1.036939,4.352395,-0.829563,0,17.294953,0.128044,19.988128
3.928000,16.882280,1.036104,4.352395,-0.839373,0,17.299305,0.127210,19.988128
3.929000,16.886632,1.035260,4.352395,-0.849183,0,17.303658,0.126365,19.988128
3.930000,16.890985,1.034406,4.352395,-0.858993,0,17.308010,0.125511,19.988128
3.931000,16.895337,1.033542,4.352395,-0.868803,0,17.312363,0.124647,19.988128
3.932000,16.899690,1.032669,4.352395,-0.878613,0,17.316715,0.123774,19.988128
3.933000,16.904042,1.031785,4.352395,-0.888423,0,17.321067,0.122890,19.988128
3.934000,16.908394,1.030892,4.352395,-0.898233,0,17.325420,0.121997,19.988128
3.935000,16.912747,1.029989,4.352395,-0.908043,0,17.329772,0.121094,19.988128
3.936000,16.917099,1.029076,4.352395,-0.917853,0,17.334125,0.120181,19.988128
3.937000,16.921452,1.028153,4.352395,-0.927663,0,17.338477,0.119258,19.988128
3.938000,16.925804,1.027220,4.352395,-0.937473,0,17.342829,0.118325,19.988128
3.939000,16.930156,1.026278,4.352395,-0.947283,0,17.347182,0.117383,19.988128
3.940000,16.934509,1.025326,4.352395,-0.957093,0,17.351534,0.116431,19.988128
3.941000,16.938861,1.024364,4.352395,-0.966903,0,17.355887,0.115469,19.988128
3.942000,16.943214,1.023392,4.352395,-0.976713,0,17.360239,0.114497,19.988128
3.943000,16.947566,1.022410,4.352395,-0.986523,0,17.364591,0.113515,19.988128
3.944000,16.951918,1.021419,4.352395,-0.996333,0,17.368944,0.112524,19.988128
3.945000,16.956271,1.020418,4.352395,-1.006143,0,17.373296,0.111523,19.988128
3.946000,16.960623,1.019407,4.352395,-1.015953,0,17.377649,0.110512,19.988128
3.947000,16.964976,1.018386,4.352395,-1.025763,0,17.382001,0.109491,19.988128
3.948000,16.969328,1.017355,4.352395,-1.035573,0,17.386353,0.108460,19.988128
3.949000,16.973680,1.016315,4.352395,-1.045383,0,17.390706,0.107420,19.988128
3.950000,16.978033,1.015264,4.352395,-1.055193,0,17.395058,0.106369,19.988128
3.951000,16.982385,1.014204,4.352395,-1.065003,0,17.399410,0.105309,19.988128
3.952000,16.986738,1.013134,4.352395,-1.074813,0,17.403763,0.104239,19.988128
3.953000,16.991090,1.012055,4.352395,-1.084623,0,17.408115,0.103160,19.988128
3.954000,16.995442,1.010965,4.352395,-1.094433,0,17.412468,0.102070,19.988128
3.955000,16.999795,1.009866,4.352395,-1.104243,0,17.416820,0.100971,19.988128
3.956000,17.004147,1.008757,4.352395,-1.114053,0,17.421172,0.099862,19.988128
3.957000,17.008500,1.007638,4.352395,-1.123863,0,17.425525,0.098743,19.988128
3.958000,17.012852,1.006509,4.352395,-1.133673,0,17.429877,0.097614,19.988128
3.959000,17.017204,1.005370,4.352395,-1.143483,0,17.434230,0.096475,19.988128
3.960000,17.021557,1.004222,4.352395,-1.153293,0,17.438582,0.095327,19.988128
3.961000,17.025909,1.003064,4.352395,-1.163103,0,17.442934,0.094169,19.988128
3.962000,17.030262,1.001896,4.352395,-1.172913,0,17.447287,0.093001,19.988128
3.963000,17.034614,1.000718,4.352395,-1.182723,0,17.451639,0.091823,19.988128
3.964000,17.038966,0.999530,4.352395,-1.192533,0,17.455992,0.090635,19.988128
3.965000,17.043319,0.998333,4.352395,-1.202343,0,17.460344,0.089438,19.988128
3.966000,17.047671,0.997125,4.352395,-1.212153,0,17.464696,0.088231,19.988128
3.967000,17.052023,0.995908,4.352395,-1.221963,0,17.469049,0.087014,19.988128
3.968000,17.056376,0.994682,4.352395,-1.231773,0,17.473401,0.085787,19.988128
3.969000,17.060728,0.993445,4.352395,-1.241583,0,17.477754,0.084550,19.988128
3.970000,17.065081,0.992198,4.352395,-1.251393,0,17.482106,0.083304,19.988128
3.971000,17.069433,0.990942,4.352395,-1.261203,0,17.486458,0.082047,19.988128
3.972000,17.073785,0.989676,4.352395,-1.271013,0,17.490811,0.080781,19.988128
3.973000,17.078138,0.988400,4.352395,-1.280823,0,17.495163,0.079505,19.988128
3.974000,17.082490,0.987114,4.352395,-1.290633,0,17.499516,0.078219,19.988128
3.975000,17.086843,0.985819,4.352395,-1.300443,0,17.503868,0.076924,19.988128
3.976000,17.091195,0.984513,4.352395,-1.310253,0,17.508220,0.075619,19.988128
3.977000,17.095547,0.983198,4.352395,-1.320063,0,17.512573,0.074303,19.988128
3.978000,17.099900,0.981873,4.352395,-1.329873,0,17.516925,0.072978,19.988128
3.979000,17.104252,0.980539,4.352395,-1.339683,0,17.521278,0.071644,19.988128
3.980000,17.108605,0.979194,4.352395,-1.349493,0,17.525630,0.070299,19.988128
3.981000,17.112957,0.977840,4.352395,-1.359303,0,17.529982,0.068945,19.988128
3.982000,17.117309,0.976475,4.352395,-1.369113,0,17.534335,0.067580,19.988128
3.983000,17.121662,0.975101,4.352395,-1.378923,0,17.538687,0.066206,19.988128
3.984000,17.126014,0.973717,4.352395,-1.388733,0,17.543040,0.064823,19.988128
3.985000,17.130367,0.972324,4.352395,-1.398543,0,17.547392,0.063429,19.988128
3.986000,17.134719,0.970920,4.352395,-1.408353,0,17.551744,0.062026,19.988128
3.987000,17.139071,0.969507,4.352395,-1.418163,0,17.556097,0.060612,19.988128
3.988000,17.143424,0.968084,4.352395,-1.427973,0,17.560449,0.059189,19.988128
3.989000,17.147776,0.966651,4.352395,-1.437783,0,17.564801,0.057756,19.988128
3.990000,17.152129,0.965209,4.352395,-1.447593,0,17.569154,0.056314,19.988128
3.991000,17.156481,0.963756,4.352395,-1.457403,0,17.573506,0.054861,19.988128
3.992000,17.160833,0.962294,4.352395,-1.467213,0,17.577859,0.053399,19.988128
3.993000,17.165186,0.960822,4.352395,-1.477023,0,17.582211,0.051927,19.988128
3.994000,17.169538,0.959340,4.352395,-1.486833,0,17.586563,0.050445,19.988128
3.995000,17.173891,0.957848,4.352395,-1.496643,0,17.590916,0.048953,19.988128
3.996000,17.178243,0.956346,4.352395,-1.506453,0,17.595268,0.047452,19.988128
3.997000,17.182595,0.954835,4.352395,-1.516263,0,17.599621,0.045940,19.988128
3.998000,17.186948,0.953314,4.352395,-1.526073,0,17.603973,0.044419,19.988128
3.999000,17.191300,0.951783,4.352395,-1.535883,0,17.608325,0.042888,19.988128
4.000000,17.195652,0.950242,4.352395,-1.545693,0,17.612678,0.041347,19.988128
4.001000,17.200005,0.948691,4.352395,-1.555503,0,17.617030,0.039797,19.988128
4.002000,17.204357,0.947131,4.352395,-1.565313,0,17.621383,0.038236,19.988128
4.003000,17.208710,0.945561,4.352395,-1.575123,0,17.625735,0.036666,19.988128
4.004000,17.213062,0.943981,4.352395,-1.584933,0,17.630087,0.035086,19.988128
4.005000,17.217414,0.942391,4.352395,-1.594743,0,17.634440,0.033496,19.988128
4.006000,17.221767,0.940791,4.352395,-1.604553,0,17.638792,0.031896,19.988128
4.007000,17.226119,0.939182,4.352395,-1.614363,0,17.643145,0.030287,19.988128
4.008000,17.230472,0.937563,4.352395,-1.624173,0,17.647497,0.028668,19.988128
4.009000,17.234824,0.935934,4.352395,-1.633983,0,17.651849,0.027039,19.988128
4.010000,17.239176,0.934295,4.352395,-1.643793,0,17.656202,0.025400,19.988128
4.011000,17.243529,0.932646,4.352395,-1.653603,0,17.660554,0.023751,19.988128
4.012000,17.247881,0.930987,4.352395,-1.663413,0,17.664907,0.022093,19.988128
4.013000,17.252234,0.929319,4.352395,-1.673223,0,17.669259,0.020424,19.988128
4.014000,17.256586,0.927641,4.352395,-1.683033,0,17.673611,0.018746,19.988128
4.015000,17.260938,0.925953,4.352395,-1.692843,0,17.677964,0.017058,19.988128
4.016000,17.265291,0.924255,4.352395,-1.702653,0,17.682316,0.015360,19.988128
4.017000,17.269643,0.922548,4.352395,-1.712463,0,17.686669,0.013653,19.988128
4.018000,17.273996,0.920830,4.352395,-1.722273,0,17.691021,0.011936,19.988128
4.019000,17.278348,0.919103,4.352395,-1.732083,0,17.695373,0.010208,19.988128
4.020000,17.282700,0.917366,4.352395,-1.741893,0,17.699726,0.008471,19.988128
4.021000,17.287053,0.915619,4.352395,-1.751703,0,17.704078,0.006725,19.988128
4.022000,17.291405,0.913863,4.352395,-1.761513,0,17.708430,0.004968,19.988128
4.023000,17.295758,0.912096,4.352395,-1.771323,0,17.712783,0.003202,19.988128
4.024000,17.300110,0.910320,4.352395,-1.781133,0,17.717135,0.001425,19.988128
4.025000,17.304462,0.908534,4.352395,-1.790943,1,17.721322,0.000000,19.988143
4.026000,17.308815,0.906738,4.352219,-1.800368,1,17.721322,0.000000,19.988143
4.027000,17.313167,0.904934,4.351760,-1.809165,1,17.721322,0.000000,19.988143
4.028000,17.317518,0.903120,4.351023,-1.817334,1,17.721322,0.000000,19.988143
4.029000,17.321869,0.901299,4.350012,-1.824872,1,17.721322,0.000000,19.988143
4.030000,17.326218,0.899471,4.348731,-1.831779,1,17.721322,0.000000,19.988143
4.031000,17.330566,0.897636,4.347186,-1.838054,1,17.721322,0.000000,19.988143
4.032000,17.334912,0.895795,4.345380,-1.843697,1,17.721322,0.000000,19.988143
4.033000,17.339257,0.893949,4.343319,-1.848706,1,17.721322,0.000000,19.988143
4.034000,17.343599,0.892098,4.341007,-1.853081,1,17.721322,0.000000,19.988143
4.035000,17.347939,0.890243,4.338450,-1.856822,1,17.721322,0.000000,19.988143
4.036000,17.352276,0.888384,4.335652,-1.859929,1,17.721322,0.000000,19.988143
4.037000,17.356610,0.886523,4.332619,-1.862401,1,17.721322,0.000000,19.988143
4.038000,17.360941,0.884660,4.329355,-1.864239,1,17.721322,0.000000,19.988143
4.039000,17.365269,0.882795,4.325867,-1.865443,1,17.721322,0.000000,19.988143
4.040000,17.369593,0.880929,4.322159,-1.866013,1,17.721322,0.000000,19.988143
4.041000,17.373913,0.879063,4.318238,-1.865951,1,17.721322,0.000000,19.988143
4.042000,17.378229,0.877197,4.314108,-1.865256,1,17.721322,0.000000,19.988143
4.043000,17.382541,0.875333,4.309775,-1.863930,1,17.721322,0.000000,19.988143
4.044000,17.386848,0.873470,4.305246,-1.861974,1,17.721322,0.000000,19.988143
4.045000,17.391151,0.871609,4.300525,-1.859389,1,17.721322,0.000000,19.988143
4.046000,17.395449,0.869751,4.295619,-1.856176,1,17.721322,0.000000,19.988143
4.047000,17.399743,0.867897,4.290534,-1.852338,1,17.721322,0.000000,19.988143
4.048000,17.404030,0.866047,4.285276,-1.847875,1,17.721322,0.000000,19.988143
4.049000,17.408313,0.864201,4.279850,-1.842791,1,17.721322,0.000000,19.988143
4.050000,17.412590,0.862361,4.274263,-1.837085,1,17.721322,0.000000,19.988143
4.051000,17.416861,0.860527,4.268522,-1.830762,1,17.721322,0.000000,19.988143
4.052000,17.421127,0.858700,4.262631,-1.823824,1,17.721322,0.000000,19.988143
4.053000,17.425387,0.856880,4.256599,-1.816272,1,17.721322,0.000000,19.988143
4.054000,17.429640,0.855068,4.250430,-1.808110,1,17.721322,0.000000,19.988143
4.055000,17.433888,0.853264,4.244132,-1.799340,1,17.721322,0.000000,19.988143
4.056000,17.438128,0.851469,4.237711,-1.789967,1,17.721322,0.000000,19.988143
4.057000,17.442363,0.849684,4.231173,-1.779992,1,17.721322,0.000000,19.988143
4.058000,17.446591,0.847909,4.224525,-1.769419,1,17.721322,0.000000,19.988143
4.059000,17.450812,0.846145,4.217774,-1.758252,1,17.721322,0.000000,19.988143
4.060000,17.455026,0.844393,4.210926,-1.746495,1,17.721322,0.000000,19.988143
4.061000,17.459234,0.842653,4.203988,-1.734152,1,17.721322,0.000000,19.988143
4.062000,17.463434,0.840925,4.196966,-1.721226,1,17.721322,0.000000,19.988143
4.063000,17.467628,0.839210,4.189867,-1.707722,1,17.721322,0.000000,19.988143
4.064000,17.471814,0.837510,4.182699,-1.693645,1,17.721322,0.000000,19.988143
4.065000,17.475993,0.835823,4.175466,-1.678998,1,17.721322,0.000000,19.988143
4.066000,17.480165,0.834152,4.168178,-1.663787,1,17.721322,0.000000,19.988143
4.067000,17.484329,0.832496,4.160839,-1.648017,1,17.721322,0.000000,19.988143
4.068000,17.488487,0.830856,4.153458,-1.631692,1,17.721322,0.000000,19.988143
4.069000,17.492636,0.829233,4.146039,-1.614819,1,17.721322,0.000000,19.988143
4.070000,17.496779,0.827626,4.138592,-1.597402,1,17.721322,0.000000,19.988143
4.071000,17.500913,0.826038,4.131121,-1.579448,1,17.721322,0.000000,19.988143
4.072000,17.505041,0.824468,4.123635,-1.560961,1,17.721322,0.000000,19.988143
4.073000,17.509161,0.822916,4.116139,-1.541948,1,17.721322,0.000000,19.988143
4.074000,17.513273,0.821384,4.108641,-1.522415,1,17.721322,0.000000,19.988143
4.075000,17.517378,0.819872,4.101146,-1.502369,1,17.721322,0.000000,19.988143
4.076000,17.521475,0.818379,4.093662,-1.481815,1,17.721322,0.000000,19.988143
4.077000,17.525565,0.816908,4.086196,-1.460761,1,17.721322,0.000000,19.988143
4.078000,17.529648,0.815458,4.078754,-1.439213,1,17.721322,0.000000,19.988143
4.079000,17.533723,0.814030,4.071342,-1.417179,1,17.721322,0.000000,19.988143
4.080000,17.537790,0.812624,4.063967,-1.394665,1,17.721322,0.000000,19.988143
4.081000,17.541851,0.811241,4.056636,-1.371678,1,17.721322,0.000000,19.988143
4.082000,17.545904,0.809881,4.049355,-1.348227,1,17.721322,0.000000,19.988143
4.083000,17.549950,0.808544,4.042130,-1.324318,1,17.721322,0.000000,19.988143
4.084000,17.553988,0.807232,4.034968,-1.299960,1,17.721322,0.000000,19.988143
4.085000,17.558019,0.805945,4.027874,-1.275161,1,17.721322,0.000000,19.988143
4.086000,17.562044,0.804682,4.020856,-1.249927,1,17.721322,0.000000,19.988143
4.087000,17.566061,0.803445,4.013919,-1.224269,1,17.721322,0.000000,19.988143
4.088000,17.570072,0.802234,4.007069,-1.198194,1,17.721322,0.000000,19.988143
4.089000,17.574075,0.801049,4.000312,-1.171711,1,17.721322,0.000000,19.988143
4.090000,17.578072,0.799890,3.993654,-1.144828,1,17.721322,0.000000,19.988143
4.091000,17.582063,0.798759,3.987101,-1.117554,1,17.721322,0.000000,19.988143
4.092000,17.586047,0.797655,3.980658,-1.089898,1,17.721322,0.000000,19.988143
4.093000,17.590024,0.796579,3.974331,-1.061870,1,17.721322,0.000000,19.988143
4.094000,17.593995,0.795532,3.968126,-1.033479,1,17.721322,0.000000,19.988143
4.095000,17.597960,0.794513,3.962047,-1.004733,1,17.721322,0.000000,19.988143
4.096000,17.601919,0.793522,3.956101,-0.975643,1,17.721322,0.000000,19.988143
4.097000,17.605873,0.792561,3.950291,-0.946218,1,17.721322,0.000000,19.988143
4.098000,17.609820,0.791630,3.944624,-0.916468,1,17.721322,0.000000,19.988143
4.099000,17.613762,0.790729,3.939104,-0.886403,1,17.721322,0.000000,19.988143
4.100000,17.617698,0.789857,3.933736,-0.856033,1,17.721322,0.000000,19.988143
4.101000,17.621629,0.789017,3.928524,-0.825368,1,17.721322,0.000000,19.988143
4.102000,17.625555,0.788207,3.923473,-0.794418,1,17.721322,0.000000,19.988143
4.103000,17.629476,0.787428,3.918587,-0.763194,1,17.721322,0.000000,19.988143
4.104000,17.633393,0.786680,3.913870,-0.731707,1,17.721322,0.000000,19.988143
4.105000,17.637304,0.785965,3.909327,-0.699966,1,17.721322,0.000000,19.988143
4.106000,17.641211,0.785281,3.904962,-0.667982,1,17.721322,0.000000,19.988143
4.107000,17.645114,0.784629,3.900778,-0.635767,1,17.721322,0.000000,19.988143
4.108000,17.649013,0.784009,3.896778,-0.603331,1,17.721322,0.000000,19.988143
4.109000,17.652908,0.783422,3.892966,-0.570685,1,17.721322,0.000000,19.988143
4.110000,17.656799,0.782868,3.889346,-0.537840,1,17.721322,0.000000,19.988143
4.111000,17.660687,0.782347,3.885920,-0.504807,1,17.721322,0.000000,19.988143
4.112000,17.664571,0.781858,3.882692,-0.471598,1,17.721322,0.000000,19.988143
4.113000,17.668452,0.781403,3.879664,-0.438224,1,17.721322,0.000000,19.988143
4.114000,17.672330,0.780982,3.876838,-0.404696,1,17.721322,0.000000,19.988143
4.115000,17.676206,0.780594,3.874218,-0.371025,1,17.721322,0.000000,19.988143
4.116000,17.680079,0.780240,3.871805,-0.337224,1,17.721322,0.000000,19.988143
4.117000,17.683949,0.779920,3.869602,-0.303303,1,17.721322,0.000000,19.988143
4.118000,17.687818,0.779633,3.867609,-0.269274,1,17.721322,0.000000,19.988143
4.119000,17.691685,0.779381,3.865830,-0.235149,1,17.721322,0.000000,19.988143
4.120000,17.695550,0.779163,3.864265,-0.200939,1,17.721322,0.000000,19.988143
4.121000,17.699413,0.778979,3.862916,-0.166656,1,17.721322,0.000000,19.988143
4.122000,17.703276,0.778830,3.861783,-0.132313,1,17.721322,0.000000,19.988143
4.123000,17.707137,0.778715,3.860869,-0.097920,1,17.721322,0.000000,19.988143
4.124000,17.710997,0.778634,3.860172,-0.063489,1,17.721322,0.000000,19.988143
4.125000,17.714857,0.778588,3.859695,-0.029032,1,17.721322,0.000000,19.988143
4.126000,17.718717,0.778576,3.859437,0.005438,1,17.721322,0.000000,19.988143
4.127000,17.722576,0.778599,3.859399,0.039911,1,17.721322,0.000000,19.988143
4.128000,17.726436,0.778656,3.859580,0.074375,1,17.721322,0.000000,19.988143
4.129000,17.730296,0.778747,3.859980,0.108816,1,17.721322,0.000000,19.988143
4.130000,17.734156,0.778873,3.860599,0.143225,1,17.721322,0.000000,19.988143
4.131000,17.738017,0.779034,3.861436,0.177589,1,17.721322,0.000000,19.988143
4.132000,17.741879,0.779228,3.862491,0.211896,1,17.721322,0.000000,19.988143
4.133000,17.745742,0.779457,3.863762,0.246134,1,17.721322,0.000000,19.988143
4.134000,17.749606,0.779721,3.865248,0.280293,1,17.721322,0.000000,19.988143
4.135000,17.753472,0.780018,3.866948,0.314359,1,17.721322,0.000000,19.988143
4.136000,17.757340,0.780349,3.868860,0.348322,1,17.721322,0.000000,19.988143
4.137000,17.761210,0.780715,3.870983,0.382170,1,17.721322,0.000000,19.988143
4.138000,17.765082,0.781114,3.873315,0.415892,1,17.721322,0.000000,19.988143
4.139000,17.768957,0.781546,3.875853,0.449475,1,17.721322,0.000000,19.988143
4.140000,17.772834,0.782013,3.878595,0.482908,1,17.721322,0.000000,19.988143
4.141000,17.776714,0.782512,3.881538,0.516181,1,17.721322,0.000000,19.988143
4.142000,17.780597,0.783045,3.884681,0.549281,1,17.721322,0.000000,19.988143
4.143000,17.784484,0.783611,3.888020,0.582198,1,17.721322,0.000000,19.988143
4.144000,17.788373,0.784209,3.891553,0.614920,1,17.721322,0.000000,19.988143
4.145000,17.792267,0.784840,3.895275,0.647437,1,17.721322,0.000000,19.988143
4.146000,17.796164,0.785504,3.899184,0.679736,1,17.721322,0.000000,19.988143
4.147000,17.800065,0.786200,3.903277,0.711808,1,17.721322,0.000000,19.988143
4.148000,17.803971,0.786928,3.907549,0.743641,1,17.721322,0.000000,19.988143
4.149000,17.807880,0.787687,3.911997,0.775225,1,17.721322,0.000000,19.988143
4.150000,17.811795,0.788478,3.916617,0.806550,1,17.721322,0.000000,19.988143
4.151000,17.815714,0.789300,3.921405,0.837603,1,17.721322,0.000000,19.988143
4.152000,17.819638,0.790153,3.926356,0.868376,1,17.721322,0.000000,19.988143
4.153000,17.823566,0.791037,3.931467,0.898858,1,17.721322,0.000000,19.988143
4.154000,17.827501,0.791951,3.936732,0.929038,1,17.721322,0.000000,19.988143
4.155000,17.831440,0.792895,3.942147,0.958907,1,17.721322,0.000000,19.988143
4.156000,17.835385,0.793868,3.947707,0.988454,1,17.721322,0.000000,19.988143
4.157000,17.839335,0.794871,3.953408,1.017670,1,17.721322,0.000000,19.988143
4.158000,17.843292,0.795904,3.959244,1.046545,1,17.721322,0.000000,19.988143
4.159000,17.847254,0.796964,3.965209,1.075070,1,17.721322,0.000000,19.988143
4.160000,17.851222,0.798054,3.971300,1.103234,1,17.721322,0.000000,19.988143
4.161000,17.855197,0.799171,3.977510,1.131030,1,17.721322,0.000000,19.988143
4.162000,17.859177,0.800316,3.983834,1.158446,1,17.721322,0.000000,19.988143
4.163000,17.863164,0.801488,3.990267,1.185475,1,17.721322,0.000000,19.988143
4.164000,17.867158,0.802686,3.996802,1.212108,1,17.721322,0.000000,19.988143
4.165000,17.871158,0.803912,4.003434,1.238335,1,17.721322,0.000000,19.988143
4.166000,17.875165,0.805163,4.010157,1.264148,1,17.721322,0.000000,19.988143
4.167000,17.879178,0.806440,4.016965,1.289539,1,17.721322,0.000000,19.988143
4.168000,17.883199,0.807742,4.023852,1.314500,1,17.721322,0.000000,19.988143
4.169000,17.887226,0.809069,4.030812,1.339022,1,17.721322,0.000000,19.988143
4.170000,17.891260,0.810420,4.037839,1.363097,1,17.721322,0.000000,19.988143
4.171000,17.895302,0.811795,4.044926,1.386717,1,17.721322,0.000000,19.988143
4.172000,17.899350,0.813193,4.052067,1.409875,1,17.721322,0.000000,19.988143
4.173000,17.903406,0.814614,4.059256,1.432563,1,17.721322,0.000000,19.988143
4.174000,17.907469,0.816058,4.066487,1.454774,1,17.721322,0.000000,19.988143
4.175000,17.911539,0.817524,4.073752,1.476500,1,17.721322,0.000000,19.988143
4.176000,17.915616,0.819011,4.081046,1.497735,1,17.721322,0.000000,19.988143
4.177000,17.919701,0.820519,4.088362,1.518472,1,17.721322,0.000000,19.988143
4.178000,17.923793,0.822048,4.095693,1.538703,1,17.721322,0.000000,19.988143
4.179000,17.927892,0.823596,4.103033,1.558423,1,17.721322,0.000000,19.988143
4.180000,17.931999,0.825164,4.110375,1.577625,1,17.721322,0.000000,19.988143
4.181000,17.936113,0.826751,4.117712,1.596303,1,17.721322,0.000000,19.988143
4.182000,17.940234,0.828357,4.125038,1.614451,1,17.721322,0.000000,19.988143
4.183000,17.944363,0.829980,4.132345,1.632062,1,17.721322,0.000000,19.988143
4.184000,17.948499,0.831621,4.139628,1.649131,1,17.721322,0.000000,19.988143
4.185000,17.952642,0.833278,4.146879,1.665654,1,17.721322,0.000000,19.988143
4.186000,17.956793,0.834952,4.154093,1.681623,1,17.721322,0.000000,19.988143
4.187000,17.960951,0.836641,4.161261,1.697035,1,17.721322,0.000000,19.988143
4.188000,17.965115,0.838346,4.168377,1.711883,1,17.721322,0.000000,19.988143
4.189000,17.969287,0.840065,4.175435,1.726164,1,17.721322,0.000000,19.988143
4.190000,17.973466,0.841798,4.182428,1.739872,1,17.721322,0.000000,19.988143
4.191000,17.977652,0.843544,4.189350,1.753003,1,17.721322,0.000000,19.988143
4.192000,17.981845,0.845304,4.196192,1.765553,1,17.721322,0.000000,19.988143
4.193000,17.986045,0.847075,4.202950,1.777517,1,17.721322,0.000000,19.988143
4.194000,17.990251,0.848858,4.209616,1.788892,1,17.721322,0.000000,19.988143
4.195000,17.994464,0.850653,4.216184,1.799674,1,17.721322,0.000000,19.988143
4.196000,17.998683,0.852458,4.222646,1.809858,1,17.721322,0.000000,19.988143
4.197000,18.002909,0.854272,4.228997,1.819442,1,17.721322,0.000000,19.988143
4.198000,18.007141,0.856096,4.235231,1.828422,1,17.721322,0.000000,19.988143
4.199000,18.011379,0.857929,4.241340,1.836796,1,17.721322,0.000000,19.988143
4.200000,18.015624,0.859770,4.247318,1.844559,1,17.721322,0.000000,19.988143
4.201000,18.019874,0.861618,4.253159,1.851710,1,17.721322,0.000000,19.988143
4.202000,18.024130,0.863473,4.258857,1.858245,1,17.721322,0.000000,19.988143
4.203000,18.028392,0.865334,4.264405,1.864162,1,17.721322,0.000000,19.988143
4.204000,18.032659,0.867201,4.269797,1.869459,1,17.721322,0.000000,19.988143
4.205000,18.036931,0.869073,4.275027,1.874134,1,17.721322,0.000000,19.988143
4.206000,18.041209,0.870949,4.280089,1.878185,1,17.721322,0.000000,19.988143
4.207000,18.045491,0.872829,4.284977,1.881610,1,17.721322,0.000000,19.988143
4.208000,18.049779,0.874712,4.289684,1.884406,1,17.721322,0.000000,19.988143
4.209000,18.054071,0.876598,4.294206,1.886574,1,17.721322,0.000000,19.988143
4.210000,18.058367,0.878485,4.298537,1.888111,1,17.721322,0.000000,19.988143
4.211000,18.062668,0.880374,4.302669,1.889017,1,17.721322,0.000000,19.988143
4.212000,18.066972,0.882263,4.306599,1.889289,1,17.721322,0.000000,19.988143
4.213000,18.071281,0.884152,4.310320,1.888929,1,17.721322,0.000000,19.988143
4.214000,18.075593,0.886040,4.313826,1.887934,1,17.721322,0.000000,19.988143
4.215000,18.079908,0.887928,4.317113,1.886304,1,17.721322,0.000000,19.988143
4.216000,18.084227,0.889813,4.320175,1.884039,1,17.721322,0.000000,19.988143
4.217000,18.088549,0.891695,4.323007,1.881139,1,17.721322,0.000000,19.988143
4.218000,18.092873,0.893575,4.325603,1.877604,1,17.721322,0.000000,19.988143
4.219000,18.097200,0.895450,4.327959,1.873433,1,17.721322,0.000000,19.988143
4.220000,18.101529,0.897322,4.330070,1.868628,1,17.721322,0.000000,19.988143
4.221000,18.105860,0.899188,4.331930,1.863188,1,17.721322,0.000000,19.988143
4.222000,18.110193,0.901048,4.333534,1.857114,1,17.721322,0.000000,19.988143
4.223000,18.114527,0.902902,4.334879,1.850406,1,17.721322,0.000000,19.988143
4.224000,18.118862,0.904748,4.335960,1.843066,1,17.721322,0.000000,19.988143
4.225000,18.123199,0.906587,4.336771,1.835095,1,17.721322,0.000000,19.988143
4.226000,18.127536,0.908418,4.337309,1.826494,1,17.721322,0.000000,19.988143
4.227000,18.131873,0.910240,4.337569,1.817263,1,17.721322,0.000000,19.988143
4.228000,18.136211,0.912053,4.337547,1.807405,0,18.553236,0.003158,19.987750
4.229000,18.140548,0.913855,4.337547,1.797595,0,18.557574,0.004960,19.987750
4.230000,18.144886,0.915648,4.337547,1.787785,0,18.561911,0.006753,19.987750
4.231000,18.149223,0.917431,4.337547,1.777975,0,18.566249,0.008536,19.987750
4.232000,18.153561,0.919204,4.337547,1.768165,0,18.570586,0.010309,19.987750
4.233000,18.157898,0.920967,4.337547,1.758355,0,18.574924,0.012072,19.987750
4.234000,18.162236,0.922720,4.337547,1.748545,0,18.579261,0.013826,19.987750
4.235000,18.166574,0.924464,4.337547,1.738735,0,18.583599,0.015569,19.987750
4.236000,18.170911,0.926198,4.337547,1.728925,0,18.587936,0.017303,19.987750
4.237000,18.175249,0.927922,4.337547,1.719115,0,18.592274,0.019027,19.987750
4.238000,18.179586,0.929636,4.337547,1.709305,0,18.596611,0.020741,19.987750
4.239000,18.183924,0.931341,4.337547,1.699495,0,18.600949,0.022446,19.987750
4.240000,18.188261,0.933035,4.337547,1.689685,0,18.605287,0.024140,19.987750
4.241000,18.192599,0.934720,4.337547,1.679875,0,18.609624,0.025825,19.987750
4.242000,18.196936,0.936395,4.337547,1.670065,0,18.613962,0.027500,19.987750
4.243000,18.201274,0.938060,4.337547,1.660255,0,18.618299,0.029165,19.987750
4.244000,18.205611,0.939715,4.337547,1.650445,0,18.622637,0.030821,19.987750
4.245000,18.209949,0.941361,4.337547,1.640635,0,18.626974,0.032466,19.987750
4.246000,18.214287,0.942997,4.337547,1.630825,0,18.631312,0.034102,19.987750
4.247000,18.218624,0.944623,4.337547,1.621015,0,18.635649,0.035728,19.987750
4.248000,18.222962,0.946239,4.337547,1.611205,0,18.639987,0.037344,19.987750
4.249000,18.227299,0.947845,4.337547,1.601395,0,18.644324,0.038950,19.987750
4.250000,18.231637,0.949442,4.337547,1.591585,0,18.648662,0.040547,19.987750
4.251000,18.235974,0.951028,4.337547,1.581775,0,18.653000,0.042133,19.987750
4.252000,18.240312,0.952605,4.337547,1.571965,0,18.657337,0.043710,19.987750
4.253000,18.244649,0.954172,4.337547,1.562155,0,18.661675,0.045277,19.987750
4.254000,18.248987,0.955729,4.337547,1.552345,0,18.666012,0.046835,19.987750
4.255000,18.253324,0.957277,4.337547,1.542535,0,18.670350,0.048382,19.987750
4.256000,18.257662,0.958814,4.337547,1.532725,0,18.674687,0.049920,19.987750
4.257000,18.262000,0.960342,4.337547,1.522915,0,18.679025,0.051447,19.987750
4.258000,18.266337,0.961860,4.337547,1.513105,0,18.683362,0.052965,19.987750
4.259000,18.270675,0.963368,4.337547,1.503295,0,18.687700,0.054474,19.987750
4.260000,18.275012,0.964867,4.337547,1.493485,0,18.692038,0.055972,19.987750
4.261000,18.279350,0.966355,4.337547,1.483675,0,18.696375,0.057461,19.987750
4.262000,18.283687,0.967834,4.337547,1.473865,0,18.700713,0.058939,19.987750
4.263000,18.288025,0.969303,4.337547,1.464055,0,18.705050,0.060408,19.987750
4.264000,18.292362,0.970762,4.337547,1.454245,0,18.709388,0.061867,19.987750
4.265000,18.296700,0.972212,4.337547,1.444435,0,18.713725,0.063317,19.987750
4.266000,18.301037,0.973651,4.337547,1.434625,0,18.718063,0.064756,19.987750
4.267000,18.305375,0.975081,4.337547,1.424815,0,18.722400,0.066186,19.987750
4.268000,18.309713,0.976501,4.337547,1.415005,0,18.726738,0.067606,19.987750
4.269000,18.314050,0.977911,4.337547,1.405195,0,18.731075,0.069016,19.987750
4.270000,18.318388,0.979311,4.337547,1.395385,0,18.735413,0.070416,19.987750
4.271000,18.322725,0.980702,4.337547,1.385575,0,18.739751,0.071807,19.987750
4.272000,18.327063,0.982082,4.337547,1.375765,0,18.744088,0.073188,19.987750
4.273000,18.331400,0.983453,4.337547,1.365955,0,18.748426,0.074558,19.987750
4.274000,18.335738,0.984814,4.337547,1.356145,0,18.752763,0.075919,19.987750
4.275000,18.340075,0.986166,4.337547,1.346335,0,18.757101,0.077271,19.987750
4.276000,18.344413,0.987507,4.337547,1.336525,0,18.761438,0.078612,19.987750
4.277000,18.348750,0.988839,4.337547,1.326715,0,18.765776,0.079944,19.987750
4.278000,18.353088,0.990160,4.337547,1.316905,0,18.770113,0.081266,19.987750
4.279000,18.357426,0.991472,4.337547,1.307095,0,18.774451,0.082578,19.987750
4.280000,18.361763,0.992775,4.337547,1.297285,0,18.778788,0.083880,19.987750
4.281000,18.366101,0.994067,4.337547,1.287475,0,18.783126,0.085172,19.987750
4.282000,18.370438,0.995350,4.337547,1.277665,0,18.787464,0.086455,19.987750
4.283000,18.374776,0.996622,4.337547,1.267855,0,18.791801,0.087727,19.987750
4.284000,18.379113,0.997885,4.337547,1.258045,0,18.796139,0.088990,19.987750
4.285000,18.383451,0.999138,4.337547,1.248235,0,18.800476,0.090244,19.987750
4.286000,18.387788,1.000382,4.337547,1.238425,0,18.804814,0.091487,19.987750
4.287000,18.392126,1.001615,4.337547,1.228615,0,18.809151,0.092720,19.987750
4.288000,18.396464,1.002839,4.337547,1.218805,0,18.813489,0.093944,19.987750
4.289000,18.400801,1.004053,4.337547,1.208995,0,18.817826,0.095158,19.987750
4.290000,18.405139,1.005257,4.337547,1.199185,0,18.822164,0.096362,19.987750
4.291000,18.409476,1.006451,4.337547,1.189375,0,18.826501,0.097556,19.987750
4.292000,18.413814,1.007636,4.337547,1.179565,0,18.830839,0.098741,19.987750
4.293000,18.418151,1.008810,4.337547,1.169755,0,18.835177,0.099915,19.987750
4.294000,18.422489,1.009975,4.337547,1.159945,0,18.839514,0.101080,19.987750
4.295000,18.426826,1.011130,4.337547,1.150135,0,18.843852,0.102235,19.987750
4.296000,18.431164,1.012275,4.337547,1.140325,0,18.848189,0.103381,19.987750
4.297000,18.435501,1.013411,4.337547,1.130515,0,18.852527,0.104516,19.987750
4.298000,18.439839,1.014536,4.337547,1.120705,0,18.856864,0.105642,19.987750
4.299000,18.444177,1.015652,4.337547,1.110895,0,18.861202,0.106757,19.987750
4.300000,18.448514,1.016758,4.337547,1.101085,0,18.865539,0.107863,19.987750
4.301000,18.452852,1.017854,4.337547,1.091275,0,18.869877,0.108960,19.987750
4.302000,18.457189,1.018941,4.337547,1.081465,0,18.874214,0.110046,19.987750
4.303000,18.461527,1.020017,4.337547,1.071655,0,18.878552,0.111123,19.987750
4.304000,18.465864,1.021084,4.337547,1.061845,0,18.882890,0.112189,19.987750
4.305000,18.470202,1.022141,4.337547,1.052035,0,18.887227,0.113246,19.987750
4.306000,18.474539,1.023188,4.337547,1.042225,0,18.891565,0.114293,19.987750
4.307000,18.478877,1.024226,4.337547,1.032415,0,18.895902,0.115331,19.987750
4.308000,18.483214,1.025253,4.337547,1.022605,0,18.900240,0.116358,19.987750
4.309000,18.487552,1.026271,4.337547,1.012795,0,18.904577,0.117376,19.987750
4.310000,18.491890,1.027279,4.337547,1.002985,0,18.908915,0.118384,19.987750
4.311000,18.496227,1.028277,4.337547,0.993175,0,18.913252,0.119382,19.987750
4.312000,18.500565,1.029265,4.337547,0.983365,0,18.917590,0.120370,19.987750
4.313000,18.504902,1.030243,4.337547,0.973555,0,18.921928,0.121349,19.987750
4.314000,18.509240,1.031212,4.337547,0.963745,0,18.926265,0.122317,19.987750
4.315000,18.513577,1.032171,4.337547,0.953935,0,18.930603,0.123276,19.987750
4.316000,18.517915,1.033120,4.337547,0.944125,0,18.934940,0.124225,19.987750
4.317000,18.522252,1.034059,4.337547,0.934315,0,18.939278,0.125164,19.987750
4.318000,18.526590,1.034989,4.337547,0.924505,0,18.943615,0.126094,19.987750
4.319000,18.530927,1.035908,4.337547,0.914695,0,18.947953,0.127013,19.987750
4.320000,18.535265,1.036818,4.337547,0.904885,0,18.952290,0.127923,19.987750
4.321000,18.539603,1.037718,4.337547,0.895075,0,18.956628,0.128823,19.987750
4.322000,18.543940,1.038608,4.337547,0.885265,0,18.960965,0.129713,19.987750
4.323000,18.548278,1.039488,4.337547,0.875455,0,18.965303,0.130594,19.987750
4.324000,18.552615,1.040359,4.337547,0.865645,0,18.969641,0.131464,19.987750
4.325000,18.556953,1.041220,4.337547,0.855835,0,18.973978,0.132325,19.987750
4.326000,18.561290,1.042071,4.337547,0.846025,0,18.978316,0.133176,19.987750
4.327000,18.565628,1.042912,4.337547,0.836215,0,18.982653,0.134017,19.987750
4.328000,18.569965,1.043743,4.337547,0.826405,0,18.986991,0.134848,19.987750
4.329000,18.574303,1.044565,4.337547,0.816595,0,18.991328,0.135670,19.987750
4.330000,18.578640,1.045376,4.337547,0.806785,0,18.995666,0.136481,19.987750
4.331000,18.582978,1.046178,4.337547,0.796975,0,19.000003,0.137283,19.987750
4.332000,18.587316,1.046970,4.337547,0.787165,0,19.004341,0.138075,19.987750
4.333000,18.591653,1.047753,4.337547,0.777355,0,19.008678,0.138858,19.987750
4.334000,18.595991,1.048525,4.337547,0.767545,0,19.013016,0.139630,19.987750
4.335000,18.600328,1.049288,4.337547,0.757735,0,19.017354,0.140393,19.987750
4.336000,18.604666,1.050040,4.337547,0.747925,0,19.021691,0.141146,19.987750
4.337000,18.609003,1.050783,4.337547,0.738115,0,19.026029,0.141889,19.987750
4.338000,18.613341,1.051517,4.337547,0.728305,0,19.030366,0.142622,19.987750
4.339000,18.617678,1.052240,4.337547,0.718495,0,19.034704,0.143345,19.987750
4.340000,18.622016,1.052954,4.337547,0.708685,0,19.039041,0.144059,19.987750
4.341000,18.626353,1.053657,4.337547,0.698875,0,19.043379,0.144763,19.987750
4.342000,18.630691,1.054351,4.337547,0.689065,0,19.047716,0.145457,19.987750
4.343000,18.635029,1.055036,4.337547,0.679255,0,19.052054,0.146141,19.987750
4.344000,18.639366,1.055710,4.337547,0.669445,0,19.056391,0.146815,19.987750
4.345000,18.643704,1.056374,4.337547,0.659635,0,19.060729,0.147480,19.987750
4.346000,18.648041,1.057029,4.337547,0.649825,0,19.065067,0.148134,19.987750
4.347000,18.652379,1.057674,4.337547,0.640015,0,19.069404,0.148779,19.987750
4.348000,18.656716,1.058309,4.337547,0.630205,0,19.073742,0.149414,19.987750
4.349000,18.661054,1.058935,4.337547,0.620395,0,19.078079,0.150040,19.987750
4.350000,18.665391,1.059550,4.337547,0.610585,0,19.082417,0.150655,19.987750
4.351000,18.669729,1.060156,4.337547,0.600775,0,19.086754,0.151261,19.987750
4.352000,18.674067,1.060752,4.337547,0.590965,0,19.091092,0.151857,19.987750
4.353000,18.678404,1.061338,4.337547,0.581155,0,19.095429,0.152443,19.987750
4.354000,18.682742,1.061914,4.337547,0.571345,0,19.099767,0.153019,19.987750
4.355000,18.687079,1.062480,4.337547,0.561535,0,19.104104,0.153585,19.987750
4.356000,18.691417,1.063037,4.337547,0.551725,0,19.108442,0.154142,19.987750
4.357000,18.695754,1.063584,4.337547,0.541915,0,19.112780,0.154689,19.987750
4.358000,18.700092,1.064121,4.337547,0.532105,0,19.117117,0.155226,19.987750
4.359000,18.704429,1.064648,4.337547,0.522295,0,19.121455,0.155753,19.987750
4.360000,18.708767,1.065165,4.337547,0.512485,0,19.125792,0.156271,19.987750
4.361000,18.713104,1.065673,4.337547,0.502675,0,19.130130,0.156778,19.987750
4.362000,18.717442,1.066171,4.337547,0.492865,0,19.134467,0.157276,19.987750
4.363000,18.721780,1.066659,4.337547,0.483055,0,19.138805,0.157764,19.987750
4.364000,18.726117,1.067137,4.337547,0.473245,0,19.143142,0.158242,19.987750
4.365000,18.730455,1.067605,4.337547,0.463435,0,19.147480,0.158710,19.987750
4.366000,18.734792,1.068064,4.337547,0.453625,0,19.151817,0.159169,19.987750
4.367000,18.739130,1.068512,4.337547,0.443815,0,19.156155,0.159618,19.987750
4.368000,18.743467,1.068951,4.337547,0.434005,0,19.160493,0.160056,19.987750
4.369000,18.747805,1.069380,4.337547,0.424195,0,19.164830,0.160486,19.987750
4.370000,18.752142,1.069800,4.337547,0.414385,0,19.169168,0.160905,19.987750
4.371000,18.756480,1.070209,4.337547,0.404575,0,19.173505,0.161314,19.987750
4.372000,18.760817,1.070609,4.337547,0.394765,0,19.177843,0.161714,19.987750
4.373000,18.765155,1.070999,4.337547,0.384955,0,19.182180,0.162104,19.987750
4.374000,18.769493,1.071379,4.337547,0.375145,0,19.186518,0.162484,19.987750
4.375000,18.773830,1.071749,4.337547,0.365335,0,19.190855,0.162854,19.987750
4.376000,18.778168,1.072109,4.337547,0.355525,0,19.195193,0.163215,19.987750
4.377000,18.782505,1.072460,4.337547,0.345715,0,19.199531,0.163565,19.987750
4.378000,18.786843,1.072801,4.337547,0.335905,0,19.203868,0.163906,19.987750
4.379000,18.791180,1.073132,4.337547,0.326095,0,19.208206,0.164237,19.987750
4.380000,18.795518,1.073453,4.337547,0.316285,0,19.212543,0.164558,19.987750
4.381000,18.799855,1.073764,4.337547,0.306475,0,19.216881,0.164870,19.987750
4.382000,18.804193,1.074066,4.337547,0.296665,0,19.221218,0.165171,19.987750
4.383000,18.808530,1.074358,4.337547,0.286855,0,19.225556,0.165463,19.987750
4.384000,18.812868,1.074640,4.337547,0.277045,0,19.229893,0.165745,19.987750
4.385000,18.817206,1.074912,4.337547,0.267235,0,19.234231,0.166017,19.987750
4.386000,18.821543,1.075174,4.337547,0.257425,0,19.238568,0.166279,19.987750
4.387000,18.825881,1.075427,4.337547,0.247615,0,19.242906,0.166532,19.987750
4.388000,18.830218,1.075669,4.337547,0.237805,0,19.247244,0.166775,19.987750
4.389000,18.834556,1.075902,4.337547,0.227995,0,19.251581,0.167007,19.987750
4.390000,18.838893,1.076125,4.337547,0.218185,0,19.255919,0.167231,19.987750
4.391000,18.843231,1.076339,4.337547,0.208375,0,19.260256,0.167444,19.987750
4.392000,18.847568,1.076542,4.337547,0.198565,0,19.264594,0.167647,19.987750
4.393000,18.851906,1.076736,4.337547,0.188755,0,19.268931,0.167841,19.987750
4.394000,18.856243,1.076920,4.337547,0.178945,0,19.273269,0.168025,19.987750
4.395000,18.860581,1.077094,4.337547,0.169135,0,19.277606,0.168199,19.987750
4.396000,18.864919,1.077258,4.337547,0.159325,0,19.281944,0.168363,19.987750
4.397000,18.869256,1.077412,4.337547,0.149515,0,19.286281,0.168518,19.987750
4.398000,18.873594,1.077557,4.337547,0.139705,0,19.290619,0.168662,19.987750
4.399000,18.877931,1.077692,4.337547,0.129895,0,19.294957,0.168797,19.987750
4.400000,18.882269,1.077817,4.337547,0.120085,0,19.299294,0.168922,19.987750
4.401000,18.886606,1.077932,4.337547,0.110275,0,19.303632,0.169037,19.987750
4.402000,18.890944,1.078037,4.337547,0.100465,0,19.307969,0.169142,19.987750
4.403000,18.895281,1.078133,4.337547,0.090655,0,19.312307,0.169238,19.987750
4.404000,18.899619,1.078219,4.337547,0.080845,0,19.316644,0.169324,19.987750
4.405000,18.903957,1.078295,4.337547,0.071035,0,19.320982,0.169400,19.987750
4.406000,18.908294,1.078361,4.337547,0.061225,0,19.325319,0.169466,19.987750
4.407000,18.912632,1.078417,4.337547,0.051415,0,19.329657,0.169522,19.987750
4.408000,18.916969,1.078464,4.337547,0.041605,0,19.333994,0.169569,19.987750
4.409000,18.921307,1.078500,4.337547,0.031795,0,19.338332,0.169605,19.987750
4.410000,18.925644,1.078527,4.337547,0.021985,0,19.342670,0.169632,19.987750
4.411000,18.929982,1.078544,4.337547,0.012175,0,19.347007,0.169649,19.987750
4.412000,18.934319,1.078551,4.337547,0.002365,0,19.351345,0.169657,19.987750
4.413000,18.938657,1.078549,4.337547,-0.007445,0,19.355682,0.169654,19.987750
4.414000,18.942994,1.078537,4.337547,-0.017255,0,19.360020,0.169642,19.987750
4.415000,18.947332,1.078514,4.337547,-0.027065,0,19.364357,0.169620,19.987750
4.416000,18.951670,1.078482,4.337547,-0.036875,0,19.368695,0.169588,19.987750
4.417000,18.956007,1.078441,4.337547,-0.046685,0,19.373032,0.169546,19.987750
4.418000,18.960345,1.078389,4.337547,-0.056495,0,19.377370,0.169494,19.987750
4.419000,18.964682,1.078328,4.337547,-0.066305,0,19.381707,0.169433,19.987750
4.420000,18.969020,1.078256,4.337547,-0.076115,0,19.386045,0.169362,19.987750
4.421000,18.973357,1.078175,4.337547,-0.085925,0,19.390383,0.169281,19.987750
4.422000,18.977695,1.078085,4.337547,-0.095735,0,19.394720,0.169190,19.987750
4.423000,18.982032,1.077984,4.337547,-0.105545,0,19.399058,0.169089,19.987750
4.424000,18.986370,1.077874,4.337547,-0.115355,0,19.403395,0.168979,19.987750
4.425000,18.990707,1.077753,4.337547,-0.125165,0,19.407733,0.168858,19.987750
4.426000,18.995045,1.077623,4.337547,-0.134975,0,19.412070,0.168728,19.987750
4.427000,18.999383,1.077483,4.337547,-0.144785,0,19.416408,0.168588,19.987750
4.428000,19.003720,1.077334,4.337547,-0.154595,0,19.420745,0.168439,19.987750
4.429000,19.008058,1.077174,4.337547,-0.164405,0,19.425083,0.168279,19.987750
4.430000,19.012395,1.077005,4.337547,-0.174215,0,19.429420,0.168110,19.987750
4.431000,19.016733,1.076826,4.337547,-0.184025,0,19.433758,0.167931,19.987750
4.432000,19.021070,1.076637,4.337547,-0.193835,0,19.438096,0.167742,19.987750
4.433000,19.025408,1.076438,4.337547,-0.203645,0,19.442433,0.167543,19.987750
4.434000,19.029745,1.076229,4.337547,-0.213455,0,19.446771,0.167335,19.987750
4.435000,19.034083,1.076011,4.337547,-0.223265,0,19.451108,0.167116,19.987750
4.436000,19.038420,1.075783,4.337547,-0.233075,0,19.455446,0.166888,19.987750
4.437000,19.042758,1.075545,4.337547,-0.242885,0,19.459783,0.166650,19.987750
4.438000,19.047096,1.075297,4.337547,-0.252695,0,19.464121,0.166402,19.987750
4.439000,19.051433,1.075040,4.337547,-0.262505,0,19.468458,0.166145,19.987750
4.440000,19.055771,1.074772,4.337547,-0.272315,0,19.472796,0.165877,19.987750
4.441000,19.060108,1.074495,4.337547,-0.282125,0,19.477134,0.165600,19.987750
4.442000,19.064446,1.074208,4.337547,-0.291935,0,19.481471,0.165313,19.987750
4.443000,19.068783,1.073911,4.337547,-0.301745,0,19.485809,0.165016,19.987750
4.444000,19.073121,1.073604,4.337547,-0.311555,0,19.490146,0.164710,19.987750
4.445000,19.077458,1.073288,4.337547,-0.321365,0,19.494484,0.164393,19.987750
4.446000,19.081796,1.072962,4.337547,-0.331175,0,19.498821,0.164067,19.987750
4.447000,19.086133,1.072626,4.337547,-0.340985,0,19.503159,0.163731,19.987750
4.448000,19.090471,1.072280,4.337547,-0.350795,0,19.507496,0.163385,19.987750
4.449000,19.094809,1.071924,4.337547,-0.360605,0,19.511834,0.163029,19.987750
4.450000,19.099146,1.071559,4.337547,-0.370415,0,19.516171,0.162664,19.987750
4.451000,19.103484,1.071183,4.337547,-0.380225,0,19.520509,0.162288,19.987750
4.452000,19.107821,1.070798,4.337547,-0.390035,0,19.524847,0.161903,19.987750
4.453000,19.112159,1.070403,4.337547,-0.399845,0,19.529184,0.161508,19.987750
4.454000,19.116496,1.069998,4.337547,-0.409655,0,19.533522,0.161104,19.987750
4.455000,19.120834,1.069584,4.337547,-0.419465,0,19.537859,0.160689,19.987750
4.456000,19.125171,1.069159,4.337547,-0.429275,0,19.542197,0.160265,19.987750
4.457000,19.129509,1.068725,4.337547,-0.439085,0,19.546534,0.159830,19.987750
4.458000,19.133846,1.068281,4.337547,-0.448895,0,19.550872,0.159386,19.987750
4.459000,19.138184,1.067828,4.337547,-0.458705,0,19.555209,0.158933,19.987750
4.460000,19.142522,1.067364,4.337547,-0.468515,0,19.559547,0.158469,19.987750
4.461000,19.146859,1.066890,4.337547,-0.478325,0,19.563884,0.157996,19.987750
4.462000,19.151197,1.066407,4.337547,-0.488135,0,19.568222,0.157512,19.987750
4.463000,19.155534,1.065914,4.337547,-0.497945,0,19.572560,0.157019,19.987750
4.464000,19.159872,1.065411,4.337547,-0.507755,0,19.576897,0.156516,19.987750
4.465000,19.164209,1.064899,4.337547,-0.517565,0,19.581235,0.156004,19.987750
4.466000,19.168547,1.064376,4.337547,-0.527375,0,19.585572,0.155481,19.987750
4.467000,19.172884,1.063844,4.337547,-0.537185,0,19.589910,0.154949,19.987750
4.468000,19.177222,1.063302,4.337547,-0.546995,0,19.594247,0.154407,19.987750
4.469000,19.181560,1.062750,4.337547,-0.556805,0,19.598585,0.153855,19.987750
4.470000,19.185897,1.062188,4.337547,-0.566615,0,19.602922,0.153293,19.987750
4.471000,19.190235,1.061617,4.337547,-0.576425,0,19.607260,0.152722,19.987750
4.472000,19.194572,1.061035,4.337547,-0.586235,0,19.611597,0.152141,19.987750
4.473000,19.198910,1.060444,4.337547,-0.596045,0,19.615935,0.151549,19.987750
4.474000,19.203247,1.059843,4.337547,-0.605855,0,19.620273,0.150948,19.987750
4.475000,19.207585,1.059233,4.337547,-0.615665,0,19.624610,0.150338,19.987750
4.476000,19.211922,1.058612,4.337547,-0.625475,0,19.628948,0.149717,19.987750
4.477000,19.216260,1.057982,4.337547,-0.635285,0,19.633285,0.149087,19.987750
4.478000,19.220597,1.057341,4.337547,-0.645095,0,19.637623,0.148447,19.987750
4.479000,19.224935,1.056691,4.337547,-0.654905,0,19.641960,0.147797,19.987750
4.480000,19.229273,1.056032,4.337547,-0.664715,0,19.646298,0.147137,19.987750
4.481000,19.233610,1.055362,4.337547,-0.674525,0,19.650635,0.146467,19.987750
4.482000,19.237948,1.054683,4.337547,-0.684335,0,19.654973,0.145788,19.987750
4.483000,19.242285,1.053993,4.337547,-0.694145,0,19.659310,0.145098,19.987750
4.484000,19.246623,1.053294,4.337547,-0.703955,0,19.663648,0.144399,19.987750
4.485000,19.250960,1.052585,4.337547,-0.713765,0,19.667986,0.143691,19.987750
4.486000,19.255298,1.051867,4.337547,-0.723575,0,19.672323,0.142972,19.987750
4.487000,19.259635,1.051138,4.337547,-0.733385,0,19.676661,0.142243,19.987750
4.488000,19.263973,1.050400,4.337547,-0.743195,0,19.680998,0.141505,19.987750
4.489000,19.268310,1.049652,4.337547,-0.753005,0,19.685336,0.140757,19.987750
4.490000,19.272648,1.048894,4.337547,-0.762815,0,19.689673,0.139999,19.987750
4.491000,19.276986,1.048126,4.337547,-0.772625,0,19.694011,0.139231,19.987750
4.492000,19.281323,1.047349,4.337547,-0.782435,0,19.698348,0.138454,19.987750
4.493000,19.285661,1.046561,4.337547,-0.792245,0,19.702686,0.137666,19.987750
4.494000,19.289998,1.045764,4.337547,-0.802055,0,19.707024,0.136869,19.987750
4.495000,19.294336,1.044957,4.337547,-0.811865,0,19.711361,0.136062,19.987750
4.496000,19.298673,1.044140,4.337547,-0.821675,0,19.715699,0.135246,19.987750
4.497000,19.303011,1.043314,4.337547,-0.831485,0,19.720036,0.134419,19.987750
4.498000,19.307348,1.042478,4.337547,-0.841295,0,19.724374,0.133583,19.987750
4.499000,19.311686,1.041631,4.337547,-0.851105,0,19.728711,0.132736,19.987750
4.500000,19.316023,1.040775,4.337547,-0.860915,0,19.733049,0.131880,19.987750
4.501000,19.320361,1.039909,4.337547,-0.870725,0,19.737386,0.131015,19.987750
4.502000,19.324699,1.039034,4.337547,-0.880535,0,19.741724,0.130139,19.987750
4.503000,19.329036,1.038148,4.337547,-0.890345,0,19.746061,0.129254,19.987750
4.504000,19.333374,1.037253,4.337547,-0.900155,0,19.750399,0.128358,19.987750
4.505000,19.337711,1.036348,4.337547,-0.909965,0,19.754737,0.127453,19.987750
4.506000,19.342049,1.035433,4.337547,-0.919775,0,19.759074,0.126538,19.987750
4.507000,19.346386,1.034509,4.337547,-0.929585,0,19.763412,0.125614,19.987750
4.508000,19.350724,1.033574,4.337547,-0.939395,0,19.767749,0.124679,19.987750
4.509000,19.355061,1.032630,4.337547,-0.949205,0,19.772087,0.123735,19.987750
4.510000,19.359399,1.031676,4.337547,-0.959015,0,19.776424,0.122781,19.987750
4.511000,19.363736,1.030712,4.337547,-0.968825,0,19.780762,0.121817,19.987750
4.512000,19.368074,1.029738,4.337547,-0.978635,0,19.785099,0.120843,19.987750
4.513000,19.372412,1.028754,4.337547,-0.988445,0,19.789437,0.119860,19.987750
4.514000,19.376749,1.027761,4.337547,-0.998255,0,19.793774,0.118866,19.987750
4.515000,19.381087,1.026758,4.337547,-1.008065,0,19.798112,0.117863,19.987750
4.516000,19.385424,1.025745,4.337547,-1.017875,0,19.802450,0.116850,19.987750
4.517000,19.389762,1.024722,4.337547,-1.027685,0,19.806787,0.115827,19.987750
4.518000,19.394099,1.023690,4.337547,-1.037495,0,19.811125,0.114795,19.987750
4.519000,19.398437,1.022647,4.337547,-1.047305,0,19.815462,0.113752,19.987750
4.520000,19.402774,1.021595,4.337547,-1.057115,0,19.819800,0.112700,19.987750
4.521000,19.407112,1.020533,4.337547,-1.066925,0,19.824137,0.111638,19.987750
4.522000,19.411449,1.019461,4.337547,-1.076735,0,19.828475,0.110566,19.987750
4.523000,19.415787,1.018380,4.337547,-1.086545,0,19.832812,0.109485,19.987750
4.524000,19.420125,1.017288,4.337547,-1.096355,0,19.837150,0.108393,19.987750
4.525000,19.424462,1.016187,4.337547,-1.106165,0,19.841487,0.107292,19.987750
4.526000,19.428800,1.015076,4.337547,-1.115975,0,19.845825,0.106181,19.987750
4.527000,19.433137,1.013955,4.337547,-1.125785,0,19.850163,0.105060,19.987750
4.528000,19.437475,1.012824,4.337547,-1.135595,0,19.854500,0.103929,19.987750
4.529000,19.441812,1.011684,4.337547,-1.145405,0,19.858838,0.102789,19.987750
4.530000,19.446150,1.010533,4.337547,-1.155215,0,19.863175,0.101638,19.987750
4.531000,19.450487,1.009373,4.337547,-1.165025,0,19.867513,0.100478,19.987750
4.532000,19.454825,1.008203,4.337547,-1.174835,0,19.871850,0.099308,19.987750
4.533000,19.459163,1.007024,4.337547,-1.184645,0,19.876188,0.098129,19.987750
4.534000,19.463500,1.005834,4.337547,-1.194455,0,19.880525,0.096939,19.987750
4.535000,19.467838,1.004635,4.337547,-1.204265,0,19.884863,0.095740,19.987750
4.536000,19.472175,1.003425,4.337547,-1.214075,0,19.889200,0.094531,19.987750
4.537000,19.476513,1.002206,4.337547,-1.223885,0,19.893538,0.093312,19.987750
4.538000,19.480850,1.000978,4.337547,-1.233695,0,19.897876,0.092083,19.987750
4.539000,19.485188,0.999739,4.337547,-1.243505,0,19.902213,0.090844,19.987750
4.540000,19.489525,0.998491,4.337547,-1.253315,0,19.906551,0.089596,19.987750
4.541000,19.493863,0.997232,4.337547,-1.263125,0,19.910888,0.088338,19.987750
4.542000,19.498200,0.995964,4.337547,-1.272935,0,19.915226,0.087070,19.987750
4.543000,19.502538,0.994687,4.337547,-1.282745,0,19.919563,0.085792,19.987750
4.544000,19.506876,0.993399,4.337547,-1.292555,0,19.923901,0.084504,19.987750
4.545000,19.511213,0.992102,4.337547,-1.302365,0,19.928238,0.083207,19.987750
4.546000,19.515551,0.990794,4.337547,-1.312175,0,19.932576,0.081899,19.987750
4.547000,19.519888,0.989477,4.337547,-1.321985,0,19.936913,0.080582,19.987750
4.548000,19.524226,0.988150,4.337547,-1.331795,0,19.941251,0.079255,19.987750
4.549000,19.528563,0.986814,4.337547,-1.341605,0,19.945589,0.077919,19.987750
4.550000,19.532901,0.985467,4.337547,-1.351415,0,19.949926,0.076572,19.987750
4.551000,19.537238,0.984111,4.337547,-1.361225,0,19.954264,0.075216,19.987750
4.552000,19.541576,0.982745,4.337547,-1.371035,0,19.958601,0.073850,19.987750
4.553000,19.545913,0.981369,4.337547,-1.380845,0,19.962939,0.072474,19.987750
4.554000,19.550251,0.979983,4.337547,-1.390655,0,19.967276,0.071088,19.987750
4.555000,19.554589,0.978587,4.337547,-1.400465,0,19.971614,0.069692,19.987750
4.556000,19.558926,0.977182,4.337547,-1.410275,0,19.975951,0.068287,19.987750
4.557000,19.563264,0.975767,4.337547,-1.420085,0,19.980289,0.066872,19.987750
4.558000,19.567601,0.974342,4.337547,-1.429895,0,19.984627,0.065447,19.987750
4.559000,19.571939,0.972907,4.337547,-1.439705,0,19.988964,0.064012,19.987750
4.560000,19.576276,0.971462,4.337547,-1.449515,0,19.993302,0.062568,19.987750
4.561000,19.580614,0.970008,4.337547,-1.459325,0,19.997639,0.061113,19.987750
4.562000,19.584951,0.968544,4.337547,-1.469135,0,20.001977,0.059649,19.987750
4.563000,19.589289,0.967070,4.337547,-1.478945,0,20.006314,0.058175,19.987750
4.564000,19.593626,0.965586,4.337547,-1.488755,0,20.010652,0.056691,19.987750
4.565000,19.597964,0.964092,4.337547,-1.498565,0,20.014989,0.055197,19.987750
4.566000,19.602302,0.962589,4.337547,-1.508375,0,20.019327,0.053694,19.987750
4.567000,19.606639,0.961075,4.337547,-1.518185,0,20.023664,0.052181,19.987750
4.568000,19.610977,0.959552,4.337547,-1.527995,0,20.028002,0.050657,19.987750
4.569000,19.615314,0.958019,4.337547,-1.537805,0,20.032340,0.049125,19.987750
4.570000,19.619652,0.956477,4.337547,-1.547615,0,20.036677,0.047582,19.987750
4.571000,19.623989,0.954924,4.337547,-1.557425,0,20.041015,0.046029,19.987750
4.572000,19.628327,0.953362,4.337547,-1.567235,0,20.045352,0.044467,19.987750
4.573000,19.632664,0.951790,4.337547,-1.577045,0,20.049690,0.042895,19.987750
4.574000,19.637002,0.950208,4.337547,-1.586855,0,20.054027,0.041313,19.987750
4.575000,19.641339,0.948616,4.337547,-1.596665,0,20.058365,0.039721,19.987750
4.576000,19.645677,0.947014,4.337547,-1.606475,0,20.062702,0.038120,19.987750
4.577000,19.650015,0.945403,4.337547,-1.616285,0,20.067040,0.036508,19.987750
4.578000,19.654352,0.943782,4.337547,-1.626095,0,20.071377,0.034887,19.987750
4.579000,19.658690,0.942151,4.337547,-1.635905,0,20.075715,0.033256,19.987750
4.580000,19.663027,0.940510,4.337547,-1.645715,0,20.080053,0.031615,19.987750
4.581000,19.667365,0.938859,4.337547,-1.655525,0,20.084390,0.029965,19.987750
4.582000,19.671702,0.937199,4.337547,-1.665335,0,20.088728,0.028304,19.987750
4.583000,19.676040,0.935529,4.337547,-1.675145,0,20.093065,0.026634,19.987750
4.584000,19.680377,0.933849,4.337547,-1.684955,0,20.097403,0.024954,19.987750
4.585000,19.684715,0.932159,4.337547,-1.694765,0,20.101740,0.023264,19.987750
4.586000,19.689053,0.930459,4.337547,-1.704575,0,20.106078,0.021564,19.987750
4.587000,19.693390,0.928750,4.337547,-1.714385,0,20.110415,0.019855,19.987750
4.588000,19.697728,0.927030,4.337547,-1.724195,0,20.114753,0.018136,19.987750
4.589000,19.702065,0.925301,4.337547,-1.734005,0,20.119090,0.016406,19.987750
4.590000,19.706403,0.923562,4.337547,-1.743815,0,20.123428,0.014668,19.987750
4.591000,19.710740,0.921814,4.337547,-1.753625,0,20.127766,0.012919,19.987750
4.592000,19.715078,0.920055,4.337547,-1.763435,0,20.132103,0.011160,19.987750
4.593000,19.719415,0.918287,4.337547,-1.773245,0,20.136441,0.009392,19.987750
4.594000,19.723753,0.916509,4.337547,-1.783055,0,20.140778,0.007614,19.987750
4.595000,19.728090,0.914721,4.337547,-1.792865,0,20.145116,0.005826,19.987750
4.596000,19.732428,0.912923,4.337547,-1.802675,0,20.149453,0.004028,19.987750
4.597000,19.736766,0.911115,4.337547,-1.812485,0,20.153791,0.002221,19.987750
4.598000,19.741103,0.909298,4.337547,-1.822295,0,20.158128,0.000403,19.987750
4.599000,19.745441,0.907471,4.337547,-1.832105,1,20.161813,0.000000,19.987995
4.600000,19.749778,0.905634,4.337273,-1.841314,1,20.161813,0.000000,19.987995
4.601000,19.754115,0.903788,4.336714,-1.849889,1,20.161813,0.000000,19.987995
4.602000,19.758451,0.901934,4.335874,-1.857830,1,20.161813,0.000000,19.987995
4.603000,19.762787,0.900073,4.334759,-1.865135,1,20.161813,0.000000,19.987995
4.604000,19.767121,0.898204,4.333372,-1.871803,1,20.161813,0.000000,19.987995
4.605000,19.771453,0.896330,4.331719,-1.877833,1,20.161813,0.000000,19.987995
4.606000,19.775784,0.894449,4.329803,-1.883224,1,20.161813,0.000000,19.987995
4.607000,19.780113,0.892563,4.327630,-1.887976,1,20.161813,0.000000,19.987995
4.608000,19.784439,0.890673,4.325205,-1.892088,1,20.161813,0.000000,19.987995
4.609000,19.788763,0.888779,4.322532,-1.895560,1,20.161813,0.000000,19.987995
4.610000,19.793084,0.886882,4.319617,-1.898391,1,20.161813,0.000000,19.987995
4.611000,19.797402,0.884983,4.316465,-1.900583,1,20.161813,0.000000,19.987995
4.612000,19.801717,0.883081,4.313081,-1.902134,1,20.161813,0.000000,19.987995
4.613000,19.806028,0.881179,4.309471,-1.903046,1,20.161813,0.000000,19.987995
4.614000,19.810336,0.879276,4.305639,-1.903318,1,20.161813,0.000000,19.987995
4.615000,19.814640,0.877372,4.301592,-1.902951,1,20.161813,0.000000,19.987995
4.616000,19.818939,0.875470,4.297335,-1.901947,1,20.161813,0.000000,19.987995
4.617000,19.823234,0.873569,4.292874,-1.900306,1,20.161813,0.000000,19.987995
4.618000,19.827525,0.871669,4.288214,-1.898028,1,20.161813,0.000000,19.987995
4.619000,19.831811,0.869773,4.283361,-1.895116,1,20.161813,0.000000,19.987995
4.620000,19.836091,0.867879,4.278322,-1.891571,1,20.161813,0.000000,19.987995
4.621000,19.840367,0.865990,4.273101,-1.887395,1,20.161813,0.000000,19.987995
4.622000,19.844638,0.864105,4.267706,-1.882589,1,20.161813,0.000000,19.987995
4.623000,19.848903,0.862225,4.262143,-1.877154,1,20.161813,0.000000,19.987995
4.624000,19.853162,0.860351,4.256417,-1.871094,1,20.161813,0.000000,19.987995
4.625000,19.857415,0.858483,4.250534,-1.864411,1,20.161813,0.000000,19.987995
4.626000,19.861663,0.856622,4.244502,-1.857106,1,20.161813,0.000000,19.987995
4.627000,19.865904,0.854769,4.238326,-1.849183,1,20.161813,0.000000,19.987995
4.628000,19.870139,0.852924,4.232012,-1.840644,1,20.161813,0.000000,19.987995
4.629000,19.874368,0.851088,4.225568,-1.831492,1,20.161813,0.000000,19.987995
4.630000,19.878591,0.849261,4.219000,-1.821730,1,20.161813,0.000000,19.987995
4.631000,19.882806,0.847445,4.212314,-1.811362,1,20.161813,0.000000,19.987995
4.632000,19.887015,0.845639,4.205517,-1.800391,1,20.161813,0.000000,19.987995
4.633000,19.891217,0.843844,4.198615,-1.788820,1,20.161813,0.000000,19.987995
4.634000,19.895412,0.842061,4.191615,-1.776654,1,20.161813,0.000000,19.987995
4.635000,19.899600,0.840291,4.184524,-1.763897,1,20.161813,0.000000,19.987995
4.636000,19.903781,0.838534,4.177349,-1.750551,1,20.161813,0.000000,19.987995
4.637000,19.907955,0.836790,4.170096,-1.736622,1,20.161813,0.000000,19.987995
4.638000,19.912122,0.835061,4.162772,-1.722115,1,20.161813,0.000000,19.987995
4.639000,19.916281,0.833346,4.155384,-1.707033,1,20.161813,0.000000,19.987995
4.640000,19.920432,0.831647,4.147938,-1.691382,1,20.161813,0.000000,19.987995
4.641000,19.924577,0.829963,4.140442,-1.675167,1,20.161813,0.000000,19.987995
4.642000,19.928713,0.828297,4.132902,-1.658393,1,20.161813,0.000000,19.987995
4.643000,19.932842,0.826647,4.125325,-1.641064,1,20.161813,0.000000,19.987995
4.644000,19.936964,0.825015,4.117718,-1.623188,1,20.161813,0.000000,19.987995
4.645000,19.941078,0.823401,4.110088,-1.604768,1,20.161813,0.000000,19.987995
4.646000,19.945184,0.821805,4.102441,-1.585812,1,20.161813,0.000000,19.987995
4.647000,19.949283,0.820229,4.094784,-1.566325,1,20.161813,0.000000,19.987995
4.648000,19.953374,0.818673,4.087124,-1.546313,1,20.161813,0.000000,19.987995
4.649000,19.957457,0.817137,4.079468,-1.525783,1,20.161813,0.000000,19.987995
4.650000,19.961533,0.815621,4.071822,-1.504741,1,20.161813,0.000000,19.987995
4.651000,19.965601,0.814127,4.064194,-1.483193,1,20.161813,0.000000,19.987995
4.652000,19.969661,0.812655,4.056589,-1.461148,1,20.161813,0.000000,19.987995
4.653000,19.973714,0.811205,4.049015,-1.438612,1,20.161813,0.000000,19.987995
4.654000,19.977759,0.809778,4.041478,-1.415591,1,20.161813,0.000000,19.987995
4.655000,19.981797,0.808374,4.033984,-1.392093,1,20.161813,0.000000,19.987995
4.656000,19.985827,0.806994,4.026540,-1.368127,1,20.161813,0.000000,19.987995
4.657000,19.989850,0.805638,4.019153,-1.343699,1,20.161813,0.000000,19.987995
4.658000,19.993865,0.804307,4.011829,-1.318817,1,20.161813,0.000000,19.987995
4.659000,19.997873,0.803001,4.004574,-1.293489,1,20.161813,0.000000,19.987995
4.660000,20.001874,0.801720,3.997394,-1.267724,1,20.161813,0.000000,19.987995
4.661000,20.005868,0.800465,3.990296,-1.241530,1,20.161813,0.000000,19.987995
4.662000,20.009855,0.799237,3.983285,-1.214914,1,20.161813,0.000000,19.987995
4.663000,20.013835,0.798036,3.976368,-1.187887,1,20.161813,0.000000,19.987995
4.664000,20.017808,0.796861,3.969550,-1.160456,1,20.161813,0.000000,19.987995
4.665000,20.021774,0.795715,3.962838,-1.132630,1,20.161813,0.000000,19.987995
4.666000,20.025734,0.794596,3.956236,-1.104419,1,20.161813,0.000000,19.987995
4.667000,20.029687,0.793506,3.949752,-1.075831,1,20.161813,0.000000,19.987995
4.668000,20.033633,0.792445,3.943390,-1.046877,1,20.161813,0.000000,19.987995
4.669000,20.037573,0.791412,3.937155,-1.017565,1,20.161813,0.000000,19.987995
4.670000,20.041507,0.790410,3.931053,-0.987905,1,20.161813,0.000000,19.987995
4.671000,20.045435,0.789437,3.925089,-0.957906,1,20.161813,0.000000,19.987995
4.672000,20.049358,0.788494,3.919269,-0.927579,1,20.161813,0.000000,19.987995
4.673000,20.053274,0.787582,3.913597,-0.896934,1,20.161813,0.000000,19.987995
4.674000,20.057185,0.786700,3.908077,-0.865981,1,20.161813,0.000000,19.987995
4.675000,20.061090,0.785850,3.902715,-0.834729,1,20.161813,0.000000,19.987995
4.676000,20.064990,0.785031,3.897516,-0.803190,1,20.161813,0.000000,19.987995
4.677000,20.068885,0.784244,3.892482,-0.771373,1,20.161813,0.000000,19.987995
4.678000,20.072775,0.783488,3.887620,-0.739290,1,20.161813,0.000000,19.987995
4.679000,20.076661,0.782765,3.882933,-0.706950,1,20.161813,0.000000,19.987995
4.680000,20.080541,0.782074,3.878424,-0.674365,1,20.161813,0.000000,19.987995
4.681000,20.084418,0.781416,3.874098,-0.641546,1,20.161813,0.000000,19.987995
4.682000,20.088290,0.780791,3.869958,-0.608503,1,20.161813,0.000000,19.987995
4.683000,20.092158,0.780199,3.866008,-0.575248,1,20.161813,0.000000,19.987995
4.684000,20.096022,0.779641,3.862251,-0.541791,1,20.161813,0.000000,19.987995
4.685000,20.099882,0.779116,3.858691,-0.508145,1,20.161813,0.000000,19.987995
4.686000,20.103739,0.778625,3.855329,-0.474319,1,20.161813,0.000000,19.987995
4.687000,20.107593,0.778167,3.852170,-0.440326,1,20.161813,0.000000,19.987995
4.688000,20.111444,0.777744,3.849215,-0.406177,1,20.161813,0.000000,19.987995
4.689000,20.115291,0.777355,3.846467,-0.371884,1,20.161813,0.000000,19.987995
4.690000,20.119137,0.777000,3.843929,-0.337458,1,20.161813,0.000000,19.987995
4.691000,20.122979,0.776680,3.841602,-0.302910,1,20.161813,0.000000,19.987995
4.692000,20.126820,0.776395,3.839488,-0.268253,1,20.161813,0.000000,19.987995
4.693000,20.130658,0.776144,3.837589,-0.233497,1,20.161813,0.000000,19.987995
4.694000,20.134495,0.775928,3.835907,-0.198656,1,20.161813,0.000000,19.987995
4.695000,20.138330,0.775746,3.834443,-0.163740,1,20.161813,0.000000,19.987995
4.696000,20.142164,0.775600,3.833198,-0.128762,1,20.161813,0.000000,19.987995
4.697000,20.145997,0.775489,3.832172,-0.093732,1,20.161813,0.000000,19.987995
4.698000,20.149828,0.775413,3.831368,-0.058664,1,20.161813,0.000000,19.987995
4.699000,20.153659,0.775372,3.830785,-0.023569,1,20.161813,0.000000,19.987995
4.700000,20.157490,0.775366,3.830424,0.011541,1,20.161813,0.000000,19.987995
4.701000,20.161320,0.775395,3.830284,0.046654,1,20.161813,0.000000,19.987995
4.702000,20.165151,0.775459,3.830367,0.081759,1,20.161813,0.000000,19.987995
4.703000,20.168981,0.775558,3.830671,0.116843,1,20.161813,0.000000,19.987995
4.704000,20.172812,0.775693,3.831196,0.151895,1,20.161813,0.000000,19.987995
4.705000,20.176644,0.775862,3.831942,0.186902,1,20.161813,0.000000,19.987995
4.706000,20.180476,0.776066,3.832908,0.221853,1,20.161813,0.000000,19.987995
4.707000,20.184310,0.776306,3.834093,0.256736,1,20.161813,0.000000,19.987995
4.708000,20.188144,0.776580,3.835496,0.291539,1,20.161813,0.000000,19.987995
4.709000,20.191981,0.776889,3.837115,0.326250,1,20.161813,0.000000,19.987995
4.710000,20.195819,0.777232,3.838949,0.360858,1,20.161813,0.000000,19.987995
4.711000,20.199659,0.777610,3.840996,0.395351,1,20.161813,0.000000,19.987995
4.712000,20.203501,0.778023,3.843255,0.429717,1,20.161813,0.000000,19.987995
4.713000,20.207345,0.778470,3.845723,0.463945,1,20.161813,0.000000,19.987995
4.714000,20.211192,0.778951,3.848397,0.498023,1,20.161813,0.000000,19.987995
4.715000,20.215042,0.779466,3.851276,0.531940,1,20.161813,0.000000,19.987995
4.716000,20.218895,0.780015,3.854357,0.565684,1,20.161813,0.000000,19.987995
4.717000,20.222751,0.780597,3.857637,0.599243,1,20.161813,0.000000,19.987995
4.718000,20.226610,0.781213,3.861112,0.632608,1,20.161813,0.000000,19.987995
4.719000,20.230473,0.781862,3.864781,0.665765,1,20.161813,0.000000,19.987995
4.720000,20.234340,0.782544,3.868639,0.698706,1,20.161813,0.000000,19.987995
4.721000,20.238210,0.783260,3.872683,0.731417,1,20.161813,0.000000,19.987995
4.722000,20.242085,0.784007,3.876910,0.763889,1,20.161813,0.000000,19.987995
4.723000,20.245964,0.784787,3.881315,0.796110,1,20.161813,0.000000,19.987995
4.724000,20.249848,0.785599,3.885895,0.828070,1,20.161813,0.000000,19.987995
4.725000,20.253736,0.786443,3.890645,0.859759,1,20.161813,0.000000,19.987995
4.726000,20.257629,0.787319,3.895562,0.891165,1,20.161813,0.000000,19.987995
4.727000,20.261527,0.788226,3.900640,0.922278,1,20.161813,0.000000,19.987995
4.728000,20.265431,0.789163,3.905876,0.953088,1,20.161813,0.000000,19.987995
4.729000,20.269339,0.790132,3.911265,0.983585,1,20.161813,0.000000,19.987995
4.730000,20.273253,0.791130,3.916802,1.013759,1,20.161813,0.000000,19.987995
4.731000,20.277173,0.792159,3.922481,1.043600,1,20.161813,0.000000,19.987995
4.732000,20.281098,0.793217,3.928299,1.073097,1,20.161813,0.000000,19.987995
4.733000,20.285029,0.794305,3.934249,1.102242,1,20.161813,0.000000,19.987995
4.734000,20.288967,0.795422,3.940327,1.131024,1,20.161813,0.000000,19.987995
4.735000,20.292910,0.796567,3.946527,1.159435,1,20.161813,0.000000,19.987995
4.736000,20.296860,0.797741,3.952844,1.187465,1,20.161813,0.000000,19.987995
4.737000,20.300816,0.798942,3.959271,1.215104,1,20.161813,0.000000,19.987995
4.738000,20.304778,0.800171,3.965804,1.242345,1,20.161813,0.000000,19.987995
4.739000,20.308748,0.801426,3.972437,1.269178,1,20.161813,0.000000,19.987995
4.740000,20.312723,0.802709,3.979163,1.295594,1,20.161813,0.000000,19.987995
4.741000,20.316706,0.804017,3.985976,1.321584,1,20.161813,0.000000,19.987995
4.742000,20.320695,0.805352,3.992872,1.347142,1,20.161813,0.000000,19.987995
4.743000,20.324692,0.806712,3.999842,1.372257,1,20.161813,0.000000,19.987995
4.744000,20.328695,0.808096,4.006882,1.396922,1,20.161813,0.000000,19.987995
4.745000,20.332705,0.809505,4.013985,1.421130,1,20.161813,0.000000,19.987995
4.746000,20.336723,0.810938,4.021145,1.444872,1,20.161813,0.000000,19.987995
4.747000,20.340748,0.812395,4.028355,1.468140,1,20.161813,0.000000,19.987995
4.748000,20.344780,0.813874,4.035609,1.490928,1,20.161813,0.000000,19.987995
4.749000,20.348819,0.815377,4.042901,1.513228,1,20.161813,0.000000,19.987995
4.750000,20.352866,0.816901,4.050223,1.535032,1,20.161813,0.000000,19.987995
4.751000,20.356919,0.818446,4.057569,1.556335,1,20.161813,0.000000,19.987995
4.752000,20.360981,0.820013,4.064933,1.577128,1,20.161813,0.000000,19.987995
4.753000,20.365049,0.821601,4.072309,1.597406,1,20.161813,0.000000,19.987995
4.754000,20.369125,0.823208,4.079688,1.617162,1,20.161813,0.000000,19.987995
4.755000,20.373209,0.824835,4.087065,1.636390,1,20.161813,0.000000,19.987995
4.756000,20.377299,0.826480,4.094434,1.655083,1,20.161813,0.000000,19.987995
4.757000,20.381398,0.828145,4.101786,1.673236,1,20.161813,0.000000,19.987995
4.758000,20.385503,0.829827,4.109116,1.690843,1,20.161813,0.000000,19.987995
4.759000,20.389616,0.831526,4.116416,1.707898,1,20.161813,0.000000,19.987995
4.760000,20.393736,0.833242,4.123681,1.724395,1,20.161813,0.000000,19.987995
4.761000,20.397863,0.834975,4.130903,1.740331,1,20.161813,0.000000,19.987995
4.762000,20.401998,0.836723,4.138075,1.755698,1,20.161813,0.000000,19.987995
4.763000,20.406139,0.838486,4.145191,1.770493,1,20.161813,0.000000,19.987995
4.764000,20.410288,0.840264,4.152245,1.784711,1,20.161813,0.000000,19.987995
4.765000,20.414444,0.842055,4.159228,1.798346,1,20.161813,0.000000,19.987995
4.766000,20.418606,0.843860,4.166135,1.811396,1,20.161813,0.000000,19.987995
4.767000,20.422776,0.845678,4.172959,1.823855,1,20.161813,0.000000,19.987995
4.768000,20.426952,0.847508,4.179694,1.835719,1,20.161813,0.000000,19.987995
4.769000,20.431135,0.849349,4.186332,1.846985,1,20.161813,0.000000,19.987995
4.770000,20.435325,0.851201,4.192867,1.857648,1,20.161813,0.000000,19.987995
4.771000,20.439521,0.853064,4.199292,1.867706,1,20.161813,0.000000,19.987995
4.772000,20.443723,0.854937,4.205602,1.877154,1,20.161813,0.000000,19.987995
4.773000,20.447932,0.856818,4.211789,1.885991,1,20.161813,0.000000,19.987995
4.774000,20.452147,0.858708,4.217848,1.894211,1,20.161813,0.000000,19.987995
4.775000,20.456368,0.860606,4.223771,1.901814,1,20.161813,0.000000,19.987995
4.776000,20.460594,0.862512,4.229553,1.908795,1,20.161813,0.000000,19.987995
4.777000,20.464827,0.864424,4.235187,1.915153,1,20.161813,0.000000,19.987995
4.778000,20.469065,0.866342,4.240666,1.920884,1,20.161813,0.000000,19.987995
4.779000,20.473308,0.868265,4.245986,1.925988,1,20.161813,0.000000,19.987995
4.780000,20.477557,0.870194,4.251139,1.930462,1,20.161813,0.000000,19.987995
4.781000,20.481810,0.872126,4.256120,1.934303,1,20.161813,0.000000,19.987995
4.782000,20.486069,0.874062,4.260923,1.937511,1,20.161813,0.000000,19.987995
4.783000,20.490332,0.876001,4.265541,1.940083,1,20.161813,0.000000,19.987995
4.784000,20.494600,0.877942,4.269970,1.942019,1,20.161813,0.000000,19.987995
4.785000,20.498872,0.879885,4.274202,1.943317,1,20.161813,0.000000,19.987995
4.786000,20.503148,0.881828,4.278233,1.943976,1,20.161813,0.000000,19.987995
4.787000,20.507428,0.883772,4.282058,1.943995,1,20.161813,0.000000,19.987995
4.788000,20.511712,0.885716,4.285669,1.943373,1,20.161813,0.000000,19.987995
4.789000,20.516000,0.887659,4.289062,1.942111,1,20.161813,0.000000,19.987995
4.790000,20.520290,0.889600,4.292232,1.940207,1,20.161813,0.000000,19.987995
4.791000,20.524584,0.891539,4.295174,1.937661,1,20.161813,0.000000,19.987995
4.792000,20.528881,0.893475,4.297881,1.934473,1,20.161813,0.000000,19.987995
4.793000,20.533180,0.895408,4.300349,1.930643,1,20.161813,0.000000,19.987995
4.794000,20.537481,0.897336,4.302574,1.926172,1,20.161813,0.000000,19.987995
4.795000,20.541785,0.899260,4.304549,1.921060,1,20.161813,0.000000,19.987995
4.796000,20.546090,0.901178,4.306271,1.915306,1,20.161813,0.000000,19.987995
4.797000,20.550397,0.903090,4.307734,1.908913,1,20.161813,0.000000,19.987995
4.798000,20.554706,0.904996,4.308935,1.901880,1,20.161813,0.000000,19.987995
4.799000,20.559015,0.906894,4.309867,1.894209,1,20.161813,0.000000,19.987995
4.800000,20.563325,0.908784,4.310528,1.885901,1,20.161813,0.000000,19.987995
4.801000,20.567636,0.910666,4.310912,1.876957,1,20.161813,0.000000,19.987995
4.802000,20.571947,0.912538,4.311015,1.867379,0,20.988972,0.003643,19.987973
4.803000,20.576258,0.914400,4.311015,1.857569,0,20.993283,0.005505,19.987973
4.804000,20.580569,0.916253,4.311015,1.847759,0,20.997594,0.007358,19.987973
4.805000,20.584880,0.918096,4.311015,1.837949,0,21.001905,0.009201,19.987973
4.806000,20.589191,0.919929,4.311015,1.828139,0,21.006216,0.011034,19.987973
4.807000,20.593502,0.921752,4.311015,1.818329,0,21.010527,0.012857,19.987973
4.808000,20.597813,0.923566,4.311015,1.808519,0,21.014838,0.014671,19.987973
4.809000,20.602124,0.925369,4.311015,1.798709,0,21.019149,0.016474,19.987973
4.810000,20.606435,0.927163,4.311015,1.788899,0,21.023460,0.018268,19.987973
4.811000,20.610746,0.928947,4.311015,1.779089,0,21.027771,0.020052,19.987973
4.812000,20.615057,0.930721,4.311015,1.769279,0,21.032082,0.021826,19.987973
4.813000,20.619368,0.932485,4.311015,1.759469,0,21.036393,0.023591,19.987973
4.814000,20.623679,0.934240,4.311015,1.749659,0,21.040705,0.025345,19.987973
4.815000,20.627990,0.935985,4.311015,1.739849,0,21.045016,0.027090,19.987973
4.816000,20.632301,0.937720,4.311015,1.730039,0,21.049327,0.028825,19.987973
4.817000,20.636612,0.939445,4.311015,1.720229,0,21.053638,0.030550,19.987973
4.818000,20.640923,0.941160,4.311015,1.710419,0,21.057949,0.032265,19.987973
4.819000,20.645234,0.942866,4.311015,1.700609,0,21.062260,0.033971,19.987973
4.820000,20.649545,0.944561,4.311015,1.690799,0,21.066571,0.035667,19.987973
4.821000,20.653856,0.946247,4.311015,1.680989,0,21.070882,0.037352,19.987973
4.822000,20.658167,0.947923,4.311015,1.671179,0,21.075193,0.039029,19.987973
4.823000,20.662478,0.949590,4.311015,1.661369,0,21.079504,0.040695,19.987973
4.824000,20.666789,0.951246,4.311015,1.651559,0,21.083815,0.042351,19.987973
4.825000,20.671100,0.952893,4.311015,1.641749,0,21.088126,0.043998,19.987973
4.826000,20.675411,0.954530,4.311015,1.631939,0,21.092437,0.045635,19.987973
4.827000,20.679722,0.956157,4.311015,1.622129,0,21.096748,0.047262,19.987973
4.828000,20.684033,0.957774,4.311015,1.612319,0,21.101059,0.048879,19.987973
4.829000,20.688344,0.959381,4.311015,1.602509,0,21.105370,0.050486,19.987973
4.830000,20.692655,0.960979,4.311015,1.592699,0,21.109681,0.052084,19.987973
4.831000,20.696966,0.962567,4.311015,1.582889,0,21.113992,0.053672,19.987973
4.832000,20.701277,0.964145,4.311015,1.573079,0,21.118303,0.055250,19.987973
4.833000,20.705588,0.965713,4.311015,1.563269,0,21.122614,0.056818,19.987973
4.834000,20.709899,0.967271,4.311015,1.553459,0,21.126925,0.058376,19.987973
4.835000,20.714210,0.968820,4.311015,1.543649,0,21.131236,0.059925,19.987973
4.836000,20.718522,0.970359,4.311015,1.533839,0,21.135547,0.061464,19.987973
4.837000,20.722833,0.971887,4.311015,1.524029,0,21.139858,0.062993,19.987973
4.838000,20.727144,0.973407,4.311015,1.514219,0,21.144169,0.064512,19.987973
4.839000,20.731455,0.974916,4.311015,1.504409,0,21.148480,0.066021,19.987973
4.840000,20.735766,0.976415,4.311015,1.494599,0,21.152791,0.067521,19.987973
4.841000,20.740077,0.977905,4.311015,1.484789,0,21.157102,0.069010,19.987973
4.842000,20.744388,0.979385,4.311015,1.474979,0,21.161413,0.070490,19.987973
4.843000,20.748699,0.980855,4.311015,1.465169,0,21.165724,0.071960,19.987973
4.844000,20.753010,0.982315,4.311015,1.455359,0,21.170035,0.073420,19.987973
4.845000,20.757321,0.983766,4.311015,1.445549,0,21.174346,0.074871,19.987973
4.846000,20.761632,0.985206,4.311015,1.435739,0,21.178657,0.076312,19.987973
4.847000,20.765943,0.986637,4.311015,1.425929,0,21.182968,0.077742,19.987973
4.848000,20.770254,0.988058,4.311015,1.416119,0,21.187279,0.079163,19.987973
4.849000,20.774565,0.989469,4.311015,1.406309,0,21.191590,0.080575,19.987973
4.850000,20.778876,0.990871,4.311015,1.396499,0,21.195901,0.081976,19.987973
4.851000,20.783187,0.992262,4.311015,1.386689,0,21.200212,0.083368,19.987973
4.852000,20.787498,0.993644,4.311015,1.376879,0,21.204523,0.084749,19.987973
4.853000,20.791809,0.995016,4.311015,1.367069,0,21.208834,0.086121,19.987973
4.854000,20.796120,0.996378,4.311015,1.357259,0,21.213145,0.087484,19.987973
4.855000,20.800431,0.997731,4.311015,1.347449,0,21.217456,0.088836,19.987973
4.856000,20.804742,0.999073,4.311015,1.337639,0,21.221767,0.090178,19.987973
4.857000,20.809053,1.000406,4.311015,1.327829,0,21.226078,0.091511,19.987973
4.858000,20.813364,1.001729,4.311015,1.318019,0,21.230389,0.092834,19.987973
4.859000,20.817675,1.003042,4.311015,1.308209,0,21.234700,0.094147,19.987973
4.860000,20.821986,1.004345,4.311015,1.298399,0,21.239011,0.095450,19.987973
4.861000,20.826297,1.005639,4.311015,1.288589,0,21.243322,0.096744,19.987973
4.862000,20.830608,1.006923,4.311015,1.278779,0,21.247633,0.098028,19.987973
4.863000,20.834919,1.008196,4.311015,1.268969,0,21.251944,0.099302,19.987973
4.864000,20.839230,1.009460,4.311015,1.259159,0,21.256255,0.100566,19.987973
4.865000,20.843541,1.010715,4.311015,1.249349,0,21.260566,0.101820,19.987973
4.866000,20.847852,1.011959,4.311015,1.239539,0,21.264877,0.103064,19.987973
4.867000,20.852163,1.013194,4.311015,1.229729,0,21.269188,0.104299,19.987973
4.868000,20.856474,1.014419,4.311015,1.219919,0,21.273499,0.105524,19.987973
4.869000,20.860785,1.015634,4.311015,1.210109,0,21.277810,0.106739,19.987973
4.870000,20.865096,1.016839,4.311015,1.200299,0,21.282121,0.107944,19.987973
4.871000,20.869407,1.018034,4.311015,1.190489,0,21.286432,0.109139,19.987973
4.872000,20.873718,1.019220,4.311015,1.180679,0,21.290743,0.110325,19.987973
4.873000,20.878029,1.020396,4.311015,1.170869,0,21.295054,0.111501,19.987973
4.874000,20.882340,1.021562,4.311015,1.161059,0,21.299365,0.112667,19.987973
4.875000,20.886651,1.022718,4.311015,1.151249,0,21.303676,0.113823,19.987973
4.876000,20.890962,1.023864,4.311015,1.141439,0,21.307987,0.114969,19.987973
4.877000,20.895273,1.025001,4.311015,1.131629,0,21.312298,0.116106,19.987973
4.878000,20.899584,1.026127,4.311015,1.121819,0,21.316609,0.117232,19.987973
4.879000,20.903895,1.027244,4.311015,1.112009,0,21.320920,0.118349,19.987973
4.880000,20.908206,1.028351,4.311015,1.102199,0,21.325232,0.119456,19.987973
4.881000,20.912517,1.029449,4.311015,1.092389,0,21.329543,0.120554,19.987973
4.882000,20.916828,1.030536,4.311015,1.082579,0,21.333854,0.121641,19.987973
4.883000,20.921139,1.031614,4.311015,1.072769,0,21.338165,0.122719,19.987973
4.884000,20.925450,1.032682,4.311015,1.062959,0,21.342476,0.123787,19.987973
4.885000,20.929761,1.033740,4.311015,1.053149,0,21.346787,0.124845,19.987973
4.886000,20.934072,1.034788,4.311015,1.043339,0,21.351098,0.125893,19.987973
4.887000,20.938383,1.035826,4.311015,1.033529,0,21.355409,0.126932,19.987973
4.888000,20.942694,1.036855,4.311015,1.023719,0,21.359720,0.127960,19.987973
4.889000,20.947005,1.037874,4.311015,1.013909,0,21.364031,0.128979,19.987973
4.890000,20.951316,1.038883,4.311015,1.004099,0,21.368342,0.129988,19.987973
4.891000,20.955627,1.039882,4.311015,0.994289,0,21.372653,0.130987,19.987973
4.892000,20.959938,1.040871,4.311015,0.984479,0,21.376964,0.131977,19.987973
4.893000,20.964249,1.041851,4.311015,0.974669,0,21.381275,0.132956,19.987973
4.894000,20.968560,1.042821,4.311015,0.964859,0,21.385586,0.133926,19.987973
4.895000,20.972871,1.043781,4.311015,0.955049,0,21.389897,0.134886,19.987973
4.896000,20.977182,1.044731,4.311015,0.945239,0,21.394208,0.135836,19.987973
4.897000,20.981493,1.045671,4.311015,0.935429,0,21.398519,0.136776,19.987973
4.898000,20.985804,1.046602,4.311015,0.925619,0,21.402830,0.137707,19.987973
4.899000,20.990115,1.047522,4.311015,0.915809,0,21.407141,0.138628,19.987973
4.900000,20.994426,1.048433,4.311015,0.905999,0,21.411452,0.139538,19.987973
4.901000,20.998737,1.049334,4.311015,0.896189,0,21.415763,0.140440,19.987973
4.902000,21.003049,1.050226,4.311015,0.886379,0,21.420074,0.141331,19.987973
4.903000,21.007360,1.051107,4.311015,0.876569,0,21.424385,0.142212,19.987973
4.904000,21.011671,1.051979,4.311015,0.866759,0,21.428696,0.143084,19.987973
4.905000,21.015982,1.052841,4.311015,0.856949,0,21.433007,0.143946,19.987973
4.906000,21.020293,1.053693,4.311015,0.847139,0,21.437318,0.144798,19.987973
4.907000,21.024604,1.054535,4.311015,0.837329,0,21.441629,0.145640,19.987973
4.908000,21.028915,1.055367,4.311015,0.827519,0,21.445940,0.146473,19.987973
4.909000,21.033226,1.056190,4.311015,0.817709,0,21.450251,0.147295,19.987973
4.910000,21.037537,1.057003,4.311015,0.807899,0,21.454562,0.148108,19.987973
4.911000,21.041848,1.057806,4.311015,0.798089,0,21.458873,0.148911,19.987973
4.912000,21.046159,1.058599,4.311015,0.788279,0,21.463184,0.149704,19.987973
4.913000,21.050470,1.059382,4.311015,0.778469,0,21.467495,0.150487,19.987973
4.914000,21.054781,1.060156,4.311015,0.768659,0,21.471806,0.151261,19.987973
4.915000,21.059092,1.060920,4.311015,0.758849,0,21.476117,0.152025,19.987973
4.916000,21.063403,1.061674,4.311015,0.749039,0,21.480428,0.152779,19.987973
4.917000,21.067714,1.062418,4.311015,0.739229,0,21.484739,0.153523,19.987973
4.918000,21.072025,1.063152,4.311015,0.729419,0,21.489050,0.154257,19.987973
4.919000,21.076336,1.063877,4.311015,0.719609,0,21.493361,0.154982,19.987973
4.920000,21.080647,1.064591,4.311015,0.709799,0,21.497672,0.155696,19.987973
4.921000,21.084958,1.065296,4.311015,0.699989,0,21.501983,0.156401,19.987973
4.922000,21.089269,1.065991,4.311015,0.690179,0,21.506294,0.157096,19.987973
4.923000,21.093580,1.066677,4.311015,0.680369,0,21.510605,0.157782,19.987973
4.924000,21.097891,1.067352,4.311015,0.670559,0,21.514916,0.158457,19.987973
4.925000,21.102202,1.068018,4.311015,0.660749,0,21.519227,0.159123,19.987973
4.926000,21.106513,1.068673,4.311015,0.650939,0,21.523538,0.159779,19.987973
4.927000,21.110824,1.069320,4.311015,0.641129,0,21.527849,0.160425,19.987973
4.928000,21.115135,1.069956,4.311015,0.631319,0,21.532160,0.161061,19.987973
4.929000,21.119446,1.070582,4.311015,0.621509,0,21.536471,0.161687,19.987973
4.930000,21.123757,1.071199,4.311015,0.611699,0,21.540782,0.162304,19.987973
4.931000,21.128068,1.071806,4.311015,0.601889,0,21.545093,0.162911,19.987973
4.932000,21.132379,1.072403,4.311015,0.592079,0,21.549404,0.163508,19.987973
4.933000,21.136690,1.072990,4.311015,0.582269,0,21.553715,0.164095,19.987973
4.934000,21.141001,1.073567,4.311015,0.572459,0,21.558026,0.164672,19.987973
4.935000,21.145312,1.074135,4.311015,0.562649,0,21.562337,0.165240,19.987973
4.936000,21.149623,1.074692,4.311015,0.552839,0,21.566648,0.165798,19.987973
4.937000,21.153934,1.075240,4.311015,0.543029,0,21.570959,0.166345,19.987973
4.938000,21.158245,1.075778,4.311015,0.533219,0,21.575270,0.166884,19.987973
4.939000,21.162556,1.076307,4.311015,0.523409,0,21.579581,0.167412,19.987973
4.940000,21.166867,1.076825,4.311015,0.513599,0,21.583892,0.167930,19.987973
4.941000,21.171178,1.077334,4.311015,0.503789,0,21.588203,0.168439,19.987973
4.942000,21.175489,1.077833,4.311015,0.493979,0,21.592514,0.168938,19.987973
4.943000,21.179800,1.078322,4.311015,0.484169,0,21.596825,0.169427,19.987973
4.944000,21.184111,1.078801,4.311015,0.474359,0,21.601136,0.169906,19.987973
4.945000,21.188422,1.079271,4.311015,0.464549,0,21.605447,0.170376,19.987973
4.946000,21.192733,1.079730,4.311015,0.454739,0,21.609759,0.170835,19.987973
4.947000,21.197044,1.080180,4.311015,0.444929,0,21.614070,0.171285,19.987973
4.948000,21.201355,1.080620,4.311015,0.435119,0,21.618381,0.171725,19.987973
4.949000,21.205666,1.081050,4.311015,0.425309,0,21.622692,0.172155,19.987973
4.950000,21.209977,1.081471,4.311015,0.415499,0,21.627003,0.172576,19.987973
4.951000,21.214288,1.081881,4.311015,0.405689,0,21.631314,0.172986,19.987973
4.952000,21.218599,1.082282,4.311015,0.395879,0,21.635625,0.173387,19.987973
4.953000,21.222910,1.082673,4.311015,0.386069,0,21.639936,0.173778,19.987973
4.954000,21.227221,1.083054,4.311015,0.376259,0,21.644247,0.174159,19.987973
4.955000,21.231532,1.083426,4.311015,0.366449,0,21.648558,0.174531,19.987973
4.956000,21.235843,1.083787,4.311015,0.356639,0,21.652869,0.174892,19.987973
4.957000,21.240154,1.084139,4.311015,0.346829,0,21.657180,0.175244,19.987973
4.958000,21.244465,1.084481,4.311015,0.337019,0,21.661491,0.175586,19.987973
4.959000,21.248776,1.084813,4.311015,0.327209,0,21.665802,0.175918,19.987973
4.960000,21.253087,1.085135,4.311015,0.317399,0,21.670113,0.176240,19.987973
4.961000,21.257398,1.085448,4.311015,0.307589,0,21.674424,0.176553,19.987973
4.962000,21.261709,1.085750,4.311015,0.297779,0,21.678735,0.176856,19.987973
4.963000,21.266020,1.086043,4.311015,0.287969,0,21.683046,0.177148,19.987973
4.964000,21.270331,1.086326,4.311015,0.278159,0,21.687357,0.177431,19.987973
4.965000,21.274642,1.086600,4.311015,0.268349,0,21.691668,0.177705,19.987973
4.966000,21.278953,1.086863,4.311015,0.258539,0,21.695979,0.177968,19.987973
4.967000,21.283264,1.087117,4.311015,0.248729,0,21.700290,0.178222,19.987973
4.968000,21.287576,1.087360,4.311015,0.238919,0,21.704601,0.178466,19.987973
4.969000,21.291887,1.087595,4.311015,0.229109,0,21.708912,0.178700,19.987973
4.970000,21.296198,1.087819,4.311015,0.219299,0,21.713223,0.178924,19.987973
4.971000,21.300509,1.088033,4.311015,0.209489,0,21.717534,0.179138,19.987973
4.972000,21.304820,1.088238,4.311015,0.199679,0,21.721845,0.179343,19.987973
4.973000,21.309131,1.088432,4.311015,0.189869,0,21.726156,0.179538,19.987973
4.974000,21.313442,1.088617,4.311015,0.180059,0,21.730467,0.179723,19.987973
4.975000,21.317753,1.088793,4.311015,0.170249,0,21.734778,0.179898,19.987973
4.976000,21.322064,1.088958,4.311015,0.160439,0,21.739089,0.180063,19.987973
4.977000,21.326375,1.089113,4.311015,0.150629,0,21.743400,0.180219,19.987973
4.978000,21.330686,1.089259,4.311015,0.140819,0,21.747711,0.180364,19.987973
4.979000,21.334997,1.089395,4.311015,0.131009,0,21.752022,0.180500,19.987973
4.980000,21.339308,1.089521,4.311015,0.121199,0,21.756333,0.180626,19.987973
4.981000,21.343619,1.089637,4.311015,0.111389,0,21.760644,0.180743,19.987973
4.982000,21.347930,1.089744,4.311015,0.101579,0,21.764955,0.180849,19.987973
4.983000,21.352241,1.089841,4.311015,0.091769,0,21.769266,0.180946,19.987973
4.984000,21.356552,1.089928,4.311015,0.081959,0,21.773577,0.181033,19.987973
4.985000,21.360863,1.090005,4.311015,0.072149,0,21.777888,0.181110,19.987973
4.986000,21.365174,1.090072,4.311015,0.062339,0,21.782199,0.181177,19.987973
4.987000,21.369485,1.090129,4.311015,0.052529,0,21.786510,0.181234,19.987973
4.988000,21.373796,1.090177,4.311015,0.042719,0,21.790821,0.181282,19.987973
4.989000,21.378107,1.090215,4.311015,0.032909,0,21.795132,0.181320,19.987973
4.990000,21.382418,1.090243,4.311015,0.023099,0,21.799443,0.181348,19.987973
4.991000,21.386729,1.090261,4.311015,0.013289,0,21.803754,0.181366,19.987973
4.992000,21.391040,1.090269,4.311015,0.003479,0,21.808065,0.181374,19.987973
4.993000,21.395351,1.090268,4.311015,-0.006331,0,21.812376,0.181373,19.987973
4.994000,21.399662,1.090257,4.311015,-0.016141,0,21.816687,0.181362,19.987973
4.995000,21.403973,1.090236,4.311015,-0.025951,0,21.820998,0.181341,19.987973
4.996000,21.408284,1.090205,4.311015,-0.035761,0,21.825309,0.181310,19.987973
4.997000,21.412595,1.090164,4.311015,-0.045571,0,21.829620,0.181269,19.987973
4.998000,21.416906,1.090114,4.311015,-0.055381,0,21.833931,0.181219,19.987973
4.999000,21.421217,1.090053,4.311015,-0.065191,0,21.838242,0.181158,19.987973
5.000000,21.425528,1.089983,4.311015,-0.075001,0,21.842553,0.181088,19.987973
5.001000,21.429839,1.089903,4.311015,-0.084811,0,21.846864,0.181008,19.987973
5.002000,21.434150,1.089814,4.311015,-0.094621,0,21.851175,0.180919,19.987973
5.003000,21.438461,1.089714,4.311015,-0.104431,0,21.855486,0.180819,19.987973
5.004000,21.442772,1.089605,4.311015,-0.114241,0,21.859797,0.180710,19.987973
5.005000,21.447083,1.089486,4.311015,-0.124051,0,21.864108,0.180591,19.987973
5.006000,21.451394,1.089357,4.311015,-0.133861,0,21.868419,0.180462,19.987973
5.007000,21.455705,1.089218,4.311015,-0.143671,0,21.872730,0.180323,19.987973
5.008000,21.460016,1.089069,4.311015,-0.153481,0,21.877041,0.180174,19.987973
5.009000,21.464327,1.088911,4.311015,-0.163291,0,21.881352,0.180016,19.987973
5.010000,21.468638,1.088743,4.311015,-0.173101,0,21.885663,0.179848,19.987973
5.011000,21.472949,1.088565,4.311015,-0.182911,0,21.889974,0.179670,19.987973
5.012000,21.477260,1.088377,4.311015,-0.192721,0,21.894286,0.179482,19.987973
5.013000,21.481571,1.088179,4.311015,-0.202531,0,21.898597,0.179284,19.987973
5.014000,21.485882,1.087972,4.311015,-0.212341,0,21.902908,0.179077,19.987973
5.015000,21.490193,1.087755,4.311015,-0.222151,0,21.907219,0.178860,19.987973
5.016000,21.494504,1.087527,4.311015,-0.231961,0,21.911530,0.178633,19.987973
5.017000,21.498815,1.087291,4.311015,-0.241771,0,21.915841,0.178396,19.987973
5.018000,21.503126,1.087044,4.311015,-0.251581,0,21.920152,0.178149,19.987973
5.019000,21.507437,1.086787,4.311015,-0.261391,0,21.924463,0.177893,19.987973
5.020000,21.511748,1.086521,4.311015,-0.271201,0,21.928774,0.177626,19.987973
5.021000,21.516059,1.086245,4.311015,-0.281011,0,21.933085,0.177350,19.987973
5.022000,21.520370,1.085959,4.311015,-0.290821,0,21.937396,0.177064,19.987973
5.023000,21.524681,1.085663,4.311015,-0.300631,0,21.941707,0.176769,19.987973
5.024000,21.528992,1.085358,4.311015,-0.310441,0,21.946018,0.176463,19.987973
5.025000,21.533303,1.085043,4.311015,-0.320251,0,21.950329,0.176148,19.987973
5.026000,21.537614,1.084717,4.311015,-0.330061,0,21.954640,0.175822,19.987973
5.027000,21.541925,1.084382,4.311015,-0.339871,0,21.958951,0.175488,19.987973
5.028000,21.546236,1.084038,4.311015,-0.349681,0,21.963262,0.175143,19.987973
5.029000,21.550547,1.083683,4.311015,-0.359491,0,21.967573,0.174788,19.987973
5.030000,21.554858,1.083319,4.311015,-0.369301,0,21.971884,0.174424,19.987973
5.031000,21.559169,1.082944,4.311015,-0.379111,0,21.976195,0.174050,19.987973
5.032000,21.563480,1.082560,4.311015,-0.388921,0,21.980506,0.173666,19.987973
5.033000,21.567791,1.082167,4.311015,-0.398731,0,21.984817,0.173272,19.987973
5.034000,21.572103,1.081763,4.311015,-0.408541,0,21.989128,0.172868,19.987973
5.035000,21.576414,1.081350,4.311015,-0.418351,0,21.993439,0.172455,19.987973
5.036000,21.580725,1.080926,4.311015,-0.428161,0,21.997750,0.172031,19.987973
5.037000,21.585036,1.080493,4.311015,-0.437971,0,22.002061,0.171598,19.987973
5.038000,21.589347,1.080050,4.311015,-0.447781,0,22.006372,0.171155,19.987973
5.039000,21.593658,1.079598,4.311015,-0.457591,0,22.010683,0.170703,19.987973
5.040000,21.597969,1.079135,4.311015,-0.467401,0,22.014994,0.170240,19.987973
5.041000,21.602280,1.078663,4.311015,-0.477211,0,22.019305,0.169768,19.987973
5.042000,21.606591,1.078181,4.311015,-0.487021,0,22.023616,0.169286,19.987973
5.043000,21.610902,1.077689,4.311015,-0.496831,0,22.027927,0.168794,19.987973
5.044000,21.615213,1.077187,4.311015,-0.506641,0,22.032238,0.168292,19.987973
5.045000,21.619524,1.076675,4.311015,-0.516451,0,22.036549,0.167781,19.987973
5.046000,21.623835,1.076154,4.311015,-0.526261,0,22.040860,0.167259,19.987973
5.047000,21.628146,1.075623,4.311015,-0.536071,0,22.045171,0.166728,19.987973
5.048000,21.632457,1.075082,4.311015,-0.545881,0,22.049482,0.166187,19.987973
5.049000,21.636768,1.074531,4.311015,-0.555691,0,22.053793,0.165636,19.987973
5.050000,21.641079,1.073971,4.311015,-0.565501,0,22.058104,0.165076,19.987973
5.051000,21.645390,1.073400,4.311015,-0.575311,0,22.062415,0.164505,19.987973
5.052000,21.649701,1.072820,4.311015,-0.585121,0,22.066726,0.163925,19.987973
5.053000,21.654012,1.072230,4.311015,-0.594931,0,22.071037,0.163335,19.987973
5.054000,21.658323,1.071630,4.311015,-0.604741,0,22.075348,0.162735,19.987973
5.055000,21.662634,1.071020,4.311015,-0.614551,0,22.079659,0.162126,19.987973
5.056000,21.666945,1.070401,4.311015,-0.624361,0,22.083970,0.161506,19.987973
5.057000,21.671256,1.069772,4.311015,-0.634171,0,22.088281,0.160877,19.987973
5.058000,21.675567,1.069133,4.311015,-0.643981,0,22.092592,0.160238,19.987973
5.059000,21.679878,1.068484,4.311015,-0.653791,0,22.096903,0.159589,19.987973
5.060000,21.684189,1.067825,4.311015,-0.663601,0,22.101214,0.158930,19.987973
5.061000,21.688500,1.067157,4.311015,-0.673411,0,22.105525,0.158262,19.987973
5.062000,21.692811,1.066478,4.311015,-0.683221,0,22.109836,0.157583,19.987973
5.063000,21.697122,1.065790,4.311015,-0.693031,0,22.114147,0.156895,19.987973
5.064000,21.701433,1.065092,4.311015,-0.702841,0,22.118458,0.156197,19.987973
5.065000,21.705744,1.064384,4.311015,-0.712651,0,22.122769,0.155490,19.987973
5.066000,21.710055,1.063667,4.311015,-0.722461,0,22.127080,0.154772,19.987973
5.067000,21.714366,1.062940,4.311015,-0.732271,0,22.131391,0.154045,19.987973
5.068000,21.718677,1.062202,4.311015,-0.742081,0,22.135702,0.153307,19.987973
5.069000,21.722988,1.061455,4.311015,-0.751891,0,22.140013,0.152561,19.987973
5.070000,21.727299,1.060699,4.311015,-0.761701,0,22.144324,0.151804,19.987973
5.071000,21.731610,1.059932,4.311015,-0.771511,0,22.148635,0.151037,19.987973
5.072000,21.735921,1.059156,4.311015,-0.781321,0,22.152946,0.150261,19.987973
5.073000,21.740232,1.058369,4.311015,-0.791131,0,22.157257,0.149474,19.987973
5.074000,21.744543,1.057573,4.311015,-0.800941,0,22.161568,0.148678,19.987973
5.075000,21.748854,1.056767,4.311015,-0.810751,0,22.165879,0.147873,19.987973
5.076000,21.753165,1.055952,4.311015,-0.820561,0,22.170190,0.147057,19.987973
5.077000,21.757476,1.055126,4.311015,-0.830371,0,22.174501,0.146231,19.987973
5.078000,21.761787,1.054291,4.311015,-0.840181,0,22.178813,0.145396,19.987973
5.079000,21.766098,1.053446,4.311015,-0.849991,0,22.183124,0.144551,19.987973
5.080000,21.770409,1.052591,4.311015,-0.859801,0,22.187435,0.143696,19.987973
5.081000,21.774720,1.051726,4.311015,-0.869611,0,22.191746,0.142831,19.987973
5.082000,21.779031,1.050852,4.311015,-0.879421,0,22.196057,0.141957,19.987973
5.083000,21.783342,1.049968,4.311015,-0.889231,0,22.200368,0.141073,19.987973
5.084000,21.787653,1.049073,4.311015,-0.899041,0,22.204679,0.140179,19.987973
5.085000,21.791964,1.048169,4.311015,-0.908851,0,22.208990,0.139275,19.987973
5.086000,21.796275,1.047256,4.311015,-0.918661,0,22.213301,0.138361,19.987973
5.087000,21.800586,1.046332,4.311015,-0.928471,0,22.217612,0.137437,19.987973
5.088000,21.804897,1.045399,4.311015,-0.938281,0,22.221923,0.136504,19.987973
5.089000,21.809208,1.044456,4.311015,-0.948091,0,22.226234,0.135561,19.987973
5.090000,21.813519,1.043503,4.311015,-0.957901,0,22.230545,0.134608,19.987973
5.091000,21.817830,1.042540,4.311015,-0.967711,0,22.234856,0.133645,19.987973
5.092000,21.822141,1.041567,4.311015,-0.977521,0,22.239167,0.132672,19.987973
5.093000,21.826452,1.040585,4.311015,-0.987331,0,22.243478,0.131690,19.987973
5.094000,21.830763,1.039592,4.311015,-0.997141,0,22.247789,0.130698,19.987973
5.095000,21.835074,1.038590,4.311015,-1.006951,0,22.252100,0.129696,19.987973
5.096000,21.839385,1.037579,4.311015,-1.016761,0,22.256411,0.128684,19.987973
5.097000,21.843696,1.036557,4.311015,-1.026571,0,22.260722,0.127662,19.987973
5.098000,21.848007,1.035525,4.311015,-1.036381,0,22.265033,0.126631,19.987973
5.099000,21.852318,1.034484,4.311015,-1.046191,0,22.269344,0.125589,19.987973
5.100000,21.856630,1.033433,4.311015,-1.056001,0,22.273655,0.124538,19.987973
5.101000,21.860941,1.032372,4.311015,-1.065811,0,22.277966,0.123477,19.987973
5.102000,21.865252,1.031301,4.311015,-1.075621,0,22.282277,0.122407,19.987973
5.103000,21.869563,1.030221,4.311015,-1.085431,0,22.286588,0.121326,19.987973
5.104000,21.873874,1.029131,4.311015,-1.095241,0,22.290899,0.120236,19.987973
5.105000,21.878185,1.028030,4.311015,-1.105051,0,22.295210,0.119136,19.987973
5.106000,21.882496,1.026920,4.311015,-1.114861,0,22.299521,0.118026,19.987973
5.107000,21.886807,1.025801,4.311015,-1.124671,0,22.303832,0.116906,19.987973
5.108000,21.891118,1.024671,4.311015,-1.134481,0,22.308143,0.115776,19.987973
5.109000,21.895429,1.023532,4.311015,-1.144291,0,22.312454,0.114637,19.987973
5.110000,21.899740,1.022383,4.311015,-1.154101,0,22.316765,0.113488,19.987973
5.111000,21.904051,1.021224,4.311015,-1.163911,0,22.321076,0.112329,19.987973
5.112000,21.908362,1.020055,4.311015,-1.173721,0,22.325387,0.111160,19.987973
5.113000,21.912673,1.018876,4.311015,-1.183531,0,22.329698,0.109981,19.987973
5.114000,21.916984,1.017688,4.311015,-1.193341,0,22.334009,0.108793,19.987973
5.115000,21.921295,1.016489,4.311015,-1.203151,0,22.338320,0.107595,19.987973
5.116000,21.925606,1.015281,4.311015,-1.212961,0,22.342631,0.106386,19.987973
5.117000,21.929917,1.014063,4.311015,-1.222771,0,22.346942,0.105169,19.987973
5.118000,21.934228,1.012836,4.311015,-1.232581,0,22.351253,0.103941,19.987973
5.119000,21.938539,1.011598,4.311015,-1.242391,0,22.355564,0.102703,19.987973
5.120000,21.942850,1.010351,4.311015,-1.252201,0,22.359875,0.101456,19.987973
5.121000,21.947161,1.009094,4.311015,-1.262011,0,22.364186,0.100199,19.987973
5.122000,21.951472,1.007827,4.311015,-1.271821,0,22.368497,0.098932,19.987973
5.123000,21.955783,1.006550,4.311015,-1.281631,0,22.372808,0.097655,19.987973
5.124000,21.960094,1.005264,4.311015,-1.291441,0,22.377119,0.096369,19.987973
5.125000,21.964405,1.003967,4.311015,-1.301251,0,22.381430,0.095073,19.987973
5.126000,21.968716,1.002661,4.311015,-1.311061,0,22.385741,0.093766,19.987973
5.127000,21.973027,1.001345,4.311015,-1.320871,0,22.390052,0.092450,19.987973
5.128000,21.977338,1.000019,4.311015,-1.330681,0,22.394363,0.091125,19.987973
5.129000,21.981649,0.998684,4.311015,-1.340491,0,22.398674,0.089789,19.987973
5.130000,21.985960,0.997338,4.311015,-1.350301,0,22.402985,0.088444,19.987973
5.131000,21.990271,0.995983,4.311015,-1.360111,0,22.407296,0.087088,19.987973
5.132000,21.994582,0.994618,4.311015,-1.369921,0,22.411607,0.085723,19.987973
5.133000,21.998893,0.993243,4.311015,-1.379731,0,22.415918,0.084349,19.987973
5.134000,22.003204,0.991859,4.311015,-1.389541,0,22.420229,0.082964,19.987973
5.135000,22.007515,0.990464,4.311015,-1.399351,0,22.424540,0.081569,19.987973
5.136000,22.011826,0.989060,4.311015,-1.409161,0,22.428851,0.080165,19.987973
5.137000,22.016137,0.987646,4.311015,-1.418971,0,22.433162,0.078751,19.987973
5.138000,22.020448,0.986222,4.311015,-1.428781,0,22.437473,0.077327,19.987973
5.139000,22.024759,0.984788,4.311015,-1.438591,0,22.441784,0.075894,19.987973
5.140000,22.029070,0.983345,4.311015,-1.448401,0,22.446095,0.074450,19.987973
5.141000,22.033381,0.981892,4.311015,-1.458211,0,22.450406,0.072997,19.987973
5.142000,22.037692,0.980429,4.311015,-1.468021,0,22.454717,0.071534,19.987973
5.143000,22.042003,0.978956,4.311015,-1.477831,0,22.459028,0.070061,19.987973
5.144000,22.046314,0.977473,4.311015,-1.487641,0,22.463340,0.068578,19.987973
5.145000,22.050625,0.975980,4.311015,-1.497451,0,22.467651,0.067085,19.987973
5.146000,22.054936,0.974478,4.311015,-1.507261,0,22.471962,0.065583,19.987973
5.147000,22.059247,0.972966,4.311015,-1.517071,0,22.476273,0.064071,19.987973
5.148000,22.063558,0.971444,4.311015,-1.526881,0,22.480584,0.062549,19.987973
5.149000,22.067869,0.969912,4.311015,-1.536691,0,22.484895,0.061017,19.987973
5.150000,22.072180,0.968370,4.311015,-1.546501,0,22.489206,0.059476,19.987973
5.151000,22.076491,0.966819,4.311015,-1.556311,0,22.493517,0.057924,19.987973
5.152000,22.080802,0.965258,4.311015,-1.566121,0,22.497828,0.056363,19.987973
5.153000,22.085113,0.963687,4.311015,-1.575931,0,22.502139,0.054792,19.987973
5.154000,22.089424,0.962106,4.311015,-1.585741,0,22.506450,0.053211,19.987973
5.155000,22.093735,0.960515,4.311015,-1.595551,0,22.510761,0.051620,19.987973
5.156000,22.098046,0.958915,4.311015,-1.605361,0,22.515072,0.050020,19.987973
5.157000,22.102357,0.957305,4.311015,-1.615171,0,22.519383,0.048410,19.987973
5.158000,22.106668,0.955685,4.311015,-1.624981,0,22.523694,0.046790,19.987973
5.159000,22.110979,0.954055,4.311015,-1.634791,0,22.528005,0.045160,19.987973
5.160000,22.115290,0.952415,4.311015,-1.644601,0,22.532316,0.043520,19.987973
5.161000,22.119601,0.950765,4.311015,-1.654411,0,22.536627,0.041871,19.987973
5.162000,22.123912,0.949106,4.311015,-1.664221,0,22.540938,0.040211,19.987973
5.163000,22.128223,0.947437,4.311015,-1.674031,0,22.545249,0.038542,19.987973
5.164000,22.132534,0.945758,4.311015,-1.683841,0,22.549560,0.036863,19.987973
5.165000,22.136845,0.944069,4.311015,-1.693651,0,22.553871,0.035174,19.987973
5.166000,22.141157,0.942371,4.311015,-1.703461,0,22.558182,0.033476,19.987973
5.167000,22.145468,0.940662,4.311015,-1.713271,0,22.562493,0.031768,19.987973
5.168000,22.149779,0.938944,4.311015,-1.723081,0,22.566804,0.030049,19.987973
5.169000,22.154090,0.937216,4.311015,-1.732891,0,22.571115,0.028321,19.987973
5.170000,22.158401,0.935478,4.311015,-1.742701,0,22.575426,0.026584,19.987973
5.171000,22.162712,0.933731,4.311015,-1.752511,0,22.579737,0.024836,19.987973
5.172000,22.167023,0.931973,4.311015,-1.762321,0,22.584048,0.023079,19.987973
5.173000,22.171334,0.930206,4.311015,-1.772131,0,22.588359,0.021311,19.987973
5.174000,22.175645,0.928429,4.311015,-1.781941,0,22.592670,0.019534,19.987973
5.175000,22.179956,0.926642,4.311015,-1.791751,0,22.596981,0.017747,19.987973
5.176000,22.184267,0.924846,4.311015,-1.801561,0,22.601292,0.015951,19.987973
5.177000,22.188578,0.923039,4.311015,-1.811371,0,22.605603,0.014144,19.987973
5.178000,22.192889,0.921223,4.311015,-1.821181,0,22.609914,0.012328,19.987973
5.179000,22.197200,0.919397,4.311015,-1.830991,0,22.614225,0.010502,19.987973
5.180000,22.201511,0.917561,4.311015,-1.840801,0,22.618536,0.008666,19.987973
5.181000,22.205822,0.915715,4.311015,-1.850611,0,22.622847,0.006820,19.987973
5.182000,22.210133,0.913860,4.311015,-1.860421,0,22.627158,0.004965,19.987973
5.183000,22.214444,0.911994,4.311015,-1.870231,0,22.631469,0.003100,19.987973
5.184000,22.218755,0.910119,4.311015,-1.880041,0,22.635780,0.001224,19.987973
5.185000,22.223066,0.908234,4.311015,-1.889851,1,22.639788,0.000000,19.988026
5.186000,22.227377,0.906340,4.310809,-1.899209,1,22.639788,0.000000,19.988026
5.187000,22.231687,0.904436,4.310314,-1.907927,1,22.639788,0.000000,19.988026
5.188000,22.235997,0.902524,4.309534,-1.916002,1,22.639788,0.000000,19.988026
5.189000,22.240306,0.900604,4.308475,-1.923433,1,22.639788,0.000000,19.988026
5.190000,22.244614,0.898677,4.307140,-1.930220,1,22.639788,0.000000,19.988026
5.191000,22.248920,0.896744,4.305534,-1.936361,1,22.639788,0.000000,19.988026
5.192000,22.253225,0.894805,4.303662,-1.941856,1,22.639788,0.000000,19.988026
5.193000,22.257528,0.892861,4.301528,-1.946703,1,22.639788,0.000000,19.988026
5.194000,22.261828,0.890912,4.299137,-1.950903,1,22.639788,0.000000,19.988026
5.195000,22.266126,0.888959,4.296494,-1.954455,1,22.639788,0.000000,19.988026
5.196000,22.270421,0.887003,4.293605,-1.957358,1,22.639788,0.000000,19.988026
5.197000,22.274713,0.885044,4.290474,-1.959613,1,22.639788,0.000000,19.988026
5.198000,22.279002,0.883084,4.287106,-1.961220,1,22.639788,0.000000,19.988026
5.199000,22.283287,0.881122,4.283508,-1.962178,1,22.639788,0.000000,19.988026
5.200000,22.287569,0.879160,4.279683,-1.962489,1,22.639788,0.000000,19.988026
5.201000,22.291846,0.877198,4.275639,-1.962152,1,22.639788,0.000000,19.988026
5.202000,22.296120,0.875236,4.271380,-1.961170,1,22.639788,0.000000,19.988026
5.203000,22.300389,0.873275,4.266911,-1.959541,1,22.639788,0.000000,19.988026
5.204000,22.304654,0.871317,4.262240,-1.957268,1,22.639788,0.000000,19.988026
5.205000,22.308914,0.869361,4.257371,-1.954352,1,22.639788,0.000000,19.988026
5.206000,22.313168,0.867408,4.252310,-1.950794,1,22.639788,0.000000,19.988026
5.207000,22.317418,0.865460,4.247064,-1.946595,1,22.639788,0.000000,19.988026
5.208000,22.321663,0.863515,4.241638,-1.941757,1,22.639788,0.000000,19.988026
5.209000,22.325901,0.861576,4.236038,-1.936283,1,22.639788,0.000000,19.988026
5.210000,22.330135,0.859643,4.230272,-1.930173,1,22.639788,0.000000,19.988026
5.211000,22.334362,0.857716,4.224344,-1.923431,1,22.639788,0.000000,19.988026
5.212000,22.338583,0.855796,4.218261,-1.916059,1,22.639788,0.000000,19.988026
5.213000,22.342798,0.853884,4.212029,-1.908058,1,22.639788,0.000000,19.988026
5.214000,22.347007,0.851981,4.205656,-1.899433,1,22.639788,0.000000,19.988026
5.215000,22.351210,0.850086,4.199147,-1.890185,1,22.639788,0.000000,19.988026
5.216000,22.355405,0.848200,4.192508,-1.880318,1,22.639788,0.000000,19.988026
5.217000,22.359595,0.846325,4.185747,-1.869835,1,22.639788,0.000000,19.988026
5.218000,22.363777,0.844461,4.178870,-1.858739,1,22.639788,0.000000,19.988026
5.219000,22.367952,0.842608,4.171884,-1.847034,1,22.639788,0.000000,19.988026
5.220000,22.372121,0.840767,4.164795,-1.834723,1,22.639788,0.000000,19.988026
5.221000,22.376282,0.838939,4.157610,-1.821811,1,22.639788,0.000000,19.988026
5.222000,22.380436,0.837124,4.150335,-1.808302,1,22.639788,0.000000,19.988026
5.223000,22.384582,0.835322,4.142978,-1.794199,1,22.639788,0.000000,19.988026
5.224000,22.388722,0.833535,4.135546,-1.779508,1,22.639788,0.000000,19.988026
5.225000,22.392854,0.831764,4.128044,-1.764232,1,22.639788,0.000000,19.988026
5.226000,22.396978,0.830007,4.120481,-1.748377,1,22.639788,0.000000,19.988026
5.227000,22.401094,0.828267,4.112862,-1.731947,1,22.639788,0.000000,19.988026
5.228000,22.405204,0.826543,4.105194,-1.714947,1,22.639788,0.000000,19.988026
5.229000,22.409305,0.824837,4.097486,-1.697384,1,22.639788,0.000000,19.988026
5.230000,22.413398,0.823149,4.089742,-1.679261,1,22.639788,0.000000,19.988026
5.231000,22.417484,0.821479,4.081971,-1.660586,1,22.639788,0.000000,19.988026
5.232000,22.421562,0.819828,4.074179,-1.641363,1,22.639788,0.000000,19.988026
5.233000,22.425633,0.818196,4.066372,-1.621599,1,22.639788,0.000000,19.988026
5.234000,22.429695,0.816585,4.058559,-1.601299,1,22.639788,0.000000,19.988026
5.235000,22.433750,0.814994,4.050744,-1.580471,1,22.639788,0.000000,19.988026
5.236000,22.437797,0.813424,4.042937,-1.559120,1,22.639788,0.000000,19.988026
5.237000,22.441836,0.811876,4.035142,-1.537253,1,22.639788,0.000000,19.988026
5.238000,22.445867,0.810350,4.027367,-1.514877,1,22.639788,0.000000,19.988026
5.239000,22.449890,0.808846,4.019619,-1.491999,1,22.639788,0.000000,19.988026
5.240000,22.453906,0.807366,4.011904,-1.468626,1,22.639788,0.000000,19.988026
5.241000,22.457914,0.805909,4.004229,-1.444765,1,22.639788,0.000000,19.988026
5.242000,22.461915,0.804477,3.996600,-1.420425,1,22.639788,0.000000,19.988026
5.243000,22.465907,0.803069,3.989024,-1.395612,1,22.639788,0.000000,19.988026
5.244000,22.469893,0.801685,3.981508,-1.370334,1,22.639788,0.000000,19.988026
5.245000,22.473870,0.800328,3.974057,-1.344599,1,22.639788,0.000000,19.988026
5.246000,22.477841,0.798996,3.966679,-1.318416,1,22.639788,0.000000,19.988026
5.247000,22.481804,0.797691,3.959379,-1.291792,1,22.639788,0.000000,19.988026
5.248000,22.485760,0.796413,3.952163,-1.264736,1,22.639788,0.000000,19.988026
5.249000,22.489708,0.795162,3.945038,-1.237258,1,22.639788,0.000000,19.988026
5.250000,22.493650,0.793939,3.938010,-1.209364,1,22.639788,0.000000,19.988026
5.251000,22.497584,0.792743,3.931085,-1.181065,1,22.639788,0.000000,19.988026
5.252000,22.501512,0.791577,3.924268,-1.152369,1,22.639788,0.000000,19.988026
5.253000,22.505433,0.790439,3.917566,-1.123285,1,22.639788,0.000000,19.988026
5.254000,22.509347,0.789330,3.910984,-1.093823,1,22.639788,0.000000,19.988026
5.255000,22.513255,0.788251,3.904527,-1.063993,1,22.639788,0.000000,19.988026
5.256000,22.517156,0.787202,3.898201,-1.033803,1,22.639788,0.000000,19.988026
5.257000,22.521051,0.786184,3.892011,-1.003264,1,22.639788,0.000000,19.988026
5.258000,22.524940,0.785196,3.885963,-0.972385,1,22.639788,0.000000,19.988026
5.259000,22.528823,0.784239,3.880061,-0.941177,1,22.639788,0.000000,19.988026
5.260000,22.532700,0.783314,3.874311,-0.909649,1,22.639788,0.000000,19.988026
5.261000,22.536572,0.782420,3.868717,-0.877812,1,22.639788,0.000000,19.988026
5.262000,22.540438,0.781558,3.863285,-0.845676,1,22.639788,0.000000,19.988026
5.263000,22.544299,0.780729,3.858018,-0.813252,1,22.639788,0.000000,19.988026
5.264000,22.548154,0.779932,3.852921,-0.780550,1,22.639788,0.000000,19.988026
5.265000,22.552004,0.779168,3.847998,-0.747581,1,22.639788,0.000000,19.988026
5.266000,22.555850,0.778437,3.843253,-0.714356,1,22.639788,0.000000,19.988026
5.267000,22.559691,0.777739,3.838691,-0.680885,1,22.639788,0.000000,19.988026
5.268000,22.563528,0.777075,3.834315,-0.647179,1,22.639788,0.000000,19.988026
5.269000,22.567360,0.776445,3.830129,-0.613251,1,22.639788,0.000000,19.988026
5.270000,22.571188,0.775849,3.826136,-0.579110,1,22.639788,0.000000,19.988026
5.271000,22.575012,0.775287,3.822340,-0.544768,1,22.639788,0.000000,19.988026
5.272000,22.578833,0.774759,3.818743,-0.510237,1,22.639788,0.000000,19.988026
5.273000,22.582650,0.774266,3.815349,-0.475528,1,22.639788,0.000000,19.988026
5.274000,22.586463,0.773808,3.812161,-0.440652,1,22.639788,0.000000,19.988026
5.275000,22.590274,0.773385,3.809181,-0.405622,1,22.639788,0.000000,19.988026
5.276000,22.594082,0.772997,3.806411,-0.370448,1,22.639788,0.000000,19.988026
5.277000,22.597887,0.772644,3.803854,-0.335142,1,22.639788,0.000000,19.988026
5.278000,22.601690,0.772327,3.801511,-0.299716,1,22.639788,0.000000,19.988026
5.279000,22.605490,0.772045,3.799386,-0.264182,1,22.639788,0.000000,19.988026
5.280000,22.609288,0.771798,3.797479,-0.228552,1,22.639788,0.000000,19.988026
5.281000,22.613085,0.771588,3.795791,-0.192837,1,22.639788,0.000000,19.988026
5.282000,22.616880,0.771413,3.794325,-0.157050,1,22.639788,0.000000,19.988026
5.283000,22.620674,0.771273,3.793082,-0.121203,1,22.639788,0.000000,19.988026
5.284000,22.624466,0.771170,3.792061,-0.085306,1,22.639788,0.000000,19.988026
5.285000,22.628258,0.771103,3.791265,-0.049374,1,22.639788,0.000000,19.988026
5.286000,22.632049,0.771071,3.790693,-0.013416,1,22.639788,0.000000,19.988026
5.287000,22.635839,0.771076,3.790346,0.022554,1,22.639788,0.000000,19.988026
5.288000,22.639630,0.771117,3.790224,0.058524,1,22.639788,0.000000,19.988026
5.289000,22.643420,0.771193,3.790327,0.094483,1,22.639788,0.000000,19.988026
5.290000,22.647210,0.771306,3.790655,0.130418,1,22.639788,0.000000,19.988026
5.291000,22.651001,0.771454,3.791207,0.166318,1,22.639788,0.000000,19.988026
5.292000,22.654793,0.771638,3.791983,0.202171,1,22.639788,0.000000,19.988026
5.293000,22.658585,0.771858,3.792982,0.237963,1,22.639788,0.000000,19.988026
5.294000,22.662379,0.772114,3.794202,0.273685,1,22.639788,0.000000,19.988026
5.295000,22.666174,0.772406,3.795643,0.309323,1,22.639788,0.000000,19.988026
5.296000,22.669970,0.772733,3.797304,0.344865,1,22.639788,0.000000,19.988026
5.297000,22.673769,0.773095,3.799182,0.380301,1,22.639788,0.000000,19.988026
5.298000,22.677569,0.773493,3.801275,0.415617,1,22.639788,0.000000,19.988026
5.299000,22.681371,0.773926,3.803583,0.450803,1,22.639788,0.000000,19.988026
5.300000,22.685176,0.774395,3.806102,0.485847,1,22.639788,0.000000,19.988026
5.301000,22.688983,0.774898,3.808831,0.520736,1,22.639788,0.000000,19.988026
5.302000,22.692794,0.775436,3.811767,0.555460,1,22.639788,0.000000,19.988026
5.303000,22.696607,0.776009,3.814907,0.590007,1,22.639788,0.000000,19.988026
5.304000,22.700424,0.776616,3.818248,0.624365,1,22.639788,0.000000,19.988026
5.305000,22.704244,0.777258,3.821787,0.658523,1,22.639788,0.000000,19.988026
5.306000,22.708067,0.777933,3.825522,0.692470,1,22.639788,0.000000,19.988026
5.307000,22.711895,0.778643,3.829448,0.726194,1,22.639788,0.000000,19.988026
5.308000,22.715726,0.779385,3.833562,0.759685,1,22.639788,0.000000,19.988026
5.309000,22.719562,0.780162,3.837861,0.792931,1,22.639788,0.000000,19.988026
5.310000,22.723402,0.780971,3.842341,0.825921,1,22.639788,0.000000,19.988026
5.311000,22.727247,0.781814,3.846997,0.858646,1,22.639788,0.000000,19.988026
5.312000,22.731096,0.782688,3.851825,0.891093,1,22.639788,0.000000,19.988026
5.313000,22.734950,0.783596,3.856821,0.923252,1,22.639788,0.000000,19.988026
5.314000,22.738810,0.784535,3.861981,0.955114,1,22.639788,0.000000,19.988026
5.315000,22.742674,0.785506,3.867300,0.986666,1,22.639788,0.000000,19.988026
5.316000,22.746544,0.786508,3.872774,1.017900,1,22.639788,0.000000,19.988026
5.317000,22.750420,0.787541,3.878397,1.048805,1,22.639788,0.000000,19.988026
5.318000,22.754301,0.788606,3.884164,1.079371,1,22.639788,0.000000,19.988026
5.319000,22.758188,0.789700,3.890071,1.109588,1,22.639788,0.000000,19.988026
5.320000,22.762081,0.790825,3.896112,1.139446,1,22.639788,0.000000,19.988026
5.321000,22.765981,0.791979,3.902281,1.168936,1,22.639788,0.000000,19.988026
5.322000,22.769886,0.793162,3.908574,1.198049,1,22.639788,0.000000,19.988026
5.323000,22.773798,0.794375,3.914985,1.226774,1,22.639788,0.000000,19.988026
5.324000,22.777716,0.795616,3.921507,1.255103,1,22.639788,0.000000,19.988026
5.325000,22.781641,0.796885,3.928137,1.283026,1,22.639788,0.000000,19.988026
5.326000,22.785572,0.798182,3.934866,1.310535,1,22.639788,0.000000,19.988026
5.327000,22.789511,0.799506,3.941690,1.337621,1,22.639788,0.000000,19.988026
5.328000,22.793456,0.800857,3.948603,1.364275,1,22.639788,0.000000,19.988026
5.329000,22.797408,0.802234,3.955598,1.390489,1,22.639788,0.000000,19.988026
5.330000,22.801367,0.803638,3.962669,1.416255,1,22.639788,0.000000,19.988026
5.331000,22.805333,0.805067,3.969810,1.441564,1,22.639788,0.000000,19.988026
5.332000,22.809307,0.806521,3.977015,1.466408,1,22.639788,0.000000,19.988026
5.333000,22.813287,0.807999,3.984276,1.490780,1,22.639788,0.000000,19.988026
5.334000,22.817275,0.809502,3.991589,1.514671,1,22.639788,0.000000,19.988026
5.335000,22.821270,0.811028,3.998946,1.538075,1,22.639788,0.000000,19.988026
5.336000,22.825273,0.812578,4.006341,1.560984,1,22.639788,0.000000,19.988026
5.337000,22.829283,0.814150,4.013767,1.583391,1,22.639788,0.000000,19.988026
5.338000,22.833301,0.815745,4.021218,1.605288,1,22.639788,0.000000,19.988026
5.339000,22.837326,0.817361,4.028687,1.626669,1,22.639788,0.000000,19.988026
5.340000,22.841358,0.818998,4.036167,1.647528,1,22.639788,0.000000,19.988026
5.341000,22.845398,0.820656,4.043651,1.667857,1,22.639788,0.000000,19.988026
5.342000,22.849445,0.822333,4.051133,1.687651,1,22.639788,0.000000,19.988026
5.343000,22.853500,0.824031,4.058606,1.706903,1,22.639788,0.000000,19.988026
5.344000,22.857563,0.825747,4.066064,1.725607,1,22.639788,0.000000,19.988026
5.345000,22.861632,0.827482,4.073499,1.743758,1,22.639788,0.000000,19.988026
5.346000,22.865709,0.829234,4.080904,1.761349,1,22.639788,0.000000,19.988026
5.347000,22.869794,0.831004,4.088274,1.778375,1,22.639788,0.000000,19.988026
5.348000,22.873886,0.832791,4.095600,1.794831,1,22.639788,0.000000,19.988026
5.349000,22.877985,0.834594,4.102877,1.810713,1,22.639788,0.000000,19.988026
5.350000,22.882092,0.836412,4.110097,1.826013,1,22.639788,0.000000,19.988026
5.351000,22.886205,0.838245,4.117255,1.840729,1,22.639788,0.000000,19.988026
5.352000,22.890326,0.840093,4.124342,1.854855,1,22.639788,0.000000,19.988026
5.353000,22.894454,0.841955,4.131353,1.868388,1,22.639788,0.000000,19.988026
5.354000,22.898589,0.843830,4.138280,1.881321,1,22.639788,0.000000,19.988026
5.355000,22.902731,0.845717,4.145117,1.893653,1,22.639788,0.000000,19.988026
5.356000,22.906879,0.847617,4.151857,1.905377,1,22.639788,0.000000,19.988026
5.357000,22.911034,0.849528,4.158494,1.916492,1,22.639788,0.000000,19.988026
5.358000,22.915196,0.851450,4.165022,1.926993,1,22.639788,0.000000,19.988026
5.359000,22.919364,0.853382,4.171432,1.936877,1,22.639788,0.000000,19.988026
5.360000,22.923539,0.855323,4.177720,1.946140,1,22.639788,0.000000,19.988026
5.361000,22.927720,0.857274,4.183879,1.954780,1,22.639788,0.000000,19.988026
5.362000,22.931907,0.859233,4.189902,1.962794,1,22.639788,0.000000,19.988026
5.363000,22.936099,0.861199,4.195782,1.970178,1,22.639788,0.000000,19.988026
5.364000,22.940298,0.863173,4.201515,1.976931,1,22.639788,0.000000,19.988026
5.365000,22.944502,0.865153,4.207092,1.983049,1,22.639788,0.000000,19.988026
5.366000,22.948712,0.867139,4.212509,1.988532,1,22.639788,0.000000,19.988026
5.367000,22.952927,0.869130,4.217759,1.993376,1,22.639788,0.000000,19.988026
5.368000,22.957148,0.871125,4.222836,1.997579,1,22.639788,0.000000,19.988026
5.369000,22.961373,0.873125,4.227734,2.001141,1,22.639788,0.000000,19.988026
5.370000,22.965603,0.875127,4.232447,2.004059,1,22.639788,0.000000,19.988026
5.371000,22.969838,0.877133,4.236970,2.006332,1,22.639788,0.000000,19.988026
5.372000,22.974077,0.879140,4.241296,2.007959,1,22.639788,0.000000,19.988026
5.373000,22.978320,0.881148,4.245419,2.008939,1,22.639788,0.000000,19.988026
5.374000,22.982568,0.883157,4.249336,2.009271,1,22.639788,0.000000,19.988026
5.375000,22.986819,0.885167,4.253038,2.008953,1,22.639788,0.000000,19.988026
5.376000,22.991074,0.887175,4.256522,2.007986,1,22.639788,0.000000,19.988026
5.377000,22.995332,0.889182,4.259782,2.006370,1,22.639788,0.000000,19.988026
5.378000,22.999593,0.891188,4.262813,2.004103,1,22.639788,0.000000,19.988026
5.379000,23.003857,0.893190,4.265609,2.001185,1,22.639788,0.000000,19.988026
5.380000,23.008124,0.895190,4.268165,1.997618,1,22.639788,0.000000,19.988026
5.381000,23.012394,0.897185,4.270477,1.993400,1,22.639788,0.000000,19.988026
5.382000,23.016665,0.899176,4.272539,1.988533,1,22.639788,0.000000,19.988026
5.383000,23.020939,0.901162,4.274346,1.983016,1,22.639788,0.000000,19.988026
5.384000,23.025214,0.903142,4.275895,1.976851,1,22.639788,0.000000,19.988026
5.385000,23.029490,0.905116,4.277179,1.970039,1,22.639788,0.000000,19.988026
5.386000,23.033768,0.907082,4.278196,1.962579,1,22.639788,0.000000,19.988026
5.387000,23.038047,0.909041,4.278939,1.954474,1,22.639788,0.000000,19.988026
5.388000,23.042326,0.910991,4.279405,1.945724,1,22.639788,0.000000,19.988026
5.389000,23.046605,0.912932,4.279590,1.936332,1,22.639788,0.000000,19.988026
5.390000,23.050885,0.914863,4.279490,1.926298,0,23.467910,0.005968,19.987136
5.391000,23.055165,0.916785,4.279490,1.916488,0,23.472190,0.007890,19.987136
5.392000,23.059444,0.918696,4.279490,1.906678,0,23.476469,0.009801,19.987136
5.393000,23.063723,0.920598,4.279490,1.896868,0,23.480749,0.011703,19.987136
5.394000,23.068003,0.922490,4.279490,1.887058,0,23.485028,0.013595,19.987136
5.395000,23.072282,0.924372,4.279490,1.877248,0,23.489308,0.015477,19.987136
5.396000,23.076562,0.926244,4.279490,1.867438,0,23.493587,0.017350,19.987136
5.397000,23.080841,0.928107,4.279490,1.857628,0,23.497867,0.019212,19.987136
5.398000,23.085121,0.929960,4.279490,1.847818,0,23.502146,0.021065,19.987136
5.399000,23.089400,0.931803,4.279490,1.838008,0,23.506426,0.022908,19.987136
5.400000,23.093680,0.933636,4.279490,1.828198,0,23.510705,0.024741,19.987136
5.401000,23.097959,0.935459,4.279490,1.818388,0,23.514985,0.026564,19.987136
5.402000,23.102239,0.937272,4.279490,1.808578,0,23.519264,0.028378,19.987136
5.403000,23.106518,0.939076,4.279490,1.798768,0,23.523544,0.030181,19.987136
5.404000,23.110798,0.940870,4.279490,1.788958,0,23.527823,0.031975,19.987136
5.405000,23.115077,0.942654,4.279490,1.779148,0,23.532103,0.033759,19.987136
5.406000,23.119357,0.944428,4.279490,1.769338,0,23.536382,0.035533,19.987136
5.407000,23.123636,0.946193,4.279490,1.759528,0,23.540662,0.037298,19.987136
5.408000,23.127916,0.947947,4.279490,1.749718,0,23.544941,0.039052,19.987136
5.409000,23.132195,0.949692,4.279490,1.739908,0,23.549221,0.040797,19.987136
5.410000,23.136475,0.951427,4.279490,1.730098,0,23.553500,0.042532,19.987136
5.411000,23.140754,0.953152,4.279490,1.720288,0,23.557780,0.044258,19.987136
5.412000,23.145034,0.954868,4.279490,1.710478,0,23.562059,0.045973,19.987136
5.413000,23.149313,0.956573,4.279490,1.700668,0,23.566339,0.047678,19.987136
5.414000,23.153593,0.958269,4.279490,1.690858,0,23.570618,0.049374,19.987136
5.415000,23.157872,0.959955,4.279490,1.681048,0,23.574898,0.051060,19.987136
5.416000,23.162152,0.961631,4.279490,1.671238,0,23.579177,0.052736,19.987136
5.417000,23.166431,0.963298,4.279490,1.661428,0,23.583457,0.054403,19.987136
5.418000,23.170711,0.964954,4.279490,1.651618,0,23.587736,0.056059,19.987136
5.419000,23.174990,0.966601,4.279490,1.641808,0,23.592016,0.057706,19.987136
5.420000,23.179270,0.968238,4.279490,1.631998,0,23.596295,0.059343,19.987136
5.421000,23.183549,0.969865,4.279490,1.622188,0,23.600575,0.060970,19.987136
5.422000,23.187829,0.971482,4.279490,1.612378,0,23.604854,0.062587,19.987136
5.423000,23.192108,0.973090,4.279490,1.602568,0,23.609134,0.064195,19.987136
5.424000,23.196388,0.974687,4.279490,1.592758,0,23.613413,0.065792,19.987136
5.425000,23.200667,0.976275,4.279490,1.582948,0,23.617692,0.067380,19.987136
5.426000,23.204947,0.977853,4.279490,1.573138,0,23.621972,0.068958,19.987136
5.427000,23.209226,0.979421,4.279490,1.563328,0,23.626251,0.070526,19.987136
5.428000,23.213506,0.980980,4.279490,1.553518,0,23.630531,0.072085,19.987136
5.429000,23.217785,0.982528,4.279490,1.543708,0,23.634810,0.073633,19.987136
5.430000,23.222065,0.984067,4.279490,1.533898,0,23.639090,0.075172,19.987136
5.431000,23.226344,0.985596,4.279490,1.524088,0,23.643369,0.076701,19.987136
5.432000,23.230624,0.987115,4.279490,1.514278,0,23.647649,0.078220,19.987136
5.433000,23.234903,0.988625,4.279490,1.504468,0,23.651928,0.079730,19.987136
5.434000,23.239183,0.990124,4.279490,1.494658,0,23.656208,0.081229,19.987136
5.435000,23.243462,0.991614,4.279490,1.484848,0,23.660487,0.082719,19.987136
5.436000,23.247742,0.993094,4.279490,1.475038,0,23.664767,0.084199,19.987136
5.437000,23.252021,0.994564,4.279490,1.465228,0,23.669046,0.085669,19.987136
5.438000,23.256301,0.996024,4.279490,1.455418,0,23.673326,0.087130,19.987136
5.439000,23.260580,0.997475,4.279490,1.445608,0,23.677605,0.088580,19.987136
5.440000,23.264860,0.998916,4.279490,1.435798,0,23.681885,0.090021,19.987136
5.441000,23.269139,1.000346,4.279490,1.425988,0,23.686164,0.091452,19.987136
5.442000,23.273418,1.001768,4.279490,1.416178,0,23.690444,0.092873,19.987136
5.443000,23.277698,1.003179,4.279490,1.406368,0,23.694723,0.094284,19.987136
5.444000,23.281977,1.004580,4.279490,1.396558,0,23.699003,0.095685,19.987136
5.445000,23.286257,1.005972,4.279490,1.386748,0,23.703282,0.097077,19.987136
5.446000,23.290536,1.007354,4.279490,1.376938,0,23.707562,0.098459,19.987136
5.447000,23.294816,1.008726,4.279490,1.367128,0,23.711841,0.099831,19.987136
5.448000,23.299095,1.010088,4.279490,1.357318,0,23.716121,0.101193,19.987136
5.449000,23.303375,1.011440,4.279490,1.347508,0,23.720400,0.102546,19.987136
5.450000,23.307654,1.012783,4.279490,1.337698,0,23.724680,0.103888,19.987136
5.451000,23.311934,1.014116,4.279490,1.327888,0,23.728959,0.105221,19.987136
5.452000,23.316213,1.015439,4.279490,1.318078,0,23.733239,0.106544,19.987136
5.453000,23.320493,1.016752,4.279490,1.308268,0,23.737518,0.107857,19.987136
5.454000,23.324772,1.018055,4.279490,1.298458,0,23.741798,0.109161,19.987136
5.455000,23.329052,1.019349,4.279490,1.288648,0,23.746077,0.110454,19.987136
5.456000,23.333331,1.020633,4.279490,1.278838,0,23.750357,0.111738,19.987136
5.457000,23.337611,1.021907,4.279490,1.269028,0,23.754636,0.113012,19.987136
5.458000,23.341890,1.023171,4.279490,1.259218,0,23.758916,0.114276,19.987136
5.459000,23.346170,1.024425,4.279490,1.249408,0,23.763195,0.115530,19.987136
5.460000,23.350449,1.025670,4.279490,1.239598,0,23.767475,0.116775,19.987136
5.461000,23.354729,1.026904,4.279490,1.229788,0,23.771754,0.118009,19.987136
5.462000,23.359008,1.028129,4.279490,1.219978,0,23.776034,0.119234,19.987136
5.463000,23.363288,1.029344,4.279490,1.210168,0,23.780313,0.120449,19.987136
5.464000,23.367567,1.030549,4.279490,1.200358,0,23.784593,0.121655,19.987136
5.465000,23.371847,1.031745,4.279490,1.190548,0,23.788872,0.122850,19.987136
5.466000,23.376126,1.032931,4.279490,1.180738,0,23.793152,0.124036,19.987136
5.467000,23.380406,1.034106,4.279490,1.170928,0,23.797431,0.125212,19.987136
5.468000,23.384685,1.035272,4.279490,1.161118,0,23.801711,0.126378,19.987136
5.469000,23.388965,1.036429,4.279490,1.151308,0,23.805990,0.127534,19.987136
5.470000,23.393244,1.037575,4.279490,1.141498,0,23.810270,0.128680,19.987136
5.471000,23.397524,1.038712,4.279490,1.131688,0,23.814549,0.129817,19.987136
5.472000,23.401803,1.039838,4.279490,1.121878,0,23.818829,0.130944,19.987136
5.473000,23.406083,1.040955,4.279490,1.112068,0,23.823108,0.132061,19.987136
5.474000,23.410362,1.042063,4.279490,1.102258,0,23.827387,0.133168,19.987136
5.475000,23.414642,1.043160,4.279490,1.092448,0,23.831667,0.134265,19.987136
5.476000,23.418921,1.044247,4.279490,1.082638,0,23.835946,0.135353,19.987136
5.477000,23.423201,1.045325,4.279490,1.072828,0,23.840226,0.136430,19.987136
5.478000,23.427480,1.046393,4.279490,1.063018,0,23.844505,0.137498,19.987136
5.479000,23.431760,1.047451,4.279490,1.053208,0,23.848785,0.138556,19.987136
5.480000,23.436039,1.048500,4.279490,1.043398,0,23.853064,0.139605,19.987136
5.481000,23.440319,1.049538,4.279490,1.033588,0,23.857344,0.140643,19.987136
5.482000,23.444598,1.050567,4.279490,1.023778,0,23.861623,0.141672,19.987136
5.483000,23.448878,1.051586,4.279490,1.013968,0,23.865903,0.142691,19.987136
5.484000,23.453157,1.052595,4.279490,1.004158,0,23.870182,0.143700,19.987136
5.485000,23.457437,1.053594,4.279490,0.994348,0,23.874462,0.144699,19.987136
5.486000,23.461716,1.054583,4.279490,0.984538,0,23.878741,0.145688,19.987136
5.487000,23.465996,1.055563,4.279490,0.974728,0,23.883021,0.146668,19.987136
5.488000,23.470275,1.056533,4.279490,0.964918,0,23.887300,0.147638,19.987136
5.489000,23.474555,1.057493,4.279490,0.955108,0,23.891580,0.148598,19.987136
5.490000,23.478834,1.058443,4.279490,0.945298,0,23.895859,0.149548,19.987136
5.491000,23.483113,1.059383,4.279490,0.935488,0,23.900139,0.150489,19.987136
5.492000,23.487393,1.060314,4.279490,0.925678,0,23.904418,0.151419,19.987136
5.493000,23.491672,1.061235,4.279490,0.915868,0,23.908698,0.152340,19.987136
5.494000,23.495952,1.062146,4.279490,0.906058,0,23.912977,0.153251,19.987136
5.495000,23.500231,1.063047,4.279490,0.896248,0,23.917257,0.154152,19.987136
5.496000,23.504511,1.063938,4.279490,0.886438,0,23.921536,0.155043,19.987136
5.497000,23.508790,1.064820,4.279490,0.876628,0,23.925816,0.155925,19.987136
5.498000,23.513070,1.065691,4.279490,0.866818,0,23.930095,0.156797,19.987136
5.499000,23.517349,1.066553,4.279490,0.857008,0,23.934375,0.157658,19.987136
5.500000,23.521629,1.067405,4.279490,0.847198,0,23.938654,0.158511,19.987136
5.501000,23.525908,1.068248,4.279490,0.837388,0,23.942934,0.159353,19.987136
5.502000,23.530188,1.069080,4.279490,0.827578,0,23.947213,0.160185,19.987136
5.503000,23.534467,1.069903,4.279490,0.817768,0,23.951493,0.161008,19.987136
5.504000,23.538747,1.070716,4.279490,0.807958,0,23.955772,0.161821,19.987136
5.505000,23.543026,1.071519,4.279490,0.798148,0,23.960052,0.162624,19.987136
5.506000,23.547306,1.072312,4.279490,0.788338,0,23.964331,0.163417,19.987136
5.507000,23.551585,1.073095,4.279490,0.778528,0,23.968611,0.164201,19.987136
5.508000,23.555865,1.073869,4.279490,0.768718,0,23.972890,0.164974,19.987136
5.509000,23.560144,1.074633,4.279490,0.758908,0,23.977170,0.165738,19.987136
5.510000,23.564424,1.075387,4.279490,0.749098,0,23.981449,0.166492,19.987136
5.511000,23.568703,1.076131,4.279490,0.739288,0,23.985729,0.167236,19.987136
5.512000,23.572983,1.076866,4.279490,0.729478,0,23.990008,0.167971,19.987136
5.513000,23.577262,1.077590,4.279490,0.719668,0,23.994288,0.168695,19.987136
5.514000,23.581542,1.078305,4.279490,0.709858,0,23.998567,0.169410,19.987136
5.515000,23.585821,1.079010,4.279490,0.700048,0,24.002847,0.170115,19.987136
5.516000,23.590101,1.079705,4.279490,0.690238,0,24.007126,0.170810,19.987136
5.517000,23.594380,1.080390,4.279490,0.680428,0,24.011406,0.171495,19.987136
5.518000,23.598660,1.081066,4.279490,0.670618,0,24.015685,0.172171,19.987136
5.519000,23.602939,1.081732,4.279490,0.660808,0,24.019965,0.172837,19.987136
5.520000,23.607219,1.082387,4.279490,0.650998,0,24.024244,0.173493,19.987136
5.521000,23.611498,1.083034,4.279490,0.641188,0,24.028524,0.174139,19.987136
5.522000,23.615778,1.083670,4.279490,0.631378,0,24.032803,0.174775,19.987136
5.523000,23.620057,1.084296,4.279490,0.621568,0,24.037082,0.175401,19.987136
5.524000,23.624337,1.084913,4.279490,0.611758,0,24.041362,0.176018,19.987136
5.525000,23.628616,1.085520,4.279490,0.601948,0,24.045641,0.176625,19.987136
5.526000,23.632896,1.086117,4.279490,0.592138,0,24.049921,0.177222,19.987136
5.527000,23.637175,1.086704,4.279490,0.582328,0,24.054200,0.177809,19.987136
5.528000,23.641455,1.087281,4.279490,0.572518,0,24.058480,0.178387,19.987136
5.529000,23.645734,1.087849,4.279490,0.562708,0,24.062759,0.178954,19.987136
5.530000,23.650014,1.088407,4.279490,0.552898,0,24.067039,0.179512,19.987136
5.531000,23.654293,1.088955,4.279490,0.543088,0,24.071318,0.180060,19.987136
5.532000,23.658573,1.089493,4.279490,0.533278,0,24.075598,0.180598,19.987136
5.533000,23.662852,1.090021,4.279490,0.523468,0,24.079877,0.181127,19.987136
5.534000,23.667132,1.090540,4.279490,0.513658,0,24.084157,0.181645,19.987136
5.535000,23.671411,1.091049,4.279490,0.503848,0,24.088436,0.182154,19.987136
5.536000,23.675691,1.091548,4.279490,0.494038,0,24.092716,0.182653,19.987136
5.537000,23.679970,1.092037,4.279490,0.484228,0,24.096995,0.183142,19.987136
5.538000,23.684250,1.092516,4.279490,0.474418,0,24.101275,0.183621,19.987136
5.539000,23.688529,1.092986,4.279490,0.464608,0,24.105554,0.184091,19.987136
5.540000,23.692808,1.093445,4.279490,0.454798,0,24.109834,0.184550,19.987136
5.541000,23.697088,1.093895,4.279490,0.444988,0,24.114113,0.185000,19.987136
5.542000,23.701367,1.094335,4.279490,0.435178,0,24.118393,0.185440,19.987136
5.543000,23.705647,1.094766,4.279490,0.425368,0,24.122672,0.185871,19.987136
5.544000,23.709926,1.095186,4.279490,0.415558,0,24.126952,0.186291,19.987136
5.545000,23.714206,1.095597,4.279490,0.405748,0,24.131231,0.186702,19.987136
5.546000,23.718485,1.095998,4.279490,0.395938,0,24.135511,0.187103,19.987136
5.547000,23.722765,1.096389,4.279490,0.386128,0,24.139790,0.187494,19.987136
5.548000,23.727044,1.096770,4.279490,0.376318,0,24.144070,0.187875,19.987136
5.549000,23.731324,1.097141,4.279490,0.366508,0,24.148349,0.188246,19.987136
5.550000,23.735603,1.097503,4.279490,0.356698,0,24.152629,0.188608,19.987136
5.551000,23.739883,1.097855,4.279490,0.346888,0,24.156908,0.188960,19.987136
5.552000,23.744162,1.098197,4.279490,0.337078,0,24.161188,0.189302,19.987136
5.553000,23.748442,1.098529,4.279490,0.327268,0,24.165467,0.189634,19.987136
5.554000,23.752721,1.098851,4.279490,0.317458,0,24.169747,0.189956,19.987136
5.555000,23.757001,1.099164,4.279490,0.307648,0,24.174026,0.190269,19.987136
5.556000,23.761280,1.099466,4.279490,0.297838,0,24.178306,0.190572,19.987136
5.557000,23.765560,1.099759,4.279490,0.288028,0,24.182585,0.190865,19.987136
5.558000,23.769839,1.100042,4.279490,0.278218,0,24.186865,0.191148,19.987136
5.559000,23.774119,1.100316,4.279490,0.268408,0,24.191144,0.191421,19.987136
5.560000,23.778398,1.100579,4.279490,0.258598,0,24.195424,0.191684,19.987136
5.561000,23.782678,1.100833,4.279490,0.248788,0,24.199703,0.191938,19.987136
5.562000,23.786957,1.101077,4.279490,0.238978,0,24.203983,0.192182,19.987136
5.563000,23.791237,1.101311,4.279490,0.229168,0,24.208262,0.192416,19.987136
5.564000,23.795516,1.101535,4.279490,0.219358,0,24.212542,0.192640,19.987136
5.565000,23.799796,1.101750,4.279490,0.209548,0,24.216821,0.192855,19.987136
5.566000,23.804075,1.101954,4.279490,0.199738,0,24.221101,0.193059,19.987136
5.567000,23.808355,1.102149,4.279490,0.189928,0,24.225380,0.193254,19.987136
5.568000,23.812634,1.102334,4.279490,0.180118,0,24.229660,0.193439,19.987136
5.569000,23.816914,1.102509,4.279490,0.170308,0,24.233939,0.193615,19.987136
5.570000,23.821193,1.102675,4.279490,0.160498,0,24.238219,0.193780,19.987136
5.571000,23.825473,1.102830,4.279490,0.150688,0,24.242498,0.193936,19.987136
5.572000,23.829752,1.102976,4.279490,0.140878,0,24.246777,0.194081,19.987136
5.573000,23.834032,1.103112,4.279490,0.131068,0,24.251057,0.194217,19.987136
5.574000,23.838311,1.103238,4.279490,0.121258,0,24.255336,0.194343,19.987136
5.575000,23.842591,1.103355,4.279490,0.111448,0,24.259616,0.194460,19.987136
5.576000,23.846870,1.103461,4.279490,0.101638,0,24.263895,0.194566,19.987136
5.577000,23.851150,1.103558,4.279490,0.091828,0,24.268175,0.194663,19.987136
5.578000,23.855429,1.103645,4.279490,0.082018,0,24.272454,0.194750,19.987136
5.579000,23.859709,1.103722,4.279490,0.072208,0,24.276734,0.194827,19.987136
5.580000,23.863988,1.103789,4.279490,0.062398,0,24.281013,0.194894,19.987136
5.581000,23.868268,1.103847,4.279490,0.052588,0,24.285293,0.194952,19.987136
5.582000,23.872547,1.103894,4.279490,0.042778,0,24.289572,0.195000,19.987136
5.583000,23.876827,1.103932,4.279490,0.032968,0,24.293852,0.195037,19.987136
5.584000,23.881106,1.103960,4.279490,0.023158,0,24.298131,0.195066,19.987136
5.585000,23.885386,1.103979,4.279490,0.013348,0,24.302411,0.195084,19.987136
5.586000,23.889665,1.103987,4.279490,0.003538,0,24.306690,0.195092,19.987136
5.587000,23.893945,1.103986,4.279490,-0.006272,0,24.310970,0.195091,19.987136
5.588000,23.898224,1.103975,4.279490,-0.016082,0,24.315249,0.195080,19.987136
5.589000,23.902503,1.103954,4.279490,-0.025892,0,24.319529,0.195059,19.987136
5.590000,23.906783,1.103923,4.279490,-0.035702,0,24.323808,0.195028,19.987136
5.591000,23.911062,1.103882,4.279490,-0.045512,0,24.328088,0.194987,19.987136
5.592000,23.915342,1.103832,4.279490,-0.055322,0,24.332367,0.194937,19.987136
5.593000,23.919621,1.103771,4.279490,-0.065132,0,24.336647,0.194877,19.987136
5.594000,23.923901,1.103701,4.279490,-0.074942,0,24.340926,0.194807,19.987136
5.595000,23.928180,1.103622,4.279490,-0.084752,0,24.345206,0.194727,19.987136
5.596000,23.932460,1.103532,4.279490,-0.094562,0,24.349485,0.194637,19.987136
5.597000,23.936739,1.103432,4.279490,-0.104372,0,24.353765,0.194538,19.987136
5.598000,23.941019,1.103323,4.279490,-0.114182,0,24.358044,0.194428,19.987136
5.599000,23.945298,1.103204,4.279490,-0.123992,0,24.362324,0.194309,19.987136
5.600000,23.949578,1.103075,4.279490,-0.133802,0,24.366603,0.194180,19.987136
5.601000,23.953857,1.102937,4.279490,-0.143612,0,24.370883,0.194042,19.987136
5.602000,23.958137,1.102788,4.279490,-0.153422,0,24.375162,0.193893,19.987136
5.603000,23.962416,1.102630,4.279490,-0.163232,0,24.379442,0.193735,19.987136
5.604000,23.966696,1.102462,4.279490,-0.173042,0,24.383721,0.193567,19.987136
5.605000,23.970975,1.102284,4.279490,-0.182852,0,24.388001,0.193389,19.987136
5.606000,23.975255,1.102096,4.279490,-0.192662,0,24.392280,0.193201,19.987136
5.607000,23.979534,1.101898,4.279490,-0.202472,0,24.396560,0.193003,19.987136
5.608000,23.983814,1.101691,4.279490,-0.212282,0,24.400839,0.192796,19.987136
5.609000,23.988093,1.101474,4.279490,-0.222092,0,24.405119,0.192579,19.987136
5.610000,23.992373,1.101247,4.279490,-0.231902,0,24.409398,0.192352,19.987136
5.611000,23.996652,1.101010,4.279490,-0.241712,0,24.413678,0.192115,19.987136
5.612000,24.000932,1.100763,4.279490,-0.251522,0,24.417957,0.191868,19.987136
5.613000,24.005211,1.100507,4.279490,-0.261332,0,24.422237,0.191612,19.987136
5.614000,24.009491,1.100241,4.279490,-0.271142,0,24.426516,0.191346,19.987136
5.615000,24.013770,1.099965,4.279490,-0.280952,0,24.430796,0.191070,19.987136
5.616000,24.018050,1.099679,4.279490,-0.290762,0,24.435075,0.190784,19.987136
5.617000,24.022329,1.099383,4.279490,-0.300572,0,24.439355,0.190488,19.987136
5.618000,24.026609,1.099078,4.279490,-0.310382,0,24.443634,0.190183,19.987136
5.619000,24.030888,1.098762,4.279490,-0.320192,0,24.447914,0.189867,19.987136
5.620000,24.035168,1.098437,4.279490,-0.330002,0,24.452193,0.189542,19.987136
5.621000,24.039447,1.098102,4.279490,-0.339812,0,24.456472,0.189207,19.987136
5.622000,24.043727,1.097758,4.279490,-0.349622,0,24.460752,0.188863,19.987136
5.623000,24.048006,1.097403,4.279490,-0.359432,0,24.465031,0.188508,19.987136
5.624000,24.052286,1.097039,4.279490,-0.369242,0,24.469311,0.188144,19.987136
5.625000,24.056565,1.096665,4.279490,-0.379052,0,24.473590,0.187770,19.987136
5.626000,24.060845,1.096281,4.279490,-0.388862,0,24.477870,0.187386,19.987136
5.627000,24.065124,1.095887,4.279490,-0.398672,0,24.482149,0.186992,19.987136
5.628000,24.069404,1.095483,4.279490,-0.408482,0,24.486429,0.186588,19.987136
5.629000,24.073683,1.095070,4.279490,-0.418292,0,24.490708,0.186175,19.987136
5.630000,24.077963,1.094647,4.279490,-0.428102,0,24.494988,0.185752,19.987136
5.631000,24.082242,1.094214,4.279490,-0.437912,0,24.499267,0.185319,19.987136
5.632000,24.086522,1.093771,4.279490,-0.447722,0,24.503547,0.184876,19.987136
5.633000,24.090801,1.093318,4.279490,-0.457532,0,24.507826,0.184423,19.987136
5.634000,24.095081,1.092856,4.279490,-0.467342,0,24.512106,0.183961,19.987136
5.635000,24.099360,1.092384,4.279490,-0.477152,0,24.516385,0.183489,19.987136
5.636000,24.103640,1.091901,4.279490,-0.486962,0,24.520665,0.183007,19.987136
5.637000,24.107919,1.091410,4.279490,-0.496772,0,24.524944,0.182515,19.987136
5.638000,24.112199,1.090908,4.279490,-0.506582,0,24.529224,0.182013,19.987136
5.639000,24.116478,1.090396,4.279490,-0.516392,0,24.533503,0.181502,19.987136
5.640000,24.120757,1.089875,4.279490,-0.526202,0,24.537783,0.180980,19.987136
5.641000,24.125037,1.089344,4.279490,-0.536012,0,24.542062,0.180449,19.987136
5.642000,24.129316,1.088803,4.279490,-0.545822,0,24.546342,0.179908,19.987136
5.643000,24.133596,1.088252,4.279490,-0.555632,0,24.550621,0.179357,19.987136
5.644000,24.137875,1.087692,4.279490,-0.565442,0,24.554901,0.178797,19.987136
5.645000,24.142155,1.087121,4.279490,-0.575252,0,24.559180,0.178227,19.987136
5.646000,24.146434,1.086541,4.279490,-0.585062,0,24.563460,0.177646,19.987136
5.647000,24.150714,1.085951,4.279490,-0.594872,0,24.567739,0.177056,19.987136
5.648000,24.154993,1.085352,4.279490,-0.604682,0,24.572019,0.176457,19.987136
5.649000,24.159273,1.084742,4.279490,-0.614492,0,24.576298,0.175847,19.987136
5.650000,24.163552,1.084123,4.279490,-0.624302,0,24.580578,0.175228,19.987136
5.651000,24.167832,1.083493,4.279490,-0.634112,0,24.584857,0.174599,19.987136
5.652000,24.172111,1.082854,4.279490,-0.643922,0,24.589137,0.173959,19.987136
5.653000,24.176391,1.082206,4.279490,-0.653732,0,24.593416,0.173311,19.987136
5.654000,24.180670,1.081547,4.279490,-0.663542,0,24.597696,0.172652,19.987136
5.655000,24.184950,1.080878,4.279490,-0.673352,0,24.601975,0.171984,19.987136
5.656000,24.189229,1.080200,4.279490,-0.683162,0,24.606255,0.171305,19.987136
5.657000,24.193509,1.079512,4.279490,-0.692972,0,24.610534,0.170617,19.987136
5.658000,24.197788,1.078814,4.279490,-0.702782,0,24.614814,0.169919,19.987136
5.659000,24.202068,1.078107,4.279490,-0.712592,0,24.619093,0.169212,19.987136
5.660000,24.206347,1.077389,4.279490,-0.722402,0,24.623373,0.168494,19.987136
5.661000,24.210627,1.076662,4.279490,-0.732212,0,24.627652,0.167767,19.987136
5.662000,24.214906,1.075925,4.279490,-0.742022,0,24.631932,0.167030,19.987136
5.663000,24.219186,1.075178,4.279490,-0.751832,0,24.636211,0.166283,19.987136
5.664000,24.223465,1.074421,4.279490,-0.761642,0,24.640491,0.165526,19.987136
5.665000,24.227745,1.073654,4.279490,-0.771452,0,24.644770,0.164760,19.987136
5.666000,24.232024,1.072878,4.279490,-0.781262,0,24.649050,0.163983,19.987136
5.667000,24.236304,1.072092,4.279490,-0.791072,0,24.653329,0.163197,19.987136
5.668000,24.240583,1.071296,4.279490,-0.800882,0,24.657609,0.162401,19.987136
5.669000,24.244863,1.070490,4.279490,-0.810692,0,24.661888,0.161595,19.987136
5.670000,24.249142,1.069675,4.279490,-0.820502,0,24.666168,0.160780,19.987136
5.671000,24.253422,1.068849,4.279490,-0.830312,0,24.670447,0.159954,19.987136
5.672000,24.257701,1.068014,4.279490,-0.840122,0,24.674726,0.159119,19.987136
5.673000,24.261981,1.067169,4.279490,-0.849932,0,24.679006,0.158274,19.987136
5.674000,24.266260,1.066314,4.279490,-0.859742,0,24.683285,0.157419,19.987136
5.675000,24.270540,1.065449,4.279490,-0.869552,0,24.687565,0.156555,19.987136
5.676000,24.274819,1.064575,4.279490,-0.879362,0,24.691844,0.155680,19.987136
5.677000,24.279099,1.063691,4.279490,-0.889172,0,24.696124,0.154796,19.987136
5.678000,24.283378,1.062797,4.279490,-0.898982,0,24.700403,0.153902,19.987136
5.679000,24.287658,1.061893,4.279490,-0.908792,0,24.704683,0.152998,19.987136
5.680000,24.291937,1.060979,4.279490,-0.918602,0,24.708962,0.152084,19.987136
5.681000,24.296217,1.060056,4.279490,-0.928412,0,24.713242,0.151161,19.987136
5.682000,24.300496,1.059122,4.279490,-0.938222,0,24.717521,0.150227,19.987136
5.683000,24.304776,1.058179,4.279490,-0.948032,0,24.721801,0.149284,19.987136
5.684000,24.309055,1.057226,4.279490,-0.957842,0,24.726080,0.148331,19.987136
5.685000,24.313335,1.056263,4.279490,-0.967652,0,24.730360,0.147369,19.987136
5.686000,24.317614,1.055291,4.279490,-0.977462,0,24.734639,0.146396,19.987136
5.687000,24.321894,1.054308,4.279490,-0.987272,0,24.738919,0.145414,19.987136
5.688000,24.326173,1.053316,4.279490,-0.997082,0,24.743198,0.144421,19.987136
5.689000,24.330452,1.052314,4.279490,-1.006892,0,24.747478,0.143419,19.987136
5.690000,24.334732,1.051302,4.279490,-1.016702,0,24.751757,0.142408,19.987136
5.691000,24.339011,1.050281,4.279490,-1.026512,0,24.756037,0.141386,19.987136
5.692000,24.343291,1.049249,4.279490,-1.036322,0,24.760316,0.140355,19.987136
5.693000,24.347570,1.048208,4.279490,-1.046132,0,24.764596,0.139313,19.987136
5.694000,24.351850,1.047157,4.279490,-1.055942,0,24.768875,0.138262,19.987136
5.695000,24.356129,1.046096,4.279490,-1.065752,0,24.773155,0.137201,19.987136
5.696000,24.360409,1.045026,4.279490,-1.075562,0,24.777434,0.136131,19.987136
5.697000,24.364688,1.043945,4.279490,-1.085372,0,24.781714,0.135050,19.987136
5.698000,24.368968,1.042855,4.279490,-1.095182,0,24.785993,0.133960,19.987136
5.699000,24.373247,1.041755,4.279490,-1.104992,0,24.790273,0.132860,19.987136
5.700000,24.377527,1.040645,4.279490,-1.114802,0,24.794552,0.131750,19.987136
5.701000,24.381806,1.039525,4.279490,-1.124612,0,24.798832,0.130630,19.987136
5.702000,24.386086,1.038396,4.279490,-1.134422,0,24.803111,0.129501,19.987136
5.703000,24.390365,1.037256,4.279490,-1.144232,0,24.807391,0.128362,19.987136
5.704000,24.394645,1.036107,4.279490,-1.154042,0,24.811670,0.127212,19.987136
5.705000,24.398924,1.034948,4.279490,-1.163852,0,24.815950,0.126053,19.987136
5.706000,24.403204,1.033780,4.279490,-1.173662,0,24.820229,0.124885,19.987136
5.707000,24.407483,1.032601,4.279490,-1.183472,0,24.824509,0.123706,19.987136
5.708000,24.411763,1.031413,4.279490,-1.193282,0,24.828788,0.122518,19.987136
5.709000,24.416042,1.030214,4.279490,-1.203092,0,24.833068,0.121320,19.987136
5.710000,24.420322,1.029006,4.279490,-1.212902,0,24.837347,0.120112,19.987136
5.711000,24.424601,1.027789,4.279490,-1.222712,0,24.841627,0.118894,19.987136
5.712000,24.428881,1.026561,4.279490,-1.232522,0,24.845906,0.117666,19.987136
5.713000,24.433160,1.025324,4.279490,-1.242332,0,24.850186,0.116429,19.987136
5.714000,24.437440,1.024076,4.279490,-1.252142,0,24.854465,0.115181,19.987136
5.715000,24.441719,1.022819,4.279490,-1.261952,0,24.858745,0.113924,19.987136
5.716000,24.445999,1.021552,4.279490,-1.271762,0,24.863024,0.112658,19.987136
5.717000,24.450278,1.020276,4.279490,-1.281572,0,24.867304,0.111381,19.987136
5.718000,24.454558,1.018989,4.279490,-1.291382,0,24.871583,0.110094,19.987136
5.719000,24.458837,1.017693,4.279490,-1.301192,0,24.875863,0.108798,19.987136
5.720000,24.463117,1.016387,4.279490,-1.311002,0,24.880142,0.107492,19.987136
5.721000,24.467396,1.015071,4.279490,-1.320812,0,24.884421,0.106176,19.987136
5.722000,24.471676,1.013745,4.279490,-1.330622,0,24.888701,0.104850,19.987136
5.723000,24.475955,1.012410,4.279490,-1.340432,0,24.892980,0.103515,19.987136
5.724000,24.480235,1.011064,4.279490,-1.350242,0,24.897260,0.102170,19.987136
5.725000,24.484514,1.009709,4.279490,-1.360052,0,24.901539,0.100814,19.987136
5.726000,24.488794,1.008344,4.279490,-1.369862,0,24.905819,0.099449,19.987136
5.727000,24.493073,1.006970,4.279490,-1.379672,0,24.910098,0.098075,19.987136
5.728000,24.497353,1.005585,4.279490,-1.389482,0,24.914378,0.096690,19.987136
5.729000,24.501632,1.004191,4.279490,-1.399292,0,24.918657,0.095296,19.987136
5.730000,24.505912,1.002786,4.279490,-1.409102,0,24.922937,0.093892,19.987136
5.731000,24.510191,1.001372,4.279490,-1.418912,0,24.927216,0.092478,19.987136
5.732000,24.514471,0.999949,4.279490,-1.428722,0,24.931496,0.091054,19.987136
5.733000,24.518750,0.998515,4.279490,-1.438532,0,24.935775,0.089620,19.987136
5.734000,24.523030,0.997072,4.279490,-1.448342,0,24.940055,0.088177,19.987136
5.735000,24.527309,0.995618,4.279490,-1.458152,0,24.944334,0.086723,19.987136
5.736000,24.531589,0.994155,4.279490,-1.467962,0,24.948614,0.085260,19.987136
5.737000,24.535868,0.992682,4.279490,-1.477772,0,24.952893,0.083787,19.987136
5.738000,24.540147,0.991200,4.279490,-1.487582,0,24.957173,0.082305,19.987136
5.739000,24.544427,0.989707,4.279490,-1.497392,0,24.961452,0.080812,19.987136
5.740000,24.548706,0.988205,4.279490,-1.507202,0,24.965732,0.079310,19.987136
5.741000,24.552986,0.986693,4.279490,-1.517012,0,24.970011,0.077798,19.987136
5.742000,24.557265,0.985171,4.279490,-1.526822,0,24.974291,0.076276,19.987136
5.743000,24.561545,0.983639,4.279490,-1.536632,0,24.978570,0.074744,19.987136
5.744000,24.565824,0.982098,4.279490,-1.546442,0,24.982850,0.073203,19.987136
5.745000,24.570104,0.980546,4.279490,-1.556252,0,24.987129,0.071651,19.987136
5.746000,24.574383,0.978985,4.279490,-1.566062,0,24.991409,0.070090,19.987136
5.747000,24.578663,0.977414,4.279490,-1.575872,0,24.995688,0.068519,19.987136
5.748000,24.582942,0.975833,4.279490,-1.585682,0,24.999968,0.066938,19.987136
5.749000,24.587222,0.974243,4.279490,-1.595492,0,25.004247,0.065348,19.987136
5.750000,24.591501,0.972642,4.279490,-1.605302,0,25.008527,0.063747,19.987136
5.751000,24.595781,0.971032,4.279490,-1.615112,0,25.012806,0.062137,19.987136
5.752000,24.600060,0.969412,4.279490,-1.624922,0,25.017086,0.060517,19.987136
5.753000,24.604340,0.967782,4.279490,-1.634732,0,25.021365,0.058887,19.987136
5.754000,24.608619,0.966143,4.279490,-1.644542,0,25.025645,0.057248,19.987136
5.755000,24.612899,0.964493,4.279490,-1.654352,0,25.029924,0.055598,19.987136
5.756000,24.617178,0.962834,4.279490,-1.664162,0,25.034204,0.053939,19.987136
5.757000,24.621458,0.961165,4.279490,-1.673972,0,25.038483,0.052270,19.987136
5.758000,24.625737,0.959486,4.279490,-1.683782,0,25.042763,0.050591,19.987136
5.759000,24.630017,0.957797,4.279490,-1.693592,0,25.047042,0.048902,19.987136
5.760000,24.634296,0.956099,4.279490,-1.703402,0,25.051322,0.047204,19.987136
5.761000,24.638576,0.954391,4.279490,-1.713212,0,25.055601,0.045496,19.987136
5.762000,24.642855,0.952672,4.279490,-1.723022,0,25.059881,0.043778,19.987136
5.763000,24.647135,0.950944,4.279490,-1.732832,0,25.064160,0.042050,19.987136
5.764000,24.651414,0.949207,4.279490,-1.742642,0,25.068440,0.040312,19.987136
5.765000,24.655694,0.947459,4.279490,-1.752452,0,25.072719,0.038564,19.987136
5.766000,24.659973,0.945702,4.279490,-1.762262,0,25.076999,0.036807,19.987136
5.767000,24.664253,0.943935,4.279490,-1.772072,0,25.081278,0.035040,19.987136
5.768000,24.668532,0.942158,4.279490,-1.781882,0,25.085558,0.033263,19.987136
5.769000,24.672812,0.940371,4.279490,-1.791692,0,25.089837,0.031476,19.987136
5.770000,24.677091,0.938574,4.279490,-1.801502,0,25.094116,0.029679,19.987136
5.771000,24.681371,0.936768,4.279490,-1.811312,0,25.098396,0.027873,19.987136
5.772000,24.685650,0.934952,4.279490,-1.821122,0,25.102675,0.026057,19.987136
5.773000,24.689930,0.933126,4.279490,-1.830932,0,25.106955,0.024231,19.987136
5.774000,24.694209,0.931290,4.279490,-1.840742,0,25.111234,0.022395,19.987136
5.775000,24.698489,0.929444,4.279490,-1.850552,0,25.115514,0.020549,19.987136
5.776000,24.702768,0.927589,4.279490,-1.860362,0,25.119793,0.018694,19.987136
5.777000,24.707048,0.925723,4.279490,-1.870172,0,25.124073,0.016829,19.987136
5.778000,24.711327,0.923848,4.279490,-1.879982,0,25.128352,0.014953,19.987136
5.779000,24.715607,0.921963,4.279490,-1.889792,0,25.132632,0.013069,19.987136
5.780000,24.719886,0.920069,4.279490,-1.899602,0,25.136911,0.011174,19.987136
5.781000,24.724166,0.918164,4.279490,-1.909412,0,25.141191,0.009269,19.987136
5.782000,24.728445,0.916250,4.279490,-1.919222,0,25.145470,0.007355,19.987136
5.783000,24.732725,0.914326,4.279490,-1.929032,0,25.149750,0.005431,19.987136
5.784000,24.737004,0.912392,4.279490,-1.938842,0,25.154029,0.003497,19.987136
5.785000,24.741284,0.910448,4.279490,-1.948652,0,25.158309,0.001553,19.987136
5.786000,24.745563,0.908495,4.279490,-1.958462,1,25.162405,0.000000,19.987156
5.787000,24.749842,0.906531,4.279305,-1.967868,1,25.162405,0.000000,19.987156
5.788000,24.754122,0.904559,4.278828,-1.976624,1,25.162405,0.000000,19.987156
5.789000,24.758400,0.902578,4.278061,-1.984729,1,25.162405,0.000000,19.987156
5.790000,24.762678,0.900590,4.277011,-1.992181,1,25.162405,0.000000,19.987156
5.791000,24.766954,0.898594,4.275680,-1.998979,1,25.162405,0.000000,19.987156
5.792000,24.771229,0.896592,4.274073,-2.005122,1,25.162405,0.000000,19.987156
5.793000,24.775502,0.894584,4.272196,-2.010610,1,25.162405,0.000000,19.987156
5.794000,24.779773,0.892571,4.270052,-2.015441,1,25.162405,0.000000,19.987156
5.795000,24.784042,0.890553,4.267647,-2.019615,1,25.162405,0.000000,19.987156
5.796000,24.788308,0.888532,4.264986,-2.023132,1,25.162405,0.000000,19.987156
5.797000,24.792572,0.886507,4.262073,-2.025991,1,25.162405,0.000000,19.987156
5.798000,24.796832,0.884480,4.258913,-2.028191,1,25.162405,0.000000,19.987156
5.799000,24.801090,0.882451,4.255512,-2.029734,1,25.162405,0.000000,19.987156
5.800000,24.805343,0.880421,4.251876,-2.030619,1,25.162405,0.000000,19.987156
5.801000,24.809593,0.878390,4.248008,-2.030847,1,25.162405,0.000000,19.987156
5.802000,24.813839,0.876360,4.243916,-2.030417,1,25.162405,0.000000,19.987156
5.803000,24.818081,0.874330,4.239604,-2.029331,1,25.162405,0.000000,19.987156
5.804000,24.822318,0.872301,4.235077,-2.027590,1,25.162405,0.000000,19.987156
5.805000,24.826551,0.870275,4.230343,-2.025194,1,25.162405,0.000000,19.987156
5.806000,24.830779,0.868251,4.225406,-2.022145,1,25.162405,0.000000,19.987156
5.807000,24.835002,0.866231,4.220273,-2.018444,1,25.162405,0.000000,19.987156
5.808000,24.839220,0.864214,4.214949,-2.014092,1,25.162405,0.000000,19.987156
5.809000,24.843432,0.862203,4.209440,-2.009091,1,25.162405,0.000000,19.987156
5.810000,24.847638,0.860196,4.203752,-2.003443,1,25.162405,0.000000,19.987156
5.811000,24.851839,0.858196,4.197892,-1.997150,1,25.162405,0.000000,19.987156
5.812000,24.856034,0.856202,4.191866,-1.990213,1,25.162405,0.000000,19.987156
5.813000,24.860223,0.854216,4.185680,-1.982636,1,25.162405,0.000000,19.987156
5.814000,24.864405,0.852237,4.179341,-1.974420,1,25.162405,0.000000,19.987156
5.815000,24.868581,0.850267,4.172854,-1.965569,1,25.162405,0.000000,19.987156
5.816000,24.872751,0.848306,4.166227,-1.956085,1,25.162405,0.000000,19.987156
5.817000,24.876914,0.846355,4.159465,-1.945971,1,25.162405,0.000000,19.987156
5.818000,24.881070,0.844415,4.152576,-1.935231,1,25.162405,0.000000,19.987156
5.819000,24.885219,0.842485,4.145565,-1.923866,1,25.162405,0.000000,19.987156
5.820000,24.889361,0.840567,4.138441,-1.911882,1,25.162405,0.000000,19.987156
5.821000,24.893496,0.838661,4.131208,-1.899282,1,25.162405,0.000000,19.987156
5.822000,24.897623,0.836769,4.123875,-1.886069,1,25.162405,0.000000,19.987156
5.823000,24.901744,0.834889,4.116447,-1.872248,1,25.162405,0.000000,19.987156
5.824000,24.905856,0.833024,4.108932,-1.857823,1,25.162405,0.000000,19.987156
5.825000,24.909961,0.831174,4.101337,-1.842798,1,25.162405,0.000000,19.987156
5.826000,24.914059,0.829339,4.093668,-1.827178,1,25.162405,0.000000,19.987156
5.827000,24.918149,0.827520,4.085931,-1.810967,1,25.162405,0.000000,19.987156
5.828000,24.922231,0.825717,4.078135,-1.794170,1,25.162405,0.000000,19.987156
5.829000,24.926305,0.823932,4.070286,-1.776793,1,25.162405,0.000000,19.987156
5.830000,24.930371,0.822164,4.062391,-1.758840,1,25.162405,0.000000,19.987156
5.831000,24.934430,0.820414,4.054457,-1.740318,1,25.162405,0.000000,19.987156
5.832000,24.938480,0.818683,4.046490,-1.721231,1,25.162405,0.000000,19.987156
5.833000,24.942523,0.816972,4.038498,-1.701585,1,25.162405,0.000000,19.987156
5.834000,24.946557,0.815280,4.030488,-1.681387,1,25.162405,0.000000,19.987156
5.835000,24.950584,0.813609,4.022466,-1.660642,1,25.162405,0.000000,19.987156
5.836000,24.954602,0.811959,4.014439,-1.639356,1,25.162405,0.000000,19.987156
5.837000,24.958613,0.810331,4.006414,-1.617537,1,25.162405,0.000000,19.987156
5.838000,24.962615,0.808724,3.998399,-1.595190,1,25.162405,0.000000,19.987156
5.839000,24.966609,0.807141,3.990399,-1.572323,1,25.162405,0.000000,19.987156
5.840000,24.970596,0.805580,3.982422,-1.548943,1,25.162405,0.000000,19.987156
5.841000,24.974574,0.804043,3.974475,-1.525056,1,25.162405,0.000000,19.987156
5.842000,24.978545,0.802530,3.966564,-1.500669,1,25.162405,0.000000,19.987156
5.843000,24.982507,0.801042,3.958695,-1.475792,1,25.162405,0.000000,19.987156
5.844000,24.986462,0.799579,3.950876,-1.450430,1,25.162405,0.000000,19.987156
5.845000,24.990409,0.798141,3.943113,-1.424591,1,25.162405,0.000000,19.987156
5.846000,24.994348,0.796730,3.935413,-1.398285,1,25.162405,0.000000,19.987156
5.847000,24.998280,0.795345,3.927782,-1.371518,1,25.162405,0.000000,19.987156
5.848000,25.002204,0.793987,3.920225,-1.344299,1,25.162405,0.000000,19.987156
5.849000,25.006120,0.792656,3.912751,-1.316637,1,25.162405,0.000000,19.987156
5.850000,25.010030,0.791353,3.905365,-1.288540,1,25.162405,0.000000,19.987156
5.851000,25.013931,0.790079,3.898073,-1.260017,1,25.162405,0.000000,19.987156
5.852000,25.017826,0.788834,3.890880,-1.231076,1,25.162405,0.000000,19.987156
5.853000,25.021713,0.787617,3.883794,-1.201727,1,25.162405,0.000000,19.987156
5.854000,25.025593,0.786430,3.876821,-1.171979,1,25.162405,0.000000,19.987156
5.855000,25.029467,0.785273,3.869965,-1.141841,1,25.162405,0.000000,19.987156
5.856000,25.033333,0.784147,3.863232,-1.111323,1,25.162405,0.000000,19.987156
5.857000,25.037193,0.783051,3.856629,-1.080434,1,25.162405,0.000000,19.987156
5.858000,25.041047,0.781986,3.850160,-1.049184,1,25.162405,0.000000,19.987156
5.859000,25.044894,0.780953,3.843831,-1.017583,1,25.162405,0.000000,19.987156
5.860000,25.048734,0.779951,3.837648,-0.985641,1,25.162405,0.000000,19.987156
5.861000,25.052569,0.778981,3.831614,-0.953368,1,25.162405,0.000000,19.987156
5.862000,25.056398,0.778044,3.825736,-0.920775,1,25.162405,0.000000,19.987156
5.863000,25.060220,0.777140,3.820018,-0.887871,1,25.162405,0.000000,19.987156
5.864000,25.064038,0.776269,3.814465,-0.854668,1,25.162405,0.000000,19.987156
5.865000,25.067849,0.775431,3.809082,-0.821176,1,25.162405,0.000000,19.987156
5.866000,25.071656,0.774626,3.803872,-0.787405,1,25.162405,0.000000,19.987156
5.867000,25.075457,0.773856,3.798840,-0.753367,1,25.162405,0.000000,19.987156
5.868000,25.079254,0.773120,3.793991,-0.719072,1,25.162405,0.000000,19.987156
5.869000,25.083045,0.772418,3.789328,-0.684532,1,25.162405,0.000000,19.987156
5.870000,25.086832,0.771751,3.784854,-0.649758,1,25.162405,0.000000,19.987156
5.871000,25.090615,0.771118,3.780575,-0.614760,1,25.162405,0.000000,19.987156
5.872000,25.094394,0.770521,3.776493,-0.579551,1,25.162405,0.000000,19.987156
5.873000,25.098168,0.769959,3.772611,-0.544142,1,25.162405,0.000000,19.987156
5.874000,25.101939,0.769433,3.768932,-0.508544,1,25.162405,0.000000,19.987156
5.875000,25.105706,0.768942,3.765461,-0.472768,1,25.162405,0.000000,19.987156
5.876000,25.109470,0.768488,3.762198,-0.436828,1,25.162405,0.000000,19.987156
5.877000,25.113230,0.768069,3.759148,-0.400733,1,25.162405,0.000000,19.987156
5.878000,25.116988,0.767686,3.756312,-0.364496,1,25.162405,0.000000,19.987156
5.879000,25.120743,0.767340,3.753692,-0.328130,1,25.162405,0.000000,19.987156
5.880000,25.124496,0.767030,3.751292,-0.291644,1,25.162405,0.000000,19.987156
5.881000,25.128246,0.766757,3.749111,-0.255053,1,25.162405,0.000000,19.987156
5.882000,25.131994,0.766520,3.747153,-0.218367,1,25.162405,0.000000,19.987156
5.883000,25.135740,0.766320,3.745419,-0.181600,1,25.162405,0.000000,19.987156
5.884000,25.139485,0.766157,3.743910,-0.144761,1,25.162405,0.000000,19.987156
5.885000,25.143228,0.766030,3.742627,-0.107865,1,25.162405,0.000000,19.987156
5.886000,25.146970,0.765941,3.741570,-0.070923,1,25.162405,0.000000,19.987156
5.887000,25.150711,0.765889,3.740742,-0.033947,1,25.162405,0.000000,19.987156
5.888000,25.154452,0.765873,3.740141,0.003051,1,25.162405,0.000000,19.987156
5.889000,25.158192,0.765895,3.739770,0.040058,1,25.162405,0.000000,19.987156
5.890000,25.161931,0.765953,3.739626,0.077063,1,25.162405,0.000000,19.987156
5.891000,25.165671,0.766049,3.739712,0.114053,1,25.162405,0.000000,19.987156
5.892000,25.169411,0.766181,3.740025,0.151016,1,25.162405,0.000000,19.987156
5.893000,25.173151,0.766351,3.740567,0.187940,1,25.162405,0.000000,19.987156
5.894000,25.176892,0.766557,3.741335,0.224812,1,25.162405,0.000000,19.987156
5.895000,25.180634,0.766800,3.742330,0.261621,1,25.162405,0.000000,19.987156
5.896000,25.184377,0.767080,3.743549,0.298355,1,25.162405,0.000000,19.987156
5.897000,25.188121,0.767397,3.744993,0.335001,1,25.162405,0.000000,19.987156
5.898000,25.191867,0.767750,3.746659,0.371548,1,25.162405,0.000000,19.987156
5.899000,25.195614,0.768140,3.748546,0.407983,1,25.162405,0.000000,19.987156
5.900000,25.199364,0.768566,3.750652,0.444294,1,25.162405,0.000000,19.987156
5.901000,25.203116,0.769029,3.752975,0.480471,1,25.162405,0.000000,19.987156
5.902000,25.206870,0.769527,3.755513,0.516500,1,25.162405,0.000000,19.987156
5.903000,25.210627,0.770062,3.758263,0.552370,1,25.162405,0.000000,19.987156
5.904000,25.214387,0.770632,3.761223,0.588069,1,25.162405,0.000000,19.987156
5.905000,25.218149,0.771238,3.764389,0.623586,1,25.162405,0.000000,19.987156
5.906000,25.221916,0.771879,3.767760,0.658909,1,25.162405,0.000000,19.987156
5.907000,25.225685,0.772555,3.771332,0.694027,1,25.162405,0.000000,19.987156
5.908000,25.229458,0.773267,3.775102,0.728928,1,25.162405,0.000000,19.987156
5.909000,25.233235,0.774013,3.779066,0.763601,1,25.162405,0.000000,19.987156
5.910000,25.237016,0.774794,3.783220,0.798035,1,25.162405,0.000000,19.987156
5.911000,25.240802,0.775609,3.787562,0.832218,1,25.162405,0.000000,19.987156
5.912000,25.244592,0.776458,3.792087,0.866140,1,25.162405,0.000000,19.987156
5.913000,25.248386,0.777341,3.796790,0.899789,1,25.162405,0.000000,19.987156
5.914000,25.252185,0.778258,3.801668,0.933155,1,25.162405,0.000000,19.987156
5.915000,25.255989,0.779208,3.806717,0.966227,1,25.162405,0.000000,19.987156
5.916000,25.259799,0.780190,3.811931,0.998994,1,25.162405,0.000000,19.987156
5.917000,25.263613,0.781206,3.817306,1.031447,1,25.162405,0.000000,19.987156
5.918000,25.267433,0.782253,3.822838,1.063573,1,25.162405,0.000000,19.987156
5.919000,25.271259,0.783333,3.828521,1.095365,1,25.162405,0.000000,19.987156
5.920000,25.275091,0.784444,3.834351,1.126810,1,25.162405,0.000000,19.987156
5.921000,25.278928,0.785586,3.840322,1.157899,1,25.162405,0.000000,19.987156
5.922000,25.282771,0.786759,3.846428,1.188623,1,25.162405,0.000000,19.987156
5.923000,25.286621,0.787963,3.852665,1.218972,1,25.162405,0.000000,19.987156
5.924000,25.290477,0.789197,3.859028,1.248935,1,25.162405,0.000000,19.987156
5.925000,25.294339,0.790461,3.865509,1.278505,1,25.162405,0.000000,19.987156
5.926000,25.298208,0.791754,3.872104,1.307670,1,25.162405,0.000000,19.987156
5.927000,25.302083,0.793076,3.878807,1.336423,1,25.162405,0.000000,19.987156
5.928000,25.305965,0.794427,3.885612,1.364754,1,25.162405,0.000000,19.987156
5.929000,25.309854,0.795805,3.892513,1.392654,1,25.162405,0.000000,19.987156
5.930000,25.313750,0.797212,3.899503,1.420114,1,25.162405,0.000000,19.987156
5.931000,25.317653,0.798646,3.906577,1.447127,1,25.162405,0.000000,19.987156
5.932000,25.321564,0.800106,3.913729,1.473684,1,25.162405,0.000000,19.987156
5.933000,25.325481,0.801593,3.920951,1.499775,1,25.162405,0.000000,19.987156
5.934000,25.329405,0.803105,3.928239,1.525395,1,25.162405,0.000000,19.987156
5.935000,25.333337,0.804643,3.935585,1.550533,1,25.162405,0.000000,19.987156
5.936000,25.337277,0.806206,3.942982,1.575184,1,25.162405,0.000000,19.987156
5.937000,25.341223,0.807794,3.950425,1.599338,1,25.162405,0.000000,19.987156
5.938000,25.345177,0.809405,3.957906,1.622989,1,25.162405,0.000000,19.987156
5.939000,25.349139,0.811039,3.965420,1.646130,1,25.162405,0.000000,19.987156
5.940000,25.353108,0.812697,3.972958,1.668753,1,25.162405,0.000000,19.987156
5.941000,25.357085,0.814377,3.980516,1.690851,1,25.162405,0.000000,19.987156
5.942000,25.361069,0.816078,3.988085,1.712418,1,25.162405,0.000000,19.987156
5.943000,25.365061,0.817801,3.995660,1.733447,1,25.162405,0.000000,19.987156
5.944000,25.369061,0.819545,4.003233,1.753932,1,25.162405,0.000000,19.987156
5.945000,25.373068,0.821309,4.010798,1.773866,1,25.162405,0.000000,19.987156
5.946000,25.377082,0.823093,4.018347,1.793244,1,25.162405,0.000000,19.987156
5.947000,25.381104,0.824895,4.025874,1.812059,1,25.162405,0.000000,19.987156
5.948000,25.385134,0.826717,4.033373,1.830306,1,25.162405,0.000000,19.987156
5.949000,25.389171,0.828556,4.040836,1.847979,1,25.162405,0.000000,19.987156
5.950000,25.393216,0.830412,4.048256,1.865073,1,25.162405,0.000000,19.987156
5.951000,25.397268,0.832286,4.055627,1.881582,1,25.162405,0.000000,19.987156
5.952000,25.401327,0.834175,4.062943,1.897503,1,25.162405,0.000000,19.987156
5.953000,25.405393,0.836081,4.070195,1.912829,1,25.162405,0.000000,19.987156
5.954000,25.409467,0.838001,4.077377,1.927556,1,25.162405,0.000000,19.987156
5.955000,25.413548,0.839935,4.084483,1.941680,1,25.162405,0.000000,19.987156
5.956000,25.417636,0.841884,4.091506,1.955196,1,25.162405,0.000000,19.987156
5.957000,25.421731,0.843846,4.098439,1.968100,1,25.162405,0.000000,19.987156
5.958000,25.425833,0.845820,4.105276,1.980388,1,25.162405,0.000000,19.987156
5.959000,25.429942,0.847806,4.112009,1.992057,1,25.162405,0.000000,19.987156
5.960000,25.434057,0.849804,4.118633,2.003103,1,25.162405,0.000000,19.987156
5.961000,25.438179,0.851812,4.125141,2.013521,1,25.162405,0.000000,19.987156
5.962000,25.442307,0.853831,4.131526,2.023310,1,25.162405,0.000000,19.987156
5.963000,25.446442,0.855859,4.137781,2.032465,1,25.162405,0.000000,19.987156
5.964000,25.450583,0.857895,4.143901,2.040985,1,25.162405,0.000000,19.987156
5.965000,25.454730,0.859940,4.149879,2.048865,1,25.162405,0.000000,19.987156
5.966000,25.458883,0.861993,4.155708,2.056104,1,25.162405,0.000000,19.987156
5.967000,25.463041,0.864052,4.161383,2.062699,1,25.162405,0.000000,19.987156
5.968000,25.467205,0.866118,4.166898,2.068648,1,25.162405,0.000000,19.987156
5.969000,25.471375,0.868189,4.172245,2.073949,1,25.162405,0.000000,19.987156
5.970000,25.475550,0.870266,4.177419,2.078599,1,25.162405,0.000000,19.987156
5.971000,25.479730,0.872346,4.182415,2.082597,1,25.162405,0.000000,19.987156
5.972000,25.483914,0.874431,4.187226,2.085942,1,25.162405,0.000000,19.987156
5.973000,25.488104,0.876518,4.191846,2.088632,1,25.162405,0.000000,19.987156
5.974000,25.492298,0.878608,4.196270,2.090666,1,25.162405,0.000000,19.987156
5.975000,25.496496,0.880699,4.200491,2.092042,1,25.162405,0.000000,19.987156
5.976000,25.500699,0.882792,4.204505,2.092760,1,25.162405,0.000000,19.987156
5.977000,25.504905,0.884885,4.208306,2.092819,1,25.162405,0.000000,19.987156
5.978000,25.509116,0.886977,4.211888,2.092218,1,25.162405,0.000000,19.987156
5.979000,25.513329,0.889069,4.215246,2.090958,1,25.162405,0.000000,19.987156
5.980000,25.517546,0.891159,4.218374,2.089036,1,25.162405,0.000000,19.987156
5.981000,25.521766,0.893247,4.221269,2.086455,1,25.162405,0.000000,19.987156
5.982000,25.525988,0.895331,4.223923,2.083212,1,25.162405,0.000000,19.987156
5.983000,25.530214,0.897413,4.226333,2.079310,1,25.162405,0.000000,19.987156
5.984000,25.534441,0.899490,4.228493,2.074747,1,25.162405,0.000000,19.987156
5.985000,25.538670,0.901562,4.230399,2.069525,1,25.162405,0.000000,19.987156
5.986000,25.542902,0.903629,4.232046,2.063644,1,25.162405,0.000000,19.987156
5.987000,25.547134,0.905689,4.233429,2.057105,1,25.162405,0.000000,19.987156
5.988000,25.551368,0.907743,4.234544,2.049908,1,25.162405,0.000000,19.987156
5.989000,25.555603,0.909789,4.235386,2.042056,1,25.162405,0.000000,19.987156
5.990000,25.559839,0.911827,4.235952,2.033549,1,25.162405,0.000000,19.987156
5.991000,25.564075,0.913856,4.236236,2.024388,1,25.162405,0.000000,19.987156
5.992000,25.568311,0.915875,4.236234,2.014576,0,25.985337,0.006980,19.986834
5.993000,25.572548,0.917885,4.236234,2.004766,0,25.989573,0.008990,19.986834
5.994000,25.576784,0.919885,4.236234,1.994956,0,25.993809,0.010990,19.986834
5.995000,25.581020,0.921875,4.236234,1.985146,0,25.998046,0.012980,19.986834
5.996000,25.585256,0.923855,4.236234,1.975336,0,26.002282,0.014960,19.986834
5.997000,25.589493,0.925825,4.236234,1.965526,0,26.006518,0.016931,19.986834
5.998000,25.593729,0.927786,4.236234,1.955716,0,26.010754,0.018891,19.986834
5.999000,25.597965,0.929737,4.236234,1.945906,0,26.014990,0.020842,19.986834
6.000000,25.602201,0.931678,4.236234,1.936096,0,26.019227,0.022783,19.986834
6.001000,25.606438,0.933609,4.236234,1.926286,0,26.023463,0.024714,19.986834
6.002000,25.610674,0.935530,4.236234,1.916476,0,26.027699,0.026636,19.986834
6.003000,25.614910,0.937442,4.236234,1.906666,0,26.031935,0.028547,19.986834
6.004000,25.619146,0.939344,4.236234,1.896856,0,26.036172,0.030449,19.986834
6.005000,25.623383,0.941236,4.236234,1.887046,0,26.040408,0.032341,19.986834
6.006000,25.627619,0.943118,4.236234,1.877236,0,26.044644,0.034223,19.986834
6.007000,25.631855,0.944990,4.236234,1.867426,0,26.048880,0.036095,19.986834
6.008000,25.636091,0.946853,4.236234,1.857616,0,26.053117,0.037958,19.986834
6.009000,25.640327,0.948705,4.236234,1.847806,0,26.057353,0.039811,19.986834
6.010000,25.644564,0.950548,4.236234,1.837996,0,26.061589,0.041653,19.986834
6.011000,25.648800,0.952381,4.236234,1.828186,0,26.065825,0.043487,19.986834
6.012000,25.653036,0.954205,4.236234,1.818376,0,26.070061,0.045310,19.986834
6.013000,25.657272,0.956018,4.236234,1.808566,0,26.074298,0.047123,19.986834
6.014000,25.661509,0.957822,4.236234,1.798756,0,26.078534,0.048927,19.986834
6.015000,25.665745,0.959616,4.236234,1.788946,0,26.082770,0.050721,19.986834
6.016000,25.669981,0.961400,4.236234,1.779136,0,26.087006,0.052505,19.986834
6.017000,25.674217,0.963174,4.236234,1.769326,0,26.091243,0.054279,19.986834
6.018000,25.678454,0.964938,4.236234,1.759516,0,26.095479,0.056043,19.986834
6.019000,25.682690,0.966693,4.236234,1.749706,0,26.099715,0.057798,19.986834
6.020000,25.686926,0.968438,4.236234,1.739896,0,26.103951,0.059543,19.986834
6.021000,25.691162,0.970173,4.236234,1.730086,0,26.108188,0.061278,19.986834
6.022000,25.695399,0.971898,4.236234,1.720276,0,26.112424,0.063003,19.986834
6.023000,25.699635,0.973613,4.236234,1.710466,0,26.116660,0.064718,19.986834
6.024000,25.703871,0.975319,4.236234,1.700656,0,26.120896,0.066424,19.986834
6.025000,25.708107,0.977015,4.236234,1.690846,0,26.125133,0.068120,19.986834
6.026000,25.712343,0.978701,4.236234,1.681036,0,26.129369,0.069806,19.986834
6.027000,25.716580,0.980377,4.236234,1.671226,0,26.133605,0.071482,19.986834
6.028000,25.720816,0.982043,4.236234,1.661416,0,26.137841,0.073148,19.986834
6.029000,25.725052,0.983700,4.236234,1.651606,0,26.142077,0.074805,19.986834
6.030000,25.729288,0.985346,4.236234,1.641796,0,26.146314,0.076451,19.986834
6.031000,25.733525,0.986983,4.236234,1.631986,0,26.150550,0.078088,19.986834
6.032000,25.737761,0.988610,4.236234,1.622176,0,26.154786,0.079715,19.986834
6.033000,25.741997,0.990227,4.236234,1.612366,0,26.159022,0.081333,19.986834
6.034000,25.746233,0.991835,4.236234,1.602556,0,26.163259,0.082940,19.986834
6.035000,25.750470,0.993433,4.236234,1.592746,0,26.167495,0.084538,19.986834
6.036000,25.754706,0.995020,4.236234,1.582936,0,26.171731,0.086126,19.986834
6.037000,25.758942,0.996598,4.236234,1.573126,0,26.175967,0.087704,19.986834
6.038000,25.763178,0.998167,4.236234,1.563316,0,26.180204,0.089272,19.986834
6.039000,25.767415,0.999725,4.236234,1.553506,0,26.184440,0.090830,19.986834
6.040000,25.771651,1.001274,4.236234,1.543696,0,26.188676,0.092379,19.986834
6.041000,25.775887,1.002812,4.236234,1.533886,0,26.192912,0.093918,19.986834
6.042000,25.780123,1.004341,4.236234,1.524076,0,26.197149,0.095447,19.986834
6.043000,25.784359,1.005861,4.236234,1.514266,0,26.201385,0.096966,19.986834
6.044000,25.788596,1.007370,4.236234,1.504456,0,26.205621,0.098475,19.986834
6.045000,25.792832,1.008870,4.236234,1.494646,0,26.209857,0.099975,19.986834
6.046000,25.797068,1.010359,4.236234,1.484836,0,26.214093,0.101464,19.986834
6.047000,25.801304,1.011839,4.236234,1.475026,0,26.218330,0.102944,19.986834
6.048000,25.805541,1.013309,4.236234,1.465216,0,26.222566,0.104414,19.986834
6.049000,25.809777,1.014770,4.236234,1.455406,0,26.226802,0.105875,19.986834
6.050000,25.814013,1.016220,4.236234,1.445596,0,26.231038,0.107325,19.986834
6.051000,25.818249,1.017661,4.236234,1.435786,0,26.235275,0.108766,19.986834
6.052000,25.822486,1.019092,4.236234,1.425976,0,26.239511,0.110197,19.986834
6.053000,25.826722,1.020513,4.236234,1.416166,0,26.243747,0.111618,19.986834
6.054000,25.830958,1.021924,4.236234,1.406356,0,26.247983,0.113029,19.986834
6.055000,25.835194,1.023325,4.236234,1.396546,0,26.252220,0.114431,19.986834
6.056000,25.839430,1.024717,4.236234,1.386736,0,26.256456,0.115822,19.986834
6.057000,25.843667,1.026099,4.236234,1.376926,0,26.260692,0.117204,19.986834
6.058000,25.847903,1.027471,4.236234,1.367116,0,26.264928,0.118576,19.986834
6.059000,25.852139,1.028833,4.236234,1.357306,0,26.269165,0.119938,19.986834
6.060000,25.856375,1.030186,4.236234,1.347496,0,26.273401,0.121291,19.986834
6.061000,25.860612,1.031528,4.236234,1.337686,0,26.277637,0.122633,19.986834
6.062000,25.864848,1.032861,4.236234,1.327876,0,26.281873,0.123966,19.986834
6.063000,25.869084,1.034184,4.236234,1.318066,0,26.286109,0.125289,19.986834
6.064000,25.873320,1.035497,4.236234,1.308256,0,26.290346,0.126602,19.986834
6.065000,25.877557,1.036800,4.236234,1.298446,0,26.294582,0.127906,19.986834
6.066000,25.881793,1.038094,4.236234,1.288636,0,26.298818,0.129199,19.986834
6.067000,25.886029,1.039378,4.236234,1.278826,0,26.303054,0.130483,19.986834
6.068000,25.890265,1.040652,4.236234,1.269016,0,26.307291,0.131757,19.986834
6.069000,25.894502,1.041916,4.236234,1.259206,0,26.311527,0.133021,19.986834
6.070000,25.898738,1.043170,4.236234,1.249396,0,26.315763,0.134275,19.986834
6.071000,25.902974,1.044415,4.236234,1.239586,0,26.319999,0.135520,19.986834
6.072000,25.907210,1.045649,4.236234,1.229776,0,26.324236,0.136754,19.986834
6.073000,25.911446,1.046874,4.236234,1.219966,0,26.328472,0.137979,19.986834
6.074000,25.915683,1.048089,4.236234,1.210156,0,26.332708,0.139194,19.986834
6.075000,25.919919,1.049294,4.236234,1.200346,0,26.336944,0.140400,19.986834
6.076000,25.924155,1.050490,4.236234,1.190536,0,26.341180,0.141595,19.986834
6.077000,25.928391,1.051675,4.236234,1.180726,0,26.345417,0.142781,19.986834
6.078000,25.932628,1.052851,4.236234,1.170916,0,26.349653,0.143956,19.986834
6.079000,25.936864,1.054017,4.236234,1.161106,0,26.353889,0.145122,19.986834
6.080000,25.941100,1.055174,4.236234,1.151296,0,26.358125,0.146279,19.986834
6.081000,25.945336,1.056320,4.236234,1.141486,0,26.362362,0.147425,19.986834
6.082000,25.949573,1.057456,4.236234,1.131676,0,26.366598,0.148562,19.986834
6.083000,25.953809,1.058583,4.236234,1.121866,0,26.370834,0.149688,19.986834
6.084000,25.958045,1.059700,4.236234,1.112056,0,26.375070,0.150805,19.986834
6.085000,25.962281,1.060807,4.236234,1.102246,0,26.379307,0.151913,19.986834
6.086000,25.966518,1.061905,4.236234,1.092436,0,26.383543,0.153010,19.986834
6.087000,25.970754,1.062992,4.236234,1.082626,0,26.387779,0.154097,19.986834
6.088000,25.974990,1.064070,4.236234,1.072816,0,26.392015,0.155175,19.986834
6.089000,25.979226,1.065138,4.236234,1.063006,0,26.396252,0.156243,19.986834
6.090000,25.983462,1.066196,4.236234,1.053196,0,26.400488,0.157301,19.986834
6.091000,25.987699,1.067244,4.236234,1.043386,0,26.404724,0.158349,19.986834
6.092000,25.991935,1.068283,4.236234,1.033576,0,26.408960,0.159388,19.986834
6.093000,25.996171,1.069311,4.236234,1.023766,0,26.413196,0.160417,19.986834
6.094000,26.000407,1.070330,4.236234,1.013956,0,26.417433,0.161435,19.986834
6.095000,26.004644,1.071339,4.236234,1.004146,0,26.421669,0.162444,19.986834
6.096000,26.008880,1.072339,4.236234,0.994336,0,26.425905,0.163444,19.986834
6.097000,26.013116,1.073328,4.236234,0.984526,0,26.430141,0.164433,19.986834
6.098000,26.017352,1.074308,4.236234,0.974716,0,26.434378,0.165413,19.986834
6.099000,26.021589,1.075277,4.236234,0.964906,0,26.438614,0.166383,19.986834
6.100000,26.025825,1.076237,4.236234,0.955096,0,26.442850,0.167343,19.986834
6.101000,26.030061,1.077188,4.236234,0.945286,0,26.447086,0.168293,19.986834
6.102000,26.034297,1.078128,4.236234,0.935476,0,26.451323,0.169233,19.986834
6.103000,26.038534,1.079059,4.236234,0.925666,0,26.455559,0.170164,19.986834
6.104000,26.042770,1.079979,4.236234,0.915856,0,26.459795,0.171084,19.986834
6.105000,26.047006,1.080890,4.236234,0.906046,0,26.464031,0.171995,19.986834
6.106000,26.051242,1.081791,4.236234,0.896236,0,26.468268,0.172897,19.986834
6.107000,26.055478,1.082683,4.236234,0.886426,0,26.472504,0.173788,19.986834
6.108000,26.059715,1.083564,4.236234,0.876616,0,26.476740,0.174669,19.986834
6.109000,26.063951,1.084436,4.236234,0.866806,0,26.480976,0.175541,19.986834
6.110000,26.068187,1.085298,4.236234,0.856996,0,26.485212,0.176403,19.986834
6.111000,26.072423,1.086150,4.236234,0.847186,0,26.489449,0.177255,19.986834
6.112000,26.076660,1.086992,4.236234,0.837376,0,26.493685,0.178097,19.986834
6.113000,26.080896,1.087825,4.236234,0.827566,0,26.497921,0.178930,19.986834
6.114000,26.085132,1.088647,4.236234,0.817756,0,26.502157,0.179753,19.986834
6.115000,26.089368,1.089460,4.236234,0.807946,0,26.506394,0.180565,19.986834
6.116000,26.093605,1.090263,4.236234,0.798136,0,26.510630,0.181368,19.986834
6.117000,26.097841,1.091057,4.236234,0.788326,0,26.514866,0.182162,19.986834
6.118000,26.102077,1.091840,4.236234,0.778516,0,26.519102,0.182945,19.986834
6.119000,26.106313,1.092614,4.236234,0.768706,0,26.523339,0.183719,19.986834
6.120000,26.110549,1.093377,4.236234,0.758896,0,26.527575,0.184482,19.986834
6.121000,26.114786,1.094131,4.236234,0.749086,0,26.531811,0.185236,19.986834
6.122000,26.119022,1.094876,4.236234,0.739276,0,26.536047,0.185981,19.986834
6.123000,26.123258,1.095610,4.236234,0.729466,0,26.540284,0.186715,19.986834
6.124000,26.127494,1.096334,4.236234,0.719656,0,26.544520,0.187440,19.986834
6.125000,26.131731,1.097049,4.236234,0.709846,0,26.548756,0.188154,19.986834
6.126000,26.135967,1.097754,4.236234,0.700036,0,26.552992,0.188859,19.986834
6.127000,26.140203,1.098449,4.236234,0.690226,0,26.557228,0.189554,19.986834
6.128000,26.144439,1.099135,4.236234,0.680416,0,26.561465,0.190240,19.986834
6.129000,26.148676,1.099810,4.236234,0.670606,0,26.565701,0.190915,19.986834
6.130000,26.152912,1.100476,4.236234,0.660796,0,26.569937,0.191581,19.986834
6.131000,26.157148,1.101132,4.236234,0.650986,0,26.574173,0.192237,19.986834
6.132000,26.161384,1.101778,4.236234,0.641176,0,26.578410,0.192883,19.986834
6.133000,26.165621,1.102414,4.236234,0.631366,0,26.582646,0.193519,19.986834
6.134000,26.169857,1.103041,4.236234,0.621556,0,26.586882,0.194146,19.986834
6.135000,26.174093,1.103657,4.236234,0.611746,0,26.591118,0.194762,19.986834
6.136000,26.178329,1.104264,4.236234,0.601936,0,26.595355,0.195369,19.986834
6.137000,26.182565,1.104861,4.236234,0.592126,0,26.599591,0.195966,19.986834
6.138000,26.186802,1.105448,4.236234,0.582316,0,26.603827,0.196553,19.986834
6.139000,26.191038,1.106026,4.236234,0.572506,0,26.608063,0.197131,19.986834
6.140000,26.195274,1.106593,4.236234,0.562696,0,26.612299,0.197698,19.986834
6.141000,26.199510,1.107151,4.236234,0.552886,0,26.616536,0.198256,19.986834
6.142000,26.203747,1.107699,4.236234,0.543076,0,26.620772,0.198804,19.986834
6.143000,26.207983,1.108237,4.236234,0.533266,0,26.625008,0.199342,19.986834
6.144000,26.212219,1.108766,4.236234,0.523456,0,26.629244,0.199871,19.986834
6.145000,26.216455,1.109284,4.236234,0.513646,0,26.633481,0.200389,19.986834
6.146000,26.220692,1.109793,4.236234,0.503836,0,26.637717,0.200898,19.986834
6.147000,26.224928,1.110292,4.236234,0.494026,0,26.641953,0.201397,19.986834
6.148000,26.229164,1.110781,4.236234,0.484216,0,26.646189,0.201886,19.986834
6.149000,26.233400,1.111260,4.236234,0.474406,0,26.650426,0.202365,19.986834
6.150000,26.237637,1.111730,4.236234,0.464596,0,26.654662,0.202835,19.986834
6.151000,26.241873,1.112189,4.236234,0.454786,0,26.658898,0.203295,19.986834
6.152000,26.246109,1.112639,4.236234,0.444976,0,26.663134,0.203744,19.986834
6.153000,26.250345,1.113079,4.236234,0.435166,0,26.667371,0.204185,19.986834
6.154000,26.254581,1.113510,4.236234,0.425356,0,26.671607,0.204615,19.986834
6.155000,26.258818,1.113930,4.236234,0.415546,0,26.675843,0.205035,19.986834
6.156000,26.263054,1.114341,4.236234,0.405736,0,26.680079,0.205446,19.986834
6.157000,26.267290,1.114742,4.236234,0.395926,0,26.684315,0.205847,19.986834
6.158000,26.271526,1.115133,4.236234,0.386116,0,26.688552,0.206238,19.986834
6.159000,26.275763,1.115514,4.236234,0.376306,0,26.692788,0.206619,19.986834
6.160000,26.279999,1.115885,4.236234,0.366496,0,26.697024,0.206990,19.986834
6.161000,26.284235,1.116247,4.236234,0.356686,0,26.701260,0.207352,19.986834
6.162000,26.288471,1.116599,4.236234,0.346876,0,26.705497,0.207704,19.986834
6.163000,26.292708,1.116941,4.236234,0.337066,0,26.709733,0.208046,19.986834
6.164000,26.296944,1.117273,4.236234,0.327256,0,26.713969,0.208378,19.986834
6.165000,26.301180,1.117595,4.236234,0.317446,0,26.718205,0.208700,19.986834
6.166000,26.305416,1.117908,4.236234,0.307636,0,26.722442,0.209013,19.986834
6.167000,26.309653,1.118210,4.236234,0.297826,0,26.726678,0.209315,19.986834
6.168000,26.313889,1.118503,4.236234,0.288016,0,26.730914,0.209608,19.986834
6.169000,26.318125,1.118786,4.236234,0.278206,0,26.735150,0.209891,19.986834
6.170000,26.322361,1.119060,4.236234,0.268396,0,26.739387,0.210165,19.986834
6.171000,26.326597,1.119323,4.236234,0.258586,0,26.743623,0.210428,19.986834
6.172000,26.330834,1.119577,4.236234,0.248776,0,26.747859,0.210682,19.986834
6.173000,26.335070,1.119821,4.236234,0.238966,0,26.752095,0.210926,19.986834
6.174000,26.339306,1.120055,4.236234,0.229156,0,26.756331,0.211160,19.986834
6.175000,26.343542,1.120279,4.236234,0.219346,0,26.760568,0.211384,19.986834
6.176000,26.347779,1.120493,4.236234,0.209536,0,26.764804,0.211599,19.986834
6.177000,26.352015,1.120698,4.236234,0.199726,0,26.769040,0.211803,19.986834
6.178000,26.356251,1.120893,4.236234,0.189916,0,26.773276,0.211998,19.986834
6.179000,26.360487,1.121078,4.236234,0.180106,0,26.777513,0.212183,19.986834
6.180000,26.364724,1.121253,4.236234,0.170296,0,26.781749,0.212358,19.986834
6.181000,26.368960,1.121419,4.236234,0.160486,0,26.785985,0.212524,19.986834
6.182000,26.373196,1.121574,4.236234,0.150676,0,26.790221,0.212679,19.986834
6.183000,26.377432,1.121720,4.236234,0.140866,0,26.794458,0.212825,19.986834
6.184000,26.381668,1.121856,4.236234,0.131056,0,26.798694,0.212961,19.986834
6.185000,26.385905,1.121982,4.236234,0.121246,0,26.802930,0.213087,19.986834
6.186000,26.390141,1.122098,4.236234,0.111436,0,26.807166,0.213203,19.986834
6.187000,26.394377,1.122205,4.236234,0.101626,0,26.811403,0.213310,19.986834
6.188000,26.398613,1.122302,4.236234,0.091816,0,26.815639,0.213407,19.986834
6.189000,26.402850,1.122388,4.236234,0.082006,0,26.819875,0.213494,19.986834
6.190000,26.407086,1.122466,4.236234,0.072196,0,26.824111,0.213571,19.986834
6.191000,26.411322,1.122533,4.236234,0.062386,0,26.828347,0.213638,19.986834
6.192000,26.415558,1.122590,4.236234,0.052576,0,26.832584,0.213695,19.986834
6.193000,26.419795,1.122638,4.236234,0.042766,0,26.836820,0.213743,19.986834
6.194000,26.424031,1.122676,4.236234,0.032956,0,26.841056,0.213781,19.986834
6.195000,26.428267,1.122704,4.236234,0.023146,0,26.845292,0.213809,19.986834
6.196000,26.432503,1.122722,4.236234,0.013336,0,26.849529,0.213827,19.986834
6.197000,26.436740,1.122731,4.236234,0.003526,0,26.853765,0.213836,19.986834
6.198000,26.440976,1.122729,4.236234,-0.006284,0,26.858001,0.213834,19.986834
6.199000,26.445212,1.122718,4.236234,-0.016094,0,26.862237,0.213823,19.986834
6.200000,26.449448,1.122697,4.236234,-0.025904,0,26.866474,0.213802,19.986834
6.201000,26.453684,1.122666,4.236234,-0.035714,0,26.870710,0.213771,19.986834
6.202000,26.457921,1.122626,4.236234,-0.045524,0,26.874946,0.213731,19.986834
6.203000,26.462157,1.122575,4.236234,-0.055334,0,26.879182,0.213680,19.986834
6.204000,26.466393,1.122515,4.236234,-0.065144,0,26.883418,0.213620,19.986834
6.205000,26.470629,1.122445,4.236234,-0.074954,0,26.887655,0.213550,19.986834
6.206000,26.474866,1.122365,4.236234,-0.084764,0,26.891891,0.213470,19.986834
6.207000,26.479102,1.122275,4.236234,-0.094574,0,26.896127,0.213381,19.986834
6.208000,26.483338,1.122176,4.236234,-0.104384,0,26.900363,0.213281,19.986834
6.209000,26.487574,1.122067,4.236234,-0.114194,0,26.904600,0.213172,19.986834
6.210000,26.491811,1.121948,4.236234,-0.124004,0,26.908836,0.213053,19.986834
6.211000,26.496047,1.121819,4.236234,-0.133814,0,26.913072,0.212924,19.986834
6.212000,26.500283,1.121680,4.236234,-0.143624,0,26.917308,0.212785,19.986834
6.213000,26.504519,1.121531,4.236234,-0.153434,0,26.921545,0.212636,19.986834
6.214000,26.508756,1.121373,4.236234,-0.163244,0,26.925781,0.212478,19.986834
6.215000,26.512992,1.121205,4.236234,-0.173054,0,26.930017,0.212310,19.986834
6.216000,26.517228,1.121027,4.236234,-0.182864,0,26.934253,0.212132,19.986834
6.217000,26.521464,1.120839,4.236234,-0.192674,0,26.938490,0.211944,19.986834
6.218000,26.525700,1.120642,4.236234,-0.202484,0,26.942726,0.211747,19.986834
6.219000,26.529937,1.120434,4.236234,-0.212294,0,26.946962,0.211539,19.986834
6.220000,26.534173,1.120217,4.236234,-0.222104,0,26.951198,0.211322,19.986834
6.221000,26.538409,1.119990,4.236234,-0.231914,0,26.955434,0.211095,19.986834
6.222000,26.542645,1.119753,4.236234,-0.241724,0,26.959671,0.210858,19.986834
6.223000,26.546882,1.119507,4.236234,-0.251534,0,26.963907,0.210612,19.986834
6.224000,26.551118,1.119250,4.236234,-0.261344,0,26.968143,0.210355,19.986834
6.225000,26.555354,1.118984,4.236234,-0.271154,0,26.972379,0.210089,19.986834
6.226000,26.559590,1.118708,4.236234,-0.280964,0,26.976616,0.209813,19.986834
6.227000,26.563827,1.118422,4.236234,-0.290774,0,26.980852,0.209527,19.986834
6.228000,26.568063,1.118126,4.236234,-0.300584,0,26.985088,0.209231,19.986834
6.229000,26.572299,1.117821,4.236234,-0.310394,0,26.989324,0.208926,19.986834
6.230000,26.576535,1.117505,4.236234,-0.320204,0,26.993561,0.208611,19.986834
6.231000,26.580772,1.117180,4.236234,-0.330014,0,26.997797,0.208285,19.986834
6.232000,26.585008,1.116845,4.236234,-0.339824,0,27.002033,0.207951,19.986834
6.233000,26.589244,1.116501,4.236234,-0.349634,0,27.006269,0.207606,19.986834
6.234000,26.593480,1.116146,4.236234,-0.359444,0,27.010506,0.207251,19.986834
6.235000,26.597716,1.115782,4.236234,-0.369254,0,27.014742,0.206887,19.986834
6.236000,26.601953,1.115408,4.236234,-0.379064,0,27.018978,0.206513,19.986834
6.237000,26.606189,1.115024,4.236234,-0.388874,0,27.023214,0.206129,19.986834
6.238000,26.610425,1.114630,4.236234,-0.398684,0,27.027450,0.205735,19.986834
6.239000,26.614661,1.114226,4.236234,-0.408494,0,27.031687,0.205331,19.986834
6.240000,26.618898,1.113813,4.236234,-0.418304,0,27.035923,0.204918,19.986834
6.241000,26.623134,1.113390,4.236234,-0.428114,0,27.040159,0.204495,19.986834
6.242000,26.627370,1.112957,4.236234,-0.437924,0,27.044395,0.204062,19.986834
6.243000,26.631606,1.112514,4.236234,-0.447734,0,27.048632,0.203619,19.986834
6.244000,26.635843,1.112061,4.236234,-0.457544,0,27.052868,0.203166,19.986834
6.245000,26.640079,1.111599,4.236234,-0.467354,0,27.057104,0.202704,19.986834
6.246000,26.644315,1.111126,4.236234,-0.477164,0,27.061340,0.202232,19.986834
6.247000,26.648551,1.110644,4.236234,-0.486974,0,27.065577,0.201750,19.986834
6.248000,26.652787,1.110153,4.236234,-0.496784,0,27.069813,0.201258,19.986834
6.249000,26.657024,1.109651,4.236234,-0.506594,0,27.074049,0.200756,19.986834
6.250000,26.661260,1.109139,4.236234,-0.516404,0,27.078285,0.200244,19.986834
6.251000,26.665496,1.108618,4.236234,-0.526214,0,27.082522,0.199723,19.986834
6.252000,26.669732,1.108087,4.236234,-0.536024,0,27.086758,0.199192,19.986834
6.253000,26.673969,1.107546,4.236234,-0.545834,0,27.090994,0.198651,19.986834
6.254000,26.678205,1.106995,4.236234,-0.555644,0,27.095230,0.198100,19.986834
6.255000,26.682441,1.106435,4.236234,-0.565454,0,27.099466,0.197540,19.986834
6.256000,26.686677,1.105864,4.236234,-0.575264,0,27.103703,0.196969,19.986834
6.257000,26.690914,1.105284,4.236234,-0.585074,0,27.107939,0.196389,19.986834
6.258000,26.695150,1.104694,4.236234,-0.594884,0,27.112175,0.195799,19.986834
6.259000,26.699386,1.104094,4.236234,-0.604694,0,27.116411,0.195200,19.986834
6.260000,26.703622,1.103485,4.236234,-0.614504,0,27.120648,0.194590,19.986834
6.261000,26.707859,1.102865,4.236234,-0.624314,0,27.124884,0.193971,19.986834
6.262000,26.712095,1.102236,4.236234,-0.634124,0,27.129120,0.193341,19.986834
6.263000,26.716331,1.101597,4.236234,-0.643934,0,27.133356,0.192702,19.986834
6.264000,26.720567,1.100948,4.236234,-0.653744,0,27.137593,0.192053,19.986834
6.265000,26.724803,1.100290,4.236234,-0.663554,0,27.141829,0.191395,19.986834
6.266000,26.729040,1.099621,4.236234,-0.673364,0,27.146065,0.190726,19.986834
6.267000,26.733276,1.098943,4.236234,-0.683174,0,27.150301,0.190048,19.986834
6.268000,26.737512,1.098255,4.236234,-0.692984,0,27.154538,0.189360,19.986834
6.269000,26.741748,1.097557,4.236234,-0.702794,0,27.158774,0.188662,19.986834
6.270000,26.745985,1.096849,4.236234,-0.712604,0,27.163010,0.187954,19.986834
6.271000,26.750221,1.096132,4.236234,-0.722414,0,27.167246,0.187237,19.986834
6.272000,26.754457,1.095404,4.236234,-0.732224,0,27.171482,0.186510,19.986834
6.273000,26.758693,1.094667,4.236234,-0.742034,0,27.175719,0.185772,19.986834
6.274000,26.762930,1.093920,4.236234,-0.751844,0,27.179955,0.185026,19.986834
6.275000,26.767166,1.093164,4.236234,-0.761654,0,27.184191,0.184269,19.986834
6.276000,26.771402,1.092397,4.236234,-0.771464,0,27.188427,0.183502,19.986834
6.277000,26.775638,1.091621,4.236234,-0.781274,0,27.192664,0.182726,19.986834
6.278000,26.779875,1.090835,4.236234,-0.791084,0,27.196900,0.181940,19.986834
6.279000,26.784111,1.090039,4.236234,-0.800894,0,27.201136,0.181144,19.986834
6.280000,26.788347,1.089233,4.236234,-0.810704,0,27.205372,0.180338,19.986834
6.281000,26.792583,1.088417,4.236234,-0.820514,0,27.209609,0.179522,19.986834
6.282000,26.796819,1.087592,4.236234,-0.830324,0,27.213845,0.178697,19.986834
6.283000,26.801056,1.086756,4.236234,-0.840134,0,27.218081,0.177862,19.986834
6.284000,26.805292,1.085911,4.236234,-0.849944,0,27.222317,0.177017,19.986834
6.285000,26.809528,1.085057,4.236234,-0.859754,0,27.226553,0.176162,19.986834
6.286000,26.813764,1.084192,4.236234,-0.869564,0,27.230790,0.175297,19.986834
6.287000,26.818001,1.083317,4.236234,-0.879374,0,27.235026,0.174423,19.986834
6.288000,26.822237,1.082433,4.236234,-0.889184,0,27.239262,0.173538,19.986834
6.289000,26.826473,1.081539,4.236234,-0.898994,0,27.243498,0.172644,19.986834
6.290000,26.830709,1.080635,4.236234,-0.908804,0,27.247735,0.171740,19.986834
6.291000,26.834946,1.079721,4.236234,-0.918614,0,27.251971,0.170827,19.986834
6.292000,26.839182,1.078798,4.236234,-0.928424,0,27.256207,0.169903,19.986834
6.293000,26.843418,1.077865,4.236234,-0.938234,0,27.260443,0.168970,19.986834
6.294000,26.847654,1.076921,4.236234,-0.948044,0,27.264680,0.168027,19.986834
6.295000,26.851891,1.075969,4.236234,-0.957854,0,27.268916,0.167074,19.986834
6.296000,26.856127,1.075006,4.236234,-0.967664,0,27.273152,0.166111,19.986834
6.297000,26.860363,1.074033,4.236234,-0.977474,0,27.277388,0.165138,19.986834
6.298000,26.864599,1.073051,4.236234,-0.987284,0,27.281625,0.164156,19.986834
6.299000,26.868835,1.072059,4.236234,-0.997094,0,27.285861,0.163164,19.986834
6.300000,26.873072,1.071057,4.236234,-1.006904,0,27.290097,0.162162,19.986834
6.301000,26.877308,1.070045,4.236234,-1.016714,0,27.294333,0.161150,19.986834
6.302000,26.881544,1.069023,4.236234,-1.026524,0,27.298569,0.160128,19.986834
6.303000,26.885780,1.067992,4.236234,-1.036334,0,27.302806,0.159097,19.986834
6.304000,26.890017,1.066951,4.236234,-1.046144,0,27.307042,0.158056,19.986834
6.305000,26.894253,1.065900,4.236234,-1.055954,0,27.311278,0.157005,19.986834
6.306000,26.898489,1.064839,4.236234,-1.065764,0,27.315514,0.155944,19.986834
6.307000,26.902725,1.063768,4.236234,-1.075574,0,27.319751,0.154873,19.986834
6.308000,26.906962,1.062687,4.236234,-1.085384,0,27.323987,0.153793,19.986834
6.309000,26.911198,1.061597,4.236234,-1.095194,0,27.328223,0.152702,19.986834
6.310000,26.915434,1.060497,4.236234,-1.105004,0,27.332459,0.151602,19.986834
6.311000,26.919670,1.059387,4.236234,-1.114814,0,27.336696,0.150492,19.986834
6.312000,26.923906,1.058267,4.236234,-1.124624,0,27.340932,0.149373,19.986834
6.313000,26.928143,1.057138,4.236234,-1.134434,0,27.345168,0.148243,19.986834
6.314000,26.932379,1.055999,4.236234,-1.144244,0,27.349404,0.147104,19.986834
6.315000,26.936615,1.054849,4.236234,-1.154054,0,27.353641,0.145955,19.986834
6.316000,26.940851,1.053691,4.236234,-1.163864,0,27.357877,0.144796,19.986834
6.317000,26.945088,1.052522,4.236234,-1.173674,0,27.362113,0.143627,19.986834
6.318000,26.949324,1.051343,4.236234,-1.183484,0,27.366349,0.142448,19.986834
6.319000,26.953560,1.050155,4.236234,-1.193294,0,27.370585,0.141260,19.986834
6.320000,26.957796,1.048957,4.236234,-1.203104,0,27.374822,0.140062,19.986834
6.321000,26.962033,1.047749,4.236234,-1.212914,0,27.379058,0.138854,19.986834
6.322000,26.966269,1.046531,4.236234,-1.222724,0,27.383294,0.137636,19.986834
6.323000,26.970505,1.045303,4.236234,-1.232534,0,27.387530,0.136408,19.986834
6.324000,26.974741,1.044066,4.236234,-1.242344,0,27.391767,0.135171,19.986834
6.325000,26.978978,1.042818,4.236234,-1.252154,0,27.396003,0.133924,19.986834
6.326000,26.983214,1.041561,4.236234,-1.261964,0,27.400239,0.132666,19.986834
6.327000,26.987450,1.040294,4.236234,-1.271774,0,27.404475,0.131400,19.986834
6.328000,26.991686,1.039018,4.236234,-1.281584,0,27.408712,0.130123,19.986834
6.329000,26.995922,1.037731,4.236234,-1.291394,0,27.412948,0.128836,19.986834
6.330000,27.000159,1.036435,4.236234,-1.301204,0,27.417184,0.127540,19.986834
6.331000,27.004395,1.035129,4.236234,-1.311014,0,27.421420,0.126234,19.986834
6.332000,27.008631,1.033813,4.236234,-1.320824,0,27.425657,0.124918,19.986834
6.333000,27.012867,1.032487,4.236234,-1.330634,0,27.429893,0.123592,19.986834
6.334000,27.017104,1.031152,4.236234,-1.340444,0,27.434129,0.122257,19.986834
6.335000,27.021340,1.029806,4.236234,-1.350254,0,27.438365,0.120912,19.986834
6.336000,27.025576,1.028451,4.236234,-1.360064,0,27.442601,0.119556,19.986834
6.337000,27.029812,1.027086,4.236234,-1.369874,0,27.446838,0.118191,19.986834
6.338000,27.034049,1.025711,4.236234,-1.379684,0,27.451074,0.116817,19.986834
6.339000,27.038285,1.024327,4.236234,-1.389494,0,27.455310,0.115432,19.986834
6.340000,27.042521,1.022932,4.236234,-1.399304,0,27.459546,0.114038,19.986834
6.341000,27.046757,1.021528,4.236234,-1.409114,0,27.463783,0.112633,19.986834
6.342000,27.050994,1.020114,4.236234,-1.418924,0,27.468019,0.111219,19.986834
6.343000,27.055230,1.018690,4.236234,-1.428734,0,27.472255,0.109796,19.986834
6.344000,27.059466,1.017257,4.236234,-1.438544,0,27.476491,0.108362,19.986834
6.345000,27.063702,1.015813,4.236234,-1.448354,0,27.480728,0.106918,19.986834
6.346000,27.067938,1.014360,4.236234,-1.458164,0,27.484964,0.105465,19.986834
6.347000,27.072175,1.012897,4.236234,-1.467974,0,27.489200,0.104002,19.986834
6.348000,27.076411,1.011424,4.236234,-1.477784,0,27.493436,0.102529,19.986834
6.349000,27.080647,1.009941,4.236234,-1.487594,0,27.497672,0.101047,19.986834
6.350000,27.084883,1.008449,4.236234,-1.497404,0,27.501909,0.099554,19.986834
6.351000,27.089120,1.006947,4.236234,-1.507214,0,27.506145,0.098052,19.986834
6.352000,27.093356,1.005435,4.236234,-1.517024,0,27.510381,0.096540,19.986834
6.353000,27.097592,1.003913,4.236234,-1.526834,0,27.514617,0.095018,19.986834
6.354000,27.101828,1.002381,4.236234,-1.536644,0,27.518854,0.093486,19.986834
6.355000,27.106065,1.000839,4.236234,-1.546454,0,27.523090,0.091944,19.986834
6.356000,27.110301,0.999288,4.236234,-1.556264,0,27.527326,0.090393,19.986834
6.357000,27.114537,0.997727,4.236234,-1.566074,0,27.531562,0.088832,19.986834
6.358000,27.118773,0.996156,4.236234,-1.575884,0,27.535799,0.087261,19.986834
6.359000,27.123010,0.994575,4.236234,-1.585694,0,27.540035,0.085680,19.986834
6.360000,27.127246,0.992984,4.236234,-1.595504,0,27.544271,0.084090,19.986834
6.361000,27.131482,0.991384,4.236234,-1.605314,0,27.548507,0.082489,19.986834
6.362000,27.135718,0.989774,4.236234,-1.615124,0,27.552744,0.080879,19.986834
6.363000,27.139954,0.988154,4.236234,-1.624934,0,27.556980,0.079259,19.986834
6.364000,27.144191,0.986524,4.236234,-1.634744,0,27.561216,0.077629,19.986834
6.365000,27.148427,0.984884,4.236234,-1.644554,0,27.565452,0.075989,19.986834
6.366000,27.152663,0.983235,4.236234,-1.654364,0,27.569688,0.074340,19.986834
6.367000,27.156899,0.981576,4.236234,-1.664174,0,27.573925,0.072681,19.986834
6.368000,27.161136,0.979906,4.236234,-1.673984,0,27.578161,0.071012,19.986834
6.369000,27.165372,0.978228,4.236234,-1.683794,0,27.582397,0.069333,19.986834
6.370000,27.169608,0.976539,4.236234,-1.693604,0,27.586633,0.067644,19.986834
6.371000,27.173844,0.974840,4.236234,-1.703414,0,27.590870,0.065945,19.986834
6.372000,27.178081,0.973132,4.236234,-1.713224,0,27.595106,0.064237,19.986834
6.373000,27.182317,0.971414,4.236234,-1.723034,0,27.599342,0.062519,19.986834
6.374000,27.186553,0.969686,4.236234,-1.732844,0,27.603578,0.060791,19.986834
6.375000,27.190789,0.967948,4.236234,-1.742654,0,27.607815,0.059053,19.986834
6.376000,27.195025,0.966201,4.236234,-1.752464,0,27.612051,0.057306,19.986834
6.377000,27.199262,0.964443,4.236234,-1.762274,0,27.616287,0.055548,19.986834
6.378000,27.203498,0.962676,4.236234,-1.772084,0,27.620523,0.053781,19.986834
6.379000,27.207734,0.960899,4.236234,-1.781894,0,27.624760,0.052004,19.986834
6.380000,27.211970,0.959112,4.236234,-1.791704,0,27.628996,0.050217,19.986834
6.381000,27.216207,0.957316,4.236234,-1.801514,0,27.633232,0.048421,19.986834
6.382000,27.220443,0.955509,4.236234,-1.811324,0,27.637468,0.046614,19.986834
6.383000,27.224679,0.953693,4.236234,-1.821134,0,27.641704,0.044798,19.986834
6.384000,27.228915,0.951867,4.236234,-1.830944,0,27.645941,0.042972,19.986834
6.385000,27.233152,0.950031,4.236234,-1.840754,0,27.650177,0.041136,19.986834
6.386000,27.237388,0.948186,4.236234,-1.850564,0,27.654413,0.039291,19.986834
6.387000,27.241624,0.946330,4.236234,-1.860374,0,27.658649,0.037435,19.986834
6.388000,27.245860,0.944465,4.236234,-1.870184,0,27.662886,0.035570,19.986834
6.389000,27.250097,0.942590,4.236234,-1.879994,0,27.667122,0.033695,19.986834
6.390000,27.254333,0.940705,4.236234,-1.889804,0,27.671358,0.031810,19.986834
6.391000,27.258569,0.938810,4.236234,-1.899614,0,27.675594,0.029915,19.986834
6.392000,27.262805,0.936906,4.236234,-1.909424,0,27.679831,0.028011,19.986834
6.393000,27.267041,0.934991,4.236234,-1.919234,0,27.684067,0.026096,19.986834
6.394000,27.271278,0.933067,4.236234,-1.929044,0,27.688303,0.024172,19.986834
6.395000,27.275514,0.931133,4.236234,-1.938854,0,27.692539,0.022238,19.986834
6.396000,27.279750,0.929189,4.236234,-1.948664,0,27.696776,0.020295,19.986834
6.397000,27.283986,0.927236,4.236234,-1.958474,0,27.701012,0.018341,19.986834
6.398000,27.288223,0.925272,4.236234,-1.968284,0,27.705248,0.016378,19.986834
6.399000,27.292459,0.923299,4.236234,-1.978094,0,27.709484,0.014404,19.986834
6.400000,27.296695,0.921316,4.236234,-1.987904,0,27.713720,0.012421,19.986834
6.401000,27.300931,0.919323,4.236234,-1.997714,0,27.717957,0.010429,19.986834
6.402000,27.305168,0.917321,4.236234,-2.007524,0,27.722193,0.008426,19.986834
6.403000,27.309404,0.915308,4.236234,-2.017334,0,27.726429,0.006414,19.986834
6.404000,27.313640,0.913286,4.236234,-2.027144,0,27.730665,0.004391,19.986834
6.405000,27.317876,0.911254,4.236234,-2.036954,0,27.734902,0.002359,19.986834
6.406000,27.322113,0.909212,4.236234,-2.046764,0,27.739138,0.000317,19.986834
6.407000,27.326349,0.907161,4.236234,-2.056574,1,27.742578,0.000000,19.987198
6.408000,27.330585,0.905099,4.235925,-2.065706,1,27.742578,0.000000,19.987198
6.409000,27.334821,0.903029,4.235317,-2.074175,1,27.742578,0.000000,19.987198
6.410000,27.339055,0.900951,4.234415,-2.081980,1,27.742578,0.000000,19.987198
6.411000,27.343289,0.898866,4.233224,-2.089118,1,27.742578,0.000000,19.987198
6.412000,27.347522,0.896773,4.231747,-2.095590,1,27.742578,0.000000,19.987198
6.413000,27.351753,0.894675,4.229990,-2.101393,1,27.742578,0.000000,19.987198
6.414000,27.355982,0.892571,4.227956,-2.106527,1,27.742578,0.000000,19.987198
6.415000,27.360208,0.890462,4.225651,-2.110991,1,27.742578,0.000000,19.987198
6.416000,27.364433,0.888349,4.223079,-2.114785,1,27.742578,0.000000,19.987198
6.417000,27.368655,0.886233,4.220245,-2.117907,1,27.742578,0.000000,19.987198
6.418000,27.372873,0.884113,4.217154,-2.120359,1,27.742578,0.000000,19.987198
6.419000,27.377089,0.881992,4.213811,-2.122139,1,27.742578,0.000000,19.987198
6.420000,27.381301,0.879869,4.210222,-2.123247,1,27.742578,0.000000,19.987198
6.421000,27.385509,0.877746,4.206392,-2.123684,1,27.742578,0.000000,19.987198
6.422000,27.389714,0.875622,4.202325,-2.123450,1,27.742578,0.000000,19.987198
6.423000,27.393914,0.873499,4.198028,-2.122546,1,27.742578,0.000000,19.987198
6.424000,27.398109,0.871377,4.193506,-2.120972,1,27.742578,0.000000,19.987198
6.425000,27.402301,0.869257,4.188765,-2.118729,1,27.742578,0.000000,19.987198
6.426000,27.406487,0.867140,4.183810,-2.115817,1,27.742578,0.000000,19.987198
6.427000,27.410668,0.865026,4.178647,-2.112239,1,27.742578,0.000000,19.987198
6.428000,27.414844,0.862916,4.173282,-2.107995,1,27.742578,0.000000,19.987198
6.429000,27.419015,0.860810,4.167721,-2.103088,1,27.742578,0.000000,19.987198
6.430000,27.423180,0.858710,4.161971,-2.097517,1,27.742578,0.000000,19.987198
6.431000,27.427339,0.856615,4.156036,-2.091286,1,27.742578,0.000000,19.987198
6.432000,27.431492,0.854527,4.149924,-2.084396,1,27.742578,0.000000,19.987198
6.433000,27.435638,0.852447,4.143640,-2.076850,1,27.742578,0.000000,19.987198
6.434000,27.439779,0.850374,4.137191,-2.068649,1,27.742578,0.000000,19.987198
6.435000,27.443913,0.848310,4.130583,-2.059797,1,27.742578,0.000000,19.987198
6.436000,27.448040,0.846255,4.123823,-2.050295,1,27.742578,0.000000,19.987198
6.437000,27.452160,0.844209,4.116917,-2.040147,1,27.742578,0.000000,19.987198
6.438000,27.456274,0.842175,4.109872,-2.029356,1,27.742578,0.000000,19.987198
6.439000,27.460380,0.840151,4.102694,-2.017924,1,27.742578,0.000000,19.987198
6.440000,27.464479,0.838139,4.095390,-2.005856,1,27.742578,0.000000,19.987198
6.441000,27.468571,0.836139,4.087967,-1.993154,1,27.742578,0.000000,19.987198
6.442000,27.472655,0.834153,4.080431,-1.979822,1,27.742578,0.000000,19.987198
6.443000,27.476732,0.832180,4.072790,-1.965865,1,27.742578,0.000000,19.987198
6.444000,27.480800,0.830221,4.065049,-1.951286,1,27.742578,0.000000,19.987198
6.445000,27.484862,0.828278,4.057217,-1.936090,1,27.742578,0.000000,19.987198
6.446000,27.488915,0.826349,4.049299,-1.920280,1,27.742578,0.000000,19.987198
6.447000,27.492960,0.824437,4.041303,-1.903862,1,27.742578,0.000000,19.987198
6.448000,27.496997,0.822542,4.033235,-1.886839,1,27.742578,0.000000,19.987198
6.449000,27.501027,0.820664,4.025103,-1.869218,1,27.742578,0.000000,19.987198
6.450000,27.505048,0.818804,4.016914,-1.851003,1,27.742578,0.000000,19.987198
6.451000,27.509060,0.816962,4.008675,-1.832200,1,27.742578,0.000000,19.987198
6.452000,27.513065,0.815139,4.000392,-1.812813,1,27.742578,0.000000,19.987198
6.453000,27.517061,0.813336,3.992072,-1.792848,1,27.742578,0.000000,19.987198
6.454000,27.521049,0.811554,3.983724,-1.772312,1,27.742578,0.000000,19.987198
6.455000,27.525029,0.809792,3.975352,-1.751210,1,27.742578,0.000000,19.987198
6.456000,27.529000,0.808052,3.966966,-1.729548,1,27.742578,0.000000,19.987198
6.457000,27.532963,0.806333,3.958571,-1.707333,1,27.742578,0.000000,19.987198
6.458000,27.536917,0.804637,3.950175,-1.684571,1,27.742578,0.000000,19.987198
6.459000,27.540863,0.802964,3.941784,-1.661269,1,27.742578,0.000000,19.987198
6.460000,27.544801,0.801315,3.933406,-1.637433,1,27.742578,0.000000,19.987198
6.461000,27.548730,0.799689,3.925047,-1.613071,1,27.742578,0.000000,19.987198
6.462000,27.552651,0.798089,3.916715,-1.588189,1,27.742578,0.000000,19.987198
6.463000,27.556563,0.796513,3.908416,-1.562796,1,27.742578,0.000000,19.987198
6.464000,27.560467,0.794963,3.900156,-1.536898,1,27.742578,0.000000,19.987198
6.465000,27.564364,0.793440,3.891944,-1.510504,1,27.742578,0.000000,19.987198
6.466000,27.568251,0.791943,3.883784,-1.483620,1,27.742578,0.000000,19.987198
6.467000,27.572131,0.790473,3.875685,-1.456256,1,27.742578,0.000000,19.987198
6.468000,27.576003,0.789030,3.867652,-1.428419,1,27.742578,0.000000,19.987198
6.469000,27.579866,0.787616,3.859693,-1.400117,1,27.742578,0.000000,19.987198
6.470000,27.583722,0.786230,3.851813,-1.371360,1,27.742578,0.000000,19.987198
6.471000,27.587570,0.784873,3.844019,-1.342155,1,27.742578,0.000000,19.987198
6.472000,27.591410,0.783546,3.836318,-1.312512,1,27.742578,0.000000,19.987198
6.473000,27.595243,0.782248,3.828714,-1.282439,1,27.742578,0.000000,19.987198
6.474000,27.599068,0.780981,3.821216,-1.251946,1,27.742578,0.000000,19.987198
6.475000,27.602885,0.779745,3.813828,-1.221042,1,27.742578,0.000000,19.987198
6.476000,27.606695,0.778539,3.806557,-1.189736,1,27.742578,0.000000,19.987198
6.477000,27.610498,0.777365,3.799409,-1.158038,1,27.742578,0.000000,19.987198
6.478000,27.614294,0.776223,3.792389,-1.125957,1,27.742578,0.000000,19.987198
6.479000,27.618083,0.775114,3.785502,-1.093503,1,27.742578,0.000000,19.987198
6.480000,27.621865,0.774036,3.778755,-1.060687,1,27.742578,0.000000,19.987198
6.481000,27.625641,0.772992,3.772153,-1.027519,1,27.742578,0.000000,19.987198
6.482000,27.629410,0.771981,3.765701,-0.994008,1,27.742578,0.000000,19.987198
6.483000,27.633172,0.771004,3.759404,-0.960165,1,27.742578,0.000000,19.987198
6.484000,27.636929,0.770061,3.753268,-0.926000,1,27.742578,0.000000,19.987198
6.485000,27.640679,0.769152,3.747297,-0.891525,1,27.742578,0.000000,19.987198
6.486000,27.644423,0.768278,3.741495,-0.856750,1,27.742578,0.000000,19.987198
6.487000,27.648162,0.767439,3.735868,-0.821685,1,27.742578,0.000000,19.987198
6.488000,27.651895,0.766635,3.730420,-0.786342,1,27.742578,0.000000,19.987198
6.489000,27.655623,0.765866,3.725156,-0.750732,1,27.742578,0.000000,19.987198
6.490000,27.659345,0.765134,3.720078,-0.714866,1,27.742578,0.000000,19.987198
6.491000,27.663063,0.764437,3.715192,-0.678755,1,27.742578,0.000000,19.987198
6.492000,27.666776,0.763776,3.710502,-0.642411,1,27.742578,0.000000,19.987198
6.493000,27.670484,0.763152,3.706010,-0.605845,1,27.742578,0.000000,19.987198
6.494000,27.674188,0.762565,3.701720,-0.569069,1,27.742578,0.000000,19.987198
6.495000,27.677888,0.762014,3.697637,-0.532094,1,27.742578,0.000000,19.987198
6.496000,27.681583,0.761500,3.693762,-0.494932,1,27.742578,0.000000,19.987198
6.497000,27.685275,0.761024,3.690098,-0.457595,1,27.742578,0.000000,19.987198
6.498000,27.688964,0.760585,3.686650,-0.420095,1,27.742578,0.000000,19.987198
6.499000,27.692649,0.760184,3.683418,-0.382443,1,27.742578,0.000000,19.987198
6.500000,27.696330,0.759820,3.680407,-0.344652,1,27.742578,0.000000,19.987198
6.501000,27.700009,0.759495,3.677617,-0.306734,1,27.742578,0.000000,19.987198
6.502000,27.703686,0.759207,3.675050,-0.268701,1,27.742578,0.000000,19.987198
6.503000,27.707360,0.758957,3.672710,-0.230565,1,27.742578,0.000000,19.987198
6.504000,27.711031,0.758746,3.670597,-0.192338,1,27.742578,0.000000,19.987198
6.505000,27.714701,0.758573,3.668712,-0.154033,1,27.742578,0.000000,19.987198
6.506000,27.718369,0.758438,3.667058,-0.115661,1,27.742578,0.000000,19.987198
6.507000,27.722035,0.758341,3.665635,-0.077236,1,27.742578,0.000000,19.987198
6.508000,27.725700,0.758283,3.664444,-0.038769,1,27.742578,0.000000,19.987198
6.509000,27.729364,0.758264,3.663485,-0.000272,1,27.742578,0.000000,19.987198
6.510000,27.733027,0.758283,3.662760,0.038241,1,27.742578,0.000000,19.987198
6.511000,27.736690,0.758340,3.662268,0.076759,1,27.742578,0.000000,19.987198
6.512000,27.740352,0.758436,3.662009,0.115269,1,27.742578,0.000000,19.987198
6.513000,27.744014,0.758571,3.661984,0.153758,1,27.742578,0.000000,19.987198
6.514000,27.747676,0.758744,3.662192,0.192215,1,27.742578,0.000000,19.987198
6.515000,27.751338,0.758955,3.662632,0.230628,1,27.742578,0.000000,19.987198
6.516000,27.755001,0.759205,3.663304,0.268982,1,27.742578,0.000000,19.987198
6.517000,27.758665,0.759493,3.664207,0.307268,1,27.742578,0.000000,19.987198
6.518000,27.762330,0.759820,3.665339,0.345471,1,27.742578,0.000000,19.987198
6.519000,27.765996,0.760184,3.666700,0.383581,1,27.742578,0.000000,19.987198
6.520000,27.769663,0.760587,3.668288,0.421584,1,27.742578,0.000000,19.987198
6.521000,27.773332,0.761027,3.670101,0.459469,1,27.742578,0.000000,19.987198
6.522000,27.777003,0.761506,3.672137,0.497223,1,27.742578,0.000000,19.987198
6.523000,27.780677,0.762022,3.674394,0.534834,1,27.742578,0.000000,19.987198
6.524000,27.784352,0.762575,3.676870,0.572291,1,27.742578,0.000000,19.987198
6.525000,27.788030,0.763166,3.679563,0.609581,1,27.742578,0.000000,19.987198
6.526000,27.791711,0.763794,3.682469,0.646693,1,27.742578,0.000000,19.987198
6.527000,27.795395,0.764460,3.685587,0.683615,1,27.742578,0.000000,19.987198
6.528000,27.799083,0.765162,3.688912,0.720334,1,27.742578,0.000000,19.987198
6.529000,27.802773,0.765900,3.692442,0.756840,1,27.742578,0.000000,19.987198
6.530000,27.806468,0.766675,3.696174,0.793120,1,27.742578,0.000000,19.987198
6.531000,27.810166,0.767486,3.700103,0.829164,1,27.742578,0.000000,19.987198
6.532000,27.813868,0.768333,3.704227,0.864960,1,27.742578,0.000000,19.987198
6.533000,27.817574,0.769216,3.708541,0.900496,1,27.742578,0.000000,19.987198
6.534000,27.821285,0.770134,3.713042,0.935762,1,27.742578,0.000000,19.987198
6.535000,27.825000,0.771088,3.717725,0.970746,1,27.742578,0.000000,19.987198
6.536000,27.828721,0.772076,3.722586,1.005438,1,27.742578,0.000000,19.987198
6.537000,27.832446,0.773098,3.727620,1.039826,1,27.742578,0.000000,19.987198
6.538000,27.836176,0.774155,3.732824,1.073900,1,27.742578,0.000000,19.987198
6.539000,27.839911,0.775246,3.738191,1.107648,1,27.742578,0.000000,19.987198
6.540000,27.843652,0.776370,3.743718,1.141062,1,27.742578,0.000000,19.987198
6.541000,27.847399,0.777528,3.749399,1.174129,1,27.742578,0.000000,19.987198
6.542000,27.851151,0.778719,3.755230,1.206841,1,27.742578,0.000000,19.987198
6.543000,27.854909,0.779942,3.761204,1.239187,1,27.742578,0.000000,19.987198
6.544000,27.858674,0.781197,3.767317,1.271156,1,27.742578,0.000000,19.987198
6.545000,27.862444,0.782484,3.773563,1.302739,1,27.742578,0.000000,19.987198
6.546000,27.866221,0.783802,3.779937,1.333927,1,27.742578,0.000000,19.987198
6.547000,27.870004,0.785152,3.786432,1.364709,1,27.742578,0.000000,19.987198
6.548000,27.873794,0.786531,3.793044,1.395077,1,27.742578,0.000000,19.987198
6.549000,27.877590,0.787942,3.799766,1.425021,1,27.742578,0.000000,19.987198
6.550000,27.881393,0.789381,3.806592,1.454532,1,27.742578,0.000000,19.987198
6.551000,27.885203,0.790850,3.813516,1.483601,1,27.742578,0.000000,19.987198
6.552000,27.889020,0.792348,3.820532,1.512218,1,27.742578,0.000000,19.987198
6.553000,27.892844,0.793875,3.827634,1.540377,1,27.742578,0.000000,19.987198
6.554000,27.896676,0.795429,3.834815,1.568067,1,27.742578,0.000000,19.987198
6.555000,27.900514,0.797011,3.842070,1.595281,1,27.742578,0.000000,19.987198
6.556000,27.904360,0.798619,3.849391,1.622011,1,27.742578,0.000000,19.987198
6.557000,27.908213,0.800255,3.856772,1.648248,1,27.742578,0.000000,19.987198
6.558000,27.912073,0.801916,3.864207,1.673984,1,27.742578,0.000000,19.987198
6.559000,27.915941,0.803602,3.871690,1.699213,1,27.742578,0.000000,19.987198
6.560000,27.919817,0.805314,3.879212,1.723925,1,27.742578,0.000000,19.987198
6.561000,27.923700,0.807050,3.886769,1.748115,1,27.742578,0.000000,19.987198
6.562000,27.927590,0.808810,3.894352,1.771775,1,27.742578,0.000000,19.987198
6.563000,27.931488,0.810593,3.901956,1.794898,1,27.742578,0.000000,19.987198
6.564000,27.935394,0.812400,3.909574,1.817476,1,27.742578,0.000000,19.987198
6.565000,27.939308,0.814228,3.917198,1.839504,1,27.742578,0.000000,19.987198
6.566000,27.943229,0.816078,3.924822,1.860975,1,27.742578,0.000000,19.987198
6.567000,27.947157,0.817950,3.932440,1.881882,1,27.742578,0.000000,19.987198
6.568000,27.951093,0.819842,3.940044,1.902220,1,27.742578,0.000000,19.987198
6.569000,27.955037,0.821754,3.947627,1.921981,1,27.742578,0.000000,19.987198
6.570000,27.958989,0.823686,3.955183,1.941162,1,27.742578,0.000000,19.987198
6.571000,27.962948,0.825636,3.962705,1.959755,1,27.742578,0.000000,19.987198
6.572000,27.966914,0.827605,3.970185,1.977756,1,27.742578,0.000000,19.987198
6.573000,27.970888,0.829592,3.977618,1.995160,1,27.742578,0.000000,19.987198
6.574000,27.974869,0.831595,3.984996,2.011960,1,27.742578,0.000000,19.987198
6.575000,27.978858,0.833615,3.992312,2.028152,1,27.742578,0.000000,19.987198
6.576000,27.982854,0.835651,3.999561,2.043732,1,27.742578,0.000000,19.987198
6.577000,27.986857,0.837703,4.006734,2.058695,1,27.742578,0.000000,19.987198
6.578000,27.990867,0.839769,4.013825,2.073036,1,27.742578,0.000000,19.987198
6.579000,27.994885,0.841848,4.020828,2.086751,1,27.742578,0.000000,19.987198
6.580000,27.998909,0.843942,4.027736,2.099837,1,27.742578,0.000000,19.987198
6.581000,28.002940,0.846048,4.034542,2.112289,1,27.742578,0.000000,19.987198
6.582000,28.006978,0.848166,4.041240,2.124103,1,27.742578,0.000000,19.987198
6.583000,28.011023,0.850296,4.047822,2.135276,1,27.742578,0.000000,19.987198
6.584000,28.015074,0.852437,4.054284,2.145806,1,27.742578,0.000000,19.987198
6.585000,28.019131,0.854587,4.060617,2.155687,1,27.742578,0.000000,19.987198
6.586000,28.023195,0.856748,4.066816,2.164919,1,27.742578,0.000000,19.987198
6.587000,28.027265,0.858917,4.072875,2.173496,1,27.742578,0.000000,19.987198
6.588000,28.031340,0.861094,4.078786,2.181418,1,27.742578,0.000000,19.987198
6.589000,28.035422,0.863280,4.084545,2.188682,1,27.742578,0.000000,19.987198
6.590000,28.039510,0.865472,4.090144,2.195285,1,27.742578,0.000000,19.987198
6.591000,28.043602,0.867670,4.095577,2.201224,1,27.742578,0.000000,19.987198
6.592000,28.047701,0.869874,4.100840,2.206499,1,27.742578,0.000000,19.987198
6.593000,28.051804,0.872083,4.105924,2.211107,1,27.742578,0.000000,19.987198
6.594000,28.055912,0.874296,4.110826,2.215047,1,27.742578,0.000000,19.987198
6.595000,28.060026,0.876513,4.115538,2.218317,1,27.742578,0.000000,19.987198
6.596000,28.064143,0.878732,4.120055,2.220916,1,27.742578,0.000000,19.987198
6.597000,28.068266,0.880954,4.124372,2.222842,1,27.742578,0.000000,19.987198
6.598000,28.072392,0.883178,4.128482,2.224095,1,27.742578,0.000000,19.987198
6.599000,28.076523,0.885402,4.132381,2.224674,1,27.742578,0.000000,19.987198
6.600000,28.080657,0.887627,4.136063,2.224579,1,27.742578,0.000000,19.987198
6.601000,28.084795,0.889851,4.139522,2.223808,1,27.742578,0.000000,19.987198
6.602000,28.088936,0.892074,4.142754,2.222361,1,27.742578,0.000000,19.987198
6.603000,28.093080,0.894296,4.145753,2.220239,1,27.742578,0.000000,19.987198
6.604000,28.097227,0.896514,4.148514,2.217441,1,27.742578,0.000000,19.987198
6.605000,28.101377,0.898730,4.151031,2.213967,1,27.742578,0.000000,19.987198
6.606000,28.105529,0.900942,4.153302,2.209818,1,27.742578,0.000000,19.987198
6.607000,28.109684,0.903150,4.155319,2.204995,1,27.742578,0.000000,19.987198
6.608000,28.113840,0.905352,4.157079,2.199497,1,27.742578,0.000000,19.987198
6.609000,28.117998,0.907548,4.158578,2.193325,1,27.742578,0.000000,19.987198
6.610000,28.122157,0.909738,4.159810,2.186481,1,27.742578,0.000000,19.987198
6.611000,28.126317,0.911921,4.160771,2.178966,1,27.742578,0.000000,19.987198
6.612000,28.130478,0.914096,4.161457,2.170780,1,27.742578,0.000000,19.987198
6.613000,28.134640,0.916262,4.161865,2.161926,1,27.742578,0.000000,19.987198
6.614000,28.138802,0.918420,4.161988,2.152404,0,28.555827,0.009525,19.987193
6.615000,28.142964,0.920567,4.161988,2.142594,0,28.559989,0.011672,19.987193
6.616000,28.147126,0.922705,4.161988,2.132784,0,28.564151,0.013810,19.987193
6.617000,28.151288,0.924833,4.161988,2.122974,0,28.568313,0.015938,19.987193
6.618000,28.155450,0.926951,4.161988,2.113164,0,28.572475,0.018056,19.987193
6.619000,28.159612,0.929059,4.161988,2.103354,0,28.576637,0.020164,19.987193
6.620000,28.163774,0.931158,4.161988,2.093544,0,28.580799,0.022263,19.987193
6.621000,28.167936,0.933246,4.161988,2.083734,0,28.584961,0.024351,19.987193
6.622000,28.172098,0.935325,4.161988,2.073924,0,28.589123,0.026430,19.987193
6.623000,28.176260,0.937394,4.161988,2.064114,0,28.593285,0.028499,19.987193
6.624000,28.180422,0.939453,4.161988,2.054304,0,28.597447,0.030558,19.987193
6.625000,28.184584,0.941503,4.161988,2.044494,0,28.601609,0.032608,19.987193
6.626000,28.188746,0.943542,4.161988,2.034684,0,28.605771,0.034647,19.987193
6.627000,28.192908,0.945572,4.161988,2.024874,0,28.609933,0.036677,19.987193
6.628000,28.197070,0.947592,4.161988,2.015064,0,28.614095,0.038697,19.987193
6.629000,28.201232,0.949602,4.161988,2.005254,0,28.618257,0.040707,19.987193
6.630000,28.205394,0.951603,4.161988,1.995444,0,28.622419,0.042708,19.987193
6.631000,28.209556,0.953593,4.161988,1.985634,0,28.626581,0.044698,19.987193
6.632000,28.213718,0.955574,4.161988,1.975824,0,28.630743,0.046679,19.987193
6.633000,28.217880,0.957545,4.161988,1.966014,0,28.634905,0.048650,19.987193
6.634000,28.222042,0.959506,4.161988,1.956204,0,28.639067,0.050611,19.987193
6.635000,28.226204,0.961457,4.161988,1.946394,0,28.643229,0.052562,19.987193
6.636000,28.230366,0.963399,4.161988,1.936584,0,28.647391,0.054504,19.987193
6.637000,28.234528,0.965330,4.161988,1.926774,0,28.651553,0.056435,19.987193
6.638000,28.238690,0.967252,4.161988,1.916964,0,28.655715,0.058357,19.987193
6.639000,28.242852,0.969164,4.161988,1.907154,0,28.659877,0.060269,19.987193
6.640000,28.247014,0.971066,4.161988,1.897344,0,28.664039,0.062172,19.987193
6.641000,28.251176,0.972959,4.161988,1.887534,0,28.668201,0.064064,19.987193
6.642000,28.255338,0.974842,4.161988,1.877724,0,28.672363,0.065947,19.987193
6.643000,28.259500,0.976714,4.161988,1.867914,0,28.676525,0.067819,19.987193
6.644000,28.263662,0.978577,4.161988,1.858104,0,28.680687,0.069682,19.987193
6.645000,28.267824,0.980431,4.161988,1.848294,0,28.684849,0.071536,19.987193
6.646000,28.271985,0.982274,4.161988,1.838484,0,28.689011,0.073379,19.987193
6.647000,28.276147,0.984108,4.161988,1.828674,0,28.693173,0.075213,19.987193
6.648000,28.280309,0.985931,4.161988,1.818864,0,28.697335,0.077036,19.987193
6.649000,28.284471,0.987745,4.161988,1.809054,0,28.701497,0.078850,19.987193
6.650000,28.288633,0.989549,4.161988,1.799244,0,28.705659,0.080655,19.987193
6.651000,28.292795,0.991344,4.161988,1.789434,0,28.709821,0.082449,19.987193
6.652000,28.296957,0.993128,4.161988,1.779624,0,28.713983,0.084233,19.987193
6.653000,28.301119,0.994903,4.161988,1.769814,0,28.718145,0.086008,19.987193
6.654000,28.305281,0.996668,4.161988,1.760004,0,28.722307,0.087773,19.987193
6.655000,28.309443,0.998423,4.161988,1.750194,0,28.726469,0.089528,19.987193
6.656000,28.313605,1.000168,4.161988,1.740384,0,28.730631,0.091273,19.987193
6.657000,28.317767,1.001904,4.161988,1.730574,0,28.734793,0.093009,19.987193
6.658000,28.321929,1.003629,4.161988,1.720764,0,28.738955,0.094735,19.987193
6.659000,28.326091,1.005345,4.161988,1.710954,0,28.743117,0.096450,19.987193
6.660000,28.330253,1.007051,4.161988,1.701144,0,28.747279,0.098156,19.987193
6.661000,28.334415,1.008748,4.161988,1.691334,0,28.751441,0.099853,19.987193
6.662000,28.338577,1.010434,4.161988,1.681524,0,28.755603,0.101539,19.987193
6.663000,28.342739,1.012111,4.161988,1.671714,0,28.759765,0.103216,19.987193
6.664000,28.346901,1.013777,4.161988,1.661904,0,28.763927,0.104883,19.987193
6.665000,28.351063,1.015434,4.161988,1.652094,0,28.768089,0.106540,19.987193
6.666000,28.355225,1.017082,4.161988,1.642284,0,28.772251,0.108187,19.987193
6.667000,28.359387,1.018719,4.161988,1.632474,0,28.776413,0.109824,19.987193
6.668000,28.363549,1.020347,4.161988,1.622664,0,28.780575,0.111452,19.987193
6.669000,28.367711,1.021964,4.161988,1.612854,0,28.784737,0.113069,19.987193
6.670000,28.371873,1.023572,4.161988,1.603044,0,28.788899,0.114677,19.987193
6.671000,28.376035,1.025170,4.161988,1.593234,0,28.793061,0.116276,19.987193
6.672000,28.380197,1.026759,4.161988,1.583424,0,28.797223,0.117864,19.987193
6.673000,28.384359,1.028337,4.161988,1.573614,0,28.801384,0.119442,19.987193
6.674000,28.388521,1.029906,4.161988,1.563804,0,28.805546,0.121011,19.987193
6.675000,28.392683,1.031465,4.161988,1.553994,0,28.809708,0.122570,19.987193
6.676000,28.396845,1.033014,4.161988,1.544184,0,28.813870,0.124119,19.987193
6.677000,28.401007,1.034553,4.161988,1.534374,0,28.818032,0.125658,19.987193
6.678000,28.405169,1.036083,4.161988,1.524564,0,28.822194,0.127188,19.987193
6.679000,28.409331,1.037602,4.161988,1.514754,0,28.826356,0.128708,19.987193
6.680000,28.413493,1.039112,4.161988,1.504944,0,28.830518,0.130217,19.987193
6.681000,28.417655,1.040612,4.161988,1.495134,0,28.834680,0.131717,19.987193
6.682000,28.421817,1.042102,4.161988,1.485324,0,28.838842,0.133208,19.987193
6.683000,28.425979,1.043583,4.161988,1.475514,0,28.843004,0.134688,19.987193
6.684000,28.430141,1.045054,4.161988,1.465704,0,28.847166,0.136159,19.987193
6.685000,28.434303,1.046514,4.161988,1.455894,0,28.851328,0.137619,19.987193
6.686000,28.438465,1.047965,4.161988,1.446084,0,28.855490,0.139070,19.987193
6.687000,28.442627,1.049406,4.161988,1.436274,0,28.859652,0.140512,19.987193
6.688000,28.446789,1.050838,4.161988,1.426464,0,28.863814,0.141943,19.987193
6.689000,28.450951,1.052259,4.161988,1.416654,0,28.867976,0.143365,19.987193
6.690000,28.455113,1.053671,4.161988,1.406844,0,28.872138,0.144776,19.987193
6.691000,28.459275,1.055073,4.161988,1.397034,0,28.876300,0.146178,19.987193
6.692000,28.463437,1.056465,4.161988,1.387224,0,28.880462,0.147570,19.987193
6.693000,28.467599,1.057848,4.161988,1.377414,0,28.884624,0.148953,19.987193
6.694000,28.471761,1.059220,4.161988,1.367604,0,28.888786,0.150325,19.987193
6.695000,28.475923,1.060583,4.161988,1.357794,0,28.892948,0.151688,19.987193
6.696000,28.480085,1.061936,4.161988,1.347984,0,28.897110,0.153041,19.987193
6.697000,28.484247,1.063279,4.161988,1.338174,0,28.901272,0.154384,19.987193
6.698000,28.488409,1.064612,4.161988,1.328364,0,28.905434,0.155717,19.987193
6.699000,28.492571,1.065935,4.161988,1.318554,0,28.909596,0.157041,19.987193
6.700000,28.496733,1.067249,4.161988,1.308744,0,28.913758,0.158354,19.987193
6.701000,28.500895,1.068553,4.161988,1.298934,0,28.917920,0.159658,19.987193
6.702000,28.505057,1.069847,4.161988,1.289124,0,28.922082,0.160952,19.987193
6.703000,28.509219,1.071131,4.161988,1.279314,0,28.926244,0.162236,19.987193
6.704000,28.513381,1.072406,4.161988,1.269504,0,28.930406,0.163511,19.987193
6.705000,28.517543,1.073670,4.161988,1.259694,0,28.934568,0.164775,19.987193
6.706000,28.521705,1.074925,4.161988,1.249884,0,28.938730,0.166030,19.987193
6.707000,28.525867,1.076170,4.161988,1.240074,0,28.942892,0.167275,19.987193
6.708000,28.530029,1.077405,4.161988,1.230264,0,28.947054,0.168510,19.987193
6.709000,28.534191,1.078631,4.161988,1.220454,0,28.951216,0.169736,19.987193
6.710000,28.538353,1.079846,4.161988,1.210644,0,28.955378,0.170951,19.987193
6.711000,28.542515,1.081052,4.161988,1.200834,0,28.959540,0.172157,19.987193
6.712000,28.546677,1.082248,4.161988,1.191024,0,28.963702,0.173353,19.987193
6.713000,28.550839,1.083434,4.161988,1.181214,0,28.967864,0.174539,19.987193
6.714000,28.555001,1.084610,4.161988,1.171404,0,28.972026,0.175715,19.987193
6.715000,28.559163,1.085777,4.161988,1.161594,0,28.976188,0.176882,19.987193
6.716000,28.563325,1.086933,4.161988,1.151784,0,28.980350,0.178038,19.987193
6.717000,28.567487,1.088080,4.161988,1.141974,0,28.984512,0.179185,19.987193
6.718000,28.571649,1.089217,4.161988,1.132164,0,28.988674,0.180322,19.987193
6.719000,28.575811,1.090345,4.161988,1.122354,0,28.992836,0.181450,19.987193
6.720000,28.579973,1.091462,4.161988,1.112544,0,28.996998,0.182567,19.987193
6.721000,28.584135,1.092570,4.161988,1.102734,0,29.001160,0.183675,19.987193
6.722000,28.588297,1.093667,4.161988,1.092924,0,29.005322,0.184773,19.987193
6.723000,28.592459,1.094755,4.161988,1.083114,0,29.009484,0.185861,19.987193
6.724000,28.596621,1.095834,4.161988,1.073304,0,29.013646,0.186939,19.987193
6.725000,28.600783,1.096902,4.161988,1.063494,0,29.017808,0.188007,19.987193
6.726000,28.604945,1.097961,4.161988,1.053684,0,29.021970,0.189066,19.987193
6.727000,28.609107,1.099009,4.161988,1.043874,0,29.026132,0.190115,19.987193
6.728000,28.613269,1.100048,4.161988,1.034064,0,29.030294,0.191154,19.987193
6.729000,28.617431,1.101078,4.161988,1.024254,0,29.034456,0.192183,19.987193
6.730000,28.621593,1.102097,4.161988,1.014444,0,29.038618,0.193202,19.987193
6.731000,28.625754,1.103106,4.161988,1.004634,0,29.042780,0.194212,19.987193
6.732000,28.629916,1.104106,4.161988,0.994824,0,29.046942,0.195211,19.987193
6.733000,28.634078,1.105096,4.161988,0.985014,0,29.051104,0.196201,19.987193
6.734000,28.638240,1.106076,4.161988,0.975204,0,29.055266,0.197181,19.987193
6.735000,28.642402,1.107047,4.161988,0.965394,0,29.059428,0.198152,19.987193
6.736000,28.646564,1.108007,4.161988,0.955584,0,29.063590,0.199112,19.987193
6.737000,28.650726,1.108958,4.161988,0.945774,0,29.067752,0.200063,19.987193
6.738000,28.654888,1.109899,4.161988,0.935964,0,29.071914,0.201004,19.987193
6.739000,28.659050,1.110830,4.161988,0.926154,0,29.076076,0.201935,19.987193
6.740000,28.663212,1.111751,4.161988,0.916344,0,29.080238,0.202856,19.987193
6.741000,28.667374,1.112662,4.161988,0.906534,0,29.084400,0.203767,19.987193
6.742000,28.671536,1.113564,4.161988,0.896724,0,29.088562,0.204669,19.987193
6.743000,28.675698,1.114456,4.161988,0.886914,0,29.092724,0.205561,19.987193
6.744000,28.679860,1.115338,4.161988,0.877104,0,29.096886,0.206443,19.987193
6.745000,28.684022,1.116210,4.161988,0.867294,0,29.101048,0.207315,19.987193
6.746000,28.688184,1.117072,4.161988,0.857484,0,29.105210,0.208178,19.987193
6.747000,28.692346,1.117925,4.161988,0.847674,0,29.109372,0.209030,19.987193
6.748000,28.696508,1.118768,4.161988,0.837864,0,29.113534,0.209873,19.987193
6.749000,28.700670,1.119601,4.161988,0.828054,0,29.117696,0.210706,19.987193
6.750000,28.704832,1.120424,4.161988,0.818244,0,29.121858,0.211529,19.987193
6.751000,28.708994,1.121237,4.161988,0.808434,0,29.126020,0.212342,19.987193
6.752000,28.713156,1.122041,4.161988,0.798624,0,29.130182,0.213146,19.987193
6.753000,28.717318,1.122834,4.161988,0.788814,0,29.134344,0.213940,19.987193
6.754000,28.721480,1.123618,4.161988,0.779004,0,29.138506,0.214723,19.987193
6.755000,28.725642,1.124392,4.161988,0.769194,0,29.142668,0.215498,19.987193
6.756000,28.729804,1.125157,4.161988,0.759384,0,29.146830,0.216262,19.987193
6.757000,28.733966,1.125911,4.161988,0.749574,0,29.150992,0.217016,19.987193
6.758000,28.738128,1.126656,4.161988,0.739764,0,29.155153,0.217761,19.987193
6.759000,28.742290,1.127391,4.161988,0.729954,0,29.159315,0.218496,19.987193
6.760000,28.746452,1.128116,4.161988,0.720144,0,29.163477,0.219221,19.987193
6.761000,28.750614,1.128831,4.161988,0.710334,0,29.167639,0.219936,19.987193
6.762000,28.754776,1.129536,4.161988,0.700524,0,29.171801,0.220642,19.987193
6.763000,28.758938,1.130232,4.161988,0.690714,0,29.175963,0.221337,19.987193
6.764000,28.763100,1.130918,4.161988,0.680904,0,29.180125,0.222023,19.987193
6.765000,28.767262,1.131594,4.161988,0.671094,0,29.184287,0.222699,19.987193
6.766000,28.771424,1.132260,4.161988,0.661284,0,29.188449,0.223365,19.987193
6.767000,28.775586,1.132916,4.161988,0.651474,0,29.192611,0.224022,19.987193
6.768000,28.779748,1.133563,4.161988,0.641664,0,29.196773,0.224668,19.987193
6.769000,28.783910,1.134200,4.161988,0.631854,0,29.200935,0.225305,19.987193
6.770000,28.788072,1.134827,4.161988,0.622044,0,29.205097,0.225932,19.987193
6.771000,28.792234,1.135444,4.161988,0.612234,0,29.209259,0.226549,19.987193
6.772000,28.796396,1.136051,4.161988,0.602424,0,29.213421,0.227156,19.987193
6.773000,28.800558,1.136649,4.161988,0.592614,0,29.217583,0.227754,19.987193
6.774000,28.804720,1.137236,4.161988,0.582804,0,29.221745,0.228342,19.987193
6.775000,28.808882,1.137814,4.161988,0.572994,0,29.225907,0.228919,19.987193
6.776000,28.813044,1.138382,4.161988,0.563184,0,29.230069,0.229488,19.987193
6.777000,28.817206,1.138941,4.161988,0.553374,0,29.234231,0.230046,19.987193
6.778000,28.821368,1.139489,4.161988,0.543564,0,29.238393,0.230594,19.987193
6.779000,28.825530,1.140028,4.161988,0.533754,0,29.242555,0.231133,19.987193
6.780000,28.829692,1.140557,4.161988,0.523944,0,29.246717,0.231662,19.987193
6.781000,28.833854,1.141076,4.161988,0.514134,0,29.250879,0.232181,19.987193
6.782000,28.838016,1.141585,4.161988,0.504324,0,29.255041,0.232690,19.987193
6.783000,28.842178,1.142084,4.161988,0.494514,0,29.259203,0.233189,19.987193
6.784000,28.846340,1.142574,4.161988,0.484704,0,29.263365,0.233679,19.987193
6.785000,28.850502,1.143054,4.161988,0.474894,0,29.267527,0.234159,19.987193
6.786000,28.854664,1.143524,4.161988,0.465084,0,29.271689,0.234629,19.987193
6.787000,28.858826,1.143984,4.161988,0.455274,0,29.275851,0.235089,19.987193
6.788000,28.862988,1.144434,4.161988,0.445464,0,29.280013,0.235539,19.987193
6.789000,28.867150,1.144875,4.161988,0.435654,0,29.284175,0.235980,19.987193
6.790000,28.871312,1.145306,4.161988,0.425844,0,29.288337,0.236411,19.987193
6.791000,28.875474,1.145727,4.161988,0.416034,0,29.292499,0.236832,19.987193
6.792000,28.879636,1.146138,4.161988,0.406224,0,29.296661,0.237243,19.987193
6.793000,28.883798,1.146539,4.161988,0.396414,0,29.300823,0.237644,19.987193
6.794000,28.887960,1.146931,4.161988,0.386604,0,29.304985,0.238036,19.987193
6.795000,28.892122,1.147312,4.161988,0.376794,0,29.309147,0.238417,19.987193
6.796000,28.896284,1.147684,4.161988,0.366984,0,29.313309,0.238789,19.987193
6.797000,28.900446,1.148046,4.161988,0.357174,0,29.317471,0.239151,19.987193
6.798000,28.904608,1.148398,4.161988,0.347364,0,29.321633,0.239504,19.987193
6.799000,28.908770,1.148741,4.161988,0.337554,0,29.325795,0.239846,19.987193
6.800000,28.912932,1.149074,4.161988,0.327744,0,29.329957,0.240179,19.987193
6.801000,28.917094,1.149396,4.161988,0.317934,0,29.334119,0.240502,19.987193
6.802000,28.921256,1.149709,4.161988,0.308124,0,29.338281,0.240815,19.987193
6.803000,28.925418,1.150013,4.161988,0.298314,0,29.342443,0.241118,19.987193
6.804000,28.929580,1.150306,4.161988,0.288504,0,29.346605,0.241411,19.987193
6.805000,28.933742,1.150590,4.161988,0.278694,0,29.350767,0.241695,19.987193
6.806000,28.937904,1.150863,4.161988,0.268884,0,29.354929,0.241969,19.987193
6.807000,28.942066,1.151127,4.161988,0.259074,0,29.359091,0.242233,19.987193
6.808000,28.946228,1.151382,4.161988,0.249264,0,29.363253,0.242487,19.987193
6.809000,28.950390,1.151626,4.161988,0.239454,0,29.367415,0.242731,19.987193
6.810000,28.954552,1.151860,4.161988,0.229644,0,29.371577,0.242966,19.987193
6.811000,28.958714,1.152085,4.161988,0.219834,0,29.375739,0.243190,19.987193
6.812000,28.962876,1.152300,4.161988,0.210024,0,29.379901,0.243405,19.987193
6.813000,28.967038,1.152505,4.161988,0.200214,0,29.384063,0.243610,19.987193
6.814000,28.971200,1.152701,4.161988,0.190404,0,29.388225,0.243806,19.987193
6.815000,28.975362,1.152886,4.161988,0.180594,0,29.392387,0.243991,19.987193
6.816000,28.979523,1.153062,4.161988,0.170784,0,29.396549,0.244167,19.987193
6.817000,28.983685,1.153228,4.161988,0.160974,0,29.400711,0.244333,19.987193
6.818000,28.987847,1.153384,4.161988,0.151164,0,29.404873,0.244489,19.987193
6.819000,28.992009,1.153530,4.161988,0.141354,0,29.409035,0.244635,19.987193
6.820000,28.996171,1.153666,4.161988,0.131544,0,29.413197,0.244772,19.987193
6.821000,29.000333,1.153793,4.161988,0.121734,0,29.417359,0.244898,19.987193
6.822000,29.004495,1.153910,4.161988,0.111924,0,29.421521,0.245015,19.987193
6.823000,29.008657,1.154017,4.161988,0.102114,0,29.425683,0.245122,19.987193
6.824000,29.012819,1.154114,4.161988,0.092304,0,29.429845,0.245219,19.987193
6.825000,29.016981,1.154202,4.161988,0.082494,0,29.434007,0.245307,19.987193
6.826000,29.021143,1.154279,4.161988,0.072684,0,29.438169,0.245384,19.987193
6.827000,29.025305,1.154347,4.161988,0.062874,0,29.442331,0.245452,19.987193
6.828000,29.029467,1.154405,4.161988,0.053064,0,29.446493,0.245510,19.987193
6.829000,29.033629,1.154453,4.161988,0.043254,0,29.450655,0.245558,19.987193
6.830000,29.037791,1.154491,4.161988,0.033444,0,29.454817,0.245597,19.987193
6.831000,29.041953,1.154520,4.161988,0.023634,0,29.458979,0.245625,19.987193
6.832000,29.046115,1.154539,4.161988,0.013824,0,29.463141,0.245644,19.987193
6.833000,29.050277,1.154548,4.161988,0.004014,0,29.467303,0.245653,19.987193
6.834000,29.054439,1.154547,4.161988,-0.005796,0,29.471465,0.245652,19.987193
6.835000,29.058601,1.154536,4.161988,-0.015606,0,29.475627,0.245641,19.987193
6.836000,29.062763,1.154515,4.161988,-0.025416,0,29.479789,0.245621,19.987193
6.837000,29.066925,1.154485,4.161988,-0.035226,0,29.483951,0.245590,19.987193
6.838000,29.071087,1.154445,4.161988,-0.045036,0,29.488113,0.245550,19.987193
6.839000,29.075249,1.154395,4.161988,-0.054846,0,29.492275,0.245500,19.987193
6.840000,29.079411,1.154335,4.161988,-0.064656,0,29.496437,0.245440,19.987193
6.841000,29.083573,1.154266,4.161988,-0.074466,0,29.500599,0.245371,19.987193
6.842000,29.087735,1.154186,4.161988,-0.084276,0,29.504761,0.245292,19.987193
6.843000,29.091897,1.154097,4.161988,-0.094086,0,29.508922,0.245202,19.987193
6.844000,29.096059,1.153998,4.161988,-0.103896,0,29.513084,0.245103,19.987193
6.845000,29.100221,1.153889,4.161988,-0.113706,0,29.517246,0.244995,19.987193
6.846000,29.104383,1.153771,4.161988,-0.123516,0,29.521408,0.244876,19.987193
6.847000,29.108545,1.153642,4.161988,-0.133326,0,29.525570,0.244748,19.987193
6.848000,29.112707,1.153504,4.161988,-0.143136,0,29.529732,0.244609,19.987193
6.849000,29.116869,1.153356,4.161988,-0.152946,0,29.533894,0.244461,19.987193
6.850000,29.121031,1.153198,4.161988,-0.162756,0,29.538056,0.244303,19.987193
6.851000,29.125193,1.153031,4.161988,-0.172566,0,29.542218,0.244136,19.987193
6.852000,29.129355,1.152853,4.161988,-0.182376,0,29.546380,0.243958,19.987193
6.853000,29.133517,1.152666,4.161988,-0.192186,0,29.550542,0.243771,19.987193
6.854000,29.137679,1.152469,4.161988,-0.201996,0,29.554704,0.243574,19.987193
6.855000,29.141841,1.152262,4.161988,-0.211806,0,29.558866,0.243367,19.987193
6.856000,29.146003,1.152045,4.161988,-0.221616,0,29.563028,0.243150,19.987193
6.857000,29.150165,1.151819,4.161988,-0.231426,0,29.567190,0.242924,19.987193
6.858000,29.154327,1.151582,4.161988,-0.241236,0,29.571352,0.242687,19.987193
6.859000,29.158489,1.151336,4.161988,-0.251046,0,29.575514,0.242441,19.987193
6.860000,29.162651,1.151080,4.161988,-0.260856,0,29.579676,0.242185,19.987193
6.861000,29.166813,1.150814,4.161988,-0.270666,0,29.583838,0.241920,19.987193
6.862000,29.170975,1.150539,4.161988,-0.280476,0,29.588000,0.241644,19.987193
6.863000,29.175137,1.150253,4.161988,-0.290286,0,29.592162,0.241359,19.987193
6.864000,29.179299,1.149958,4.161988,-0.300096,0,29.596324,0.241063,19.987193
6.865000,29.183461,1.149653,4.161988,-0.309906,0,29.600486,0.240758,19.987193
6.866000,29.187623,1.149338,4.161988,-0.319716,0,29.604648,0.240444,19.987193
6.867000,29.191785,1.149014,4.161988,-0.329526,0,29.608810,0.240119,19.987193
6.868000,29.195947,1.148679,4.161988,-0.339336,0,29.612972,0.239785,19.987193
6.869000,29.200109,1.148335,4.161988,-0.349146,0,29.617134,0.239440,19.987193
6.870000,29.204271,1.147981,4.161988,-0.358956,0,29.621296,0.239086,19.987193
6.871000,29.208433,1.147617,4.161988,-0.368766,0,29.625458,0.238722,19.987193
6.872000,29.212595,1.147244,4.161988,-0.378576,0,29.629620,0.238349,19.987193
6.873000,29.216757,1.146860,4.161988,-0.388386,0,29.633782,0.237965,19.987193
6.874000,29.220919,1.146467,4.161988,-0.398196,0,29.637944,0.237572,19.987193
6.875000,29.225081,1.146064,4.161988,-0.408006,0,29.642106,0.237169,19.987193
6.876000,29.229243,1.145651,4.161988,-0.417816,0,29.646268,0.236756,19.987193
6.877000,29.233405,1.145228,4.161988,-0.427626,0,29.650430,0.236333,19.987193
6.878000,29.237567,1.144796,4.161988,-0.437436,0,29.654592,0.235901,19.987193
6.879000,29.241729,1.144353,4.161988,-0.447246,0,29.658754,0.235458,19.987193
6.880000,29.245891,1.143901,4.161988,-0.457056,0,29.662916,0.235006,19.987193
6.881000,29.250053,1.143439,4.161988,-0.466866,0,29.667078,0.234544,19.987193
6.882000,29.254215,1.142967,4.161988,-0.476676,0,29.671240,0.234072,19.987193
6.883000,29.258377,1.142486,4.161988,-0.486486,0,29.675402,0.233591,19.987193
6.884000,29.262539,1.141994,4.161988,-0.496296,0,29.679564,0.233100,19.987193
6.885000,29.266701,1.141493,4.161988,-0.506106,0,29.683726,0.232598,19.987193
6.886000,29.270863,1.140982,4.161988,-0.515916,0,29.687888,0.232087,19.987193
6.887000,29.275025,1.140461,4.161988,-0.525726,0,29.692050,0.231566,19.987193
6.888000,29.279187,1.139931,4.161988,-0.535536,0,29.696212,0.231036,19.987193
6.889000,29.283349,1.139390,4.161988,-0.545346,0,29.700374,0.230495,19.987193
6.890000,29.287511,1.138840,4.161988,-0.555156,0,29.704536,0.229945,19.987193
6.891000,29.291673,1.138280,4.161988,-0.564966,0,29.708698,0.229385,19.987193
6.892000,29.295835,1.137710,4.161988,-0.574776,0,29.712860,0.228815,19.987193
6.893000,29.299997,1.137130,4.161988,-0.584586,0,29.717022,0.228236,19.987193
6.894000,29.304159,1.136541,4.161988,-0.594396,0,29.721184,0.227646,19.987193
6.895000,29.308321,1.135942,4.161988,-0.604206,0,29.725346,0.227047,19.987193
6.896000,29.312483,1.135333,4.161988,-0.614016,0,29.729508,0.226438,19.987193
6.897000,29.316645,1.134714,4.161988,-0.623826,0,29.733670,0.225819,19.987193
6.898000,29.320807,1.134085,4.161988,-0.633636,0,29.737832,0.225190,19.987193
6.899000,29.324969,1.133446,4.161988,-0.643446,0,29.741994,0.224551,19.987193
6.900000,29.329130,1.132798,4.161988,-0.653256,0,29.746156,0.223903,19.987193
6.901000,29.333292,1.132140,4.161988,-0.663066,0,29.750318,0.223245,19.987193
6.902000,29.337454,1.131472,4.161988,-0.672876,0,29.754480,0.222577,19.987193
6.903000,29.341616,1.130794,4.161988,-0.682686,0,29.758642,0.221899,19.987193
6.904000,29.345778,1.130106,4.161988,-0.692496,0,29.762804,0.221212,19.987193
6.905000,29.349940,1.129409,4.161988,-0.702306,0,29.766966,0.220514,19.987193
6.906000,29.354102,1.128702,4.161988,-0.712116,0,29.771128,0.219807,19.987193
6.907000,29.358264,1.127985,4.161988,-0.721926,0,29.775290,0.219090,19.987193
6.908000,29.362426,1.127258,4.161988,-0.731736,0,29.779452,0.218363,19.987193
6.909000,29.366588,1.126521,4.161988,-0.741546,0,29.783614,0.217627,19.987193
6.910000,29.370750,1.125775,4.161988,-0.751356,0,29.787776,0.216880,19.987193
6.911000,29.374912,1.125019,4.161988,-0.761166,0,29.791938,0.216124,19.987193
6.912000,29.379074,1.124253,4.161988,-0.770976,0,29.796100,0.215358,19.987193
6.913000,29.383236,1.123477,4.161988,-0.780786,0,29.800262,0.214582,19.987193
6.914000,29.387398,1.122691,4.161988,-0.790596,0,29.804424,0.213796,19.987193
6.915000,29.391560,1.121896,4.161988,-0.800406,0,29.808586,0.213001,19.987193
6.916000,29.395722,1.121090,4.161988,-0.810216,0,29.812748,0.212195,19.987193
6.917000,29.399884,1.120275,4.161988,-0.820026,0,29.816910,0.211380,19.987193
6.918000,29.404046,1.119450,4.161988,-0.829836,0,29.821072,0.210555,19.987193
6.919000,29.408208,1.118615,4.161988,-0.839646,0,29.825234,0.209721,19.987193
6.920000,29.412370,1.117771,4.161988,-0.849456,0,29.829396,0.208876,19.987193
6.921000,29.416532,1.116917,4.161988,-0.859266,0,29.833558,0.208022,19.987193
6.922000,29.420694,1.116052,4.161988,-0.869076,0,29.837720,0.207157,19.987193
6.923000,29.424856,1.115178,4.161988,-0.878886,0,29.841882,0.206283,19.987193
6.924000,29.429018,1.114295,4.161988,-0.888696,0,29.846044,0.205400,19.987193
6.925000,29.433180,1.113401,4.161988,-0.898506,0,29.850206,0.204506,19.987193
6.926000,29.437342,1.112498,4.161988,-0.908316,0,29.854368,0.203603,19.987193
6.927000,29.441504,1.111584,4.161988,-0.918126,0,29.858529,0.202689,19.987193
6.928000,29.445666,1.110661,4.161988,-0.927936,0,29.862691,0.201766,19.987193
6.929000,29.449828,1.109728,4.161988,-0.937746,0,29.866853,0.200834,19.987193
6.930000,29.453990,1.108786,4.161988,-0.947556,0,29.871015,0.199891,19.987193
6.931000,29.458152,1.107833,4.161988,-0.957366,0,29.875177,0.198938,19.987193
6.932000,29.462314,1.106871,4.161988,-0.967176,0,29.879339,0.197976,19.987193
6.933000,29.466476,1.105899,4.161988,-0.976986,0,29.883501,0.197004,19.987193
6.934000,29.470638,1.104917,4.161988,-0.986796,0,29.887663,0.196022,19.987193
6.935000,29.474800,1.103925,4.161988,-0.996606,0,29.891825,0.195031,19.987193
6.936000,29.478962,1.102924,4.161988,-1.006416,0,29.895987,0.194029,19.987193
6.937000,29.483124,1.101913,4.161988,-1.016226,0,29.900149,0.193018,19.987193
6.938000,29.487286,1.100891,4.161988,-1.026036,0,29.904311,0.191997,19.987193
6.939000,29.491448,1.099861,4.161988,-1.035846,0,29.908473,0.190966,19.987193
6.940000,29.495610,1.098820,4.161988,-1.045656,0,29.912635,0.189925,19.987193
6.941000,29.499772,1.097769,4.161988,-1.055466,0,29.916797,0.188874,19.987193
6.942000,29.503934,1.096709,4.161988,-1.065276,0,29.920959,0.187814,19.987193
6.943000,29.508096,1.095639,4.161988,-1.075086,0,29.925121,0.186744,19.987193
6.944000,29.512258,1.094559,4.161988,-1.084896,0,29.929283,0.185664,19.987193
6.945000,29.516420,1.093469,4.161988,-1.094706,0,29.933445,0.184574,19.987193
6.946000,29.520582,1.092369,4.161988,-1.104516,0,29.937607,0.183474,19.987193
6.947000,29.524744,1.091260,4.161988,-1.114326,0,29.941769,0.182365,19.987193
6.948000,29.528906,1.090141,4.161988,-1.124136,0,29.945931,0.181246,19.987193
6.949000,29.533068,1.089012,4.161988,-1.133946,0,29.950093,0.180117,19.987193
6.950000,29.537230,1.087873,4.161988,-1.143756,0,29.954255,0.178978,19.987193
6.951000,29.541392,1.086724,4.161988,-1.153566,0,29.958417,0.177829,19.987193
6.952000,29.545554,1.085566,4.161988,-1.163376,0,29.962579,0.176671,19.987193
6.953000,29.549716,1.084397,4.161988,-1.173186,0,29.966741,0.175502,19.987193
6.954000,29.553878,1.083219,4.161988,-1.182996,0,29.970903,0.174324,19.987193
6.955000,29.558040,1.082031,4.161988,-1.192806,0,29.975065,0.173136,19.987193
6.956000,29.562202,1.080834,4.161988,-1.202616,0,29.979227,0.171939,19.987193
6.957000,29.566364,1.079626,4.161988,-1.212426,0,29.983389,0.170731,19.987193
6.958000,29.570526,1.078409,4.161988,-1.222236,0,29.987551,0.169514,19.987193
6.959000,29.574688,1.077182,4.161988,-1.232046,0,29.991713,0.168287,19.987193
6.960000,29.578850,1.075945,4.161988,-1.241856,0,29.995875,0.167050,19.987193
6.961000,29.583012,1.074698,4.161988,-1.251666,0,30.000037,0.165803,19.987193
6.962000,29.587174,1.073441,4.161988,-1.261476,0,30.004199,0.164546,19.987193
6.963000,29.591336,1.072175,4.161988,-1.271286,0,30.008361,0.163280,19.987193
6.964000,29.595498,1.070899,4.161988,-1.281096,0,30.012523,0.162004,19.987193
6.965000,29.599660,1.069613,4.161988,-1.290906,0,30.016685,0.160718,19.987193
6.966000,29.603822,1.068317,4.161988,-1.300716,0,30.020847,0.159422,19.987193
6.967000,29.607984,1.067011,4.161988,-1.310526,0,30.025009,0.158116,19.987193
6.968000,29.612146,1.065696,4.161988,-1.320336,0,30.029171,0.156801,19.987193
6.969000,29.616308,1.064371,4.161988,-1.330146,0,30.033333,0.155476,19.987193
6.970000,29.620470,1.063036,4.161988,-1.339956,0,30.037495,0.154141,19.987193
6.971000,29.624632,1.061691,4.161988,-1.349766,0,30.041657,0.152796,19.987193
6.972000,29.628794,1.060336,4.161988,-1.359576,0,30.045819,0.151441,19.987193
6.973000,29.632956,1.058972,4.161988,-1.369386,0,30.049981,0.150077,19.987193
6.974000,29.637118,1.057597,4.161988,-1.379196,0,30.054143,0.148702,19.987193
6.975000,29.641280,1.056213,4.161988,-1.389006,0,30.058305,0.147318,19.987193
6.976000,29.645442,1.054819,4.161988,-1.398816,0,30.062467,0.145924,19.987193
6.977000,29.649604,1.053416,4.161988,-1.408626,0,30.066629,0.144521,19.987193
6.978000,29.653766,1.052002,4.161988,-1.418436,0,30.070791,0.143107,19.987193
6.979000,29.657928,1.050579,4.161988,-1.428246,0,30.074953,0.141684,19.987193
6.980000,29.662090,1.049146,4.161988,-1.438056,0,30.079115,0.140251,19.987193
6.981000,29.666252,1.047703,4.161988,-1.447866,0,30.083277,0.138808,19.987193
6.982000,29.670414,1.046250,4.161988,-1.457676,0,30.087439,0.137355,19.987193
6.983000,29.674576,1.044787,4.161988,-1.467486,0,30.091601,0.135892,19.987193
6.984000,29.678738,1.043315,4.161988,-1.477296,0,30.095763,0.134420,19.987193
6.985000,29.682899,1.041833,4.161988,-1.487106,0,30.099925,0.132938,19.987193
6.986000,29.687061,1.040341,4.161988,-1.496916,0,30.104087,0.131446,19.987193
6.987000,29.691223,1.038839,4.161988,-1.506726,0,30.108249,0.129944,19.987193
6.988000,29.695385,1.037327,4.161988,-1.516536,0,30.112411,0.128432,19.987193
6.989000,29.699547,1.035806,4.161988,-1.526346,0,30.116573,0.126911,19.987193
6.990000,29.703709,1.034274,4.161988,-1.536156,0,30.120735,0.125380,19.987193
6.991000,29.707871,1.032733,4.161988,-1.545966,0,30.124897,0.123839,19.987193
6.992000,29.712033,1.031183,4.161988,-1.555776,0,30.129059,0.122288,19.987193
6.993000,29.716195,1.029622,4.161988,-1.565586,0,30.133221,0.120727,19.987193
6.994000,29.720357,1.028051,4.161988,-1.575396,0,30.137383,0.119157,19.987193
6.995000,29.724519,1.026471,4.161988,-1.585206,0,30.141545,0.117576,19.987193
6.996000,29.728681,1.024881,4.161988,-1.595016,0,30.145707,0.115986,19.987193
6.997000,29.732843,1.023281,4.161988,-1.604826,0,30.149869,0.114386,19.987193
6.998000,29.737005,1.021671,4.161988,-1.614636,0,30.154031,0.112776,19.987193
6.999000,29.741167,1.020052,4.161988,-1.624446,0,30.158193,0.111157,19.987193
7.000000,29.745329,1.018422,4.161988,-1.634256,0,30.162355,0.109528,19.987193
7.001000,29.749491,1.016783,4.161988,-1.644066,0,30.166517,0.107888,19.987193
7.002000,29.753653,1.015134,4.161988,-1.653876,0,30.170679,0.106239,19.987193
7.003000,29.757815,1.013476,4.161988,-1.663686,0,30.174841,0.104581,19.987193
7.004000,29.761977,1.011807,4.161988,-1.673496,0,30.179003,0.102912,19.987193
7.005000,29.766139,1.010129,4.161988,-1.683306,0,30.183165,0.101234,19.987193
7.006000,29.770301,1.008440,4.161988,-1.693116,0,30.187327,0.099545,19.987193
7.007000,29.774463,1.006742,4.161988,-1.702926,0,30.191489,0.097847,19.987193
7.008000,29.778625,1.005034,4.161988,-1.712736,0,30.195651,0.096140,19.987193
7.009000,29.782787,1.003317,4.161988,-1.722546,0,30.199813,0.094422,19.987193
7.010000,29.786949,1.001589,4.161988,-1.732356,0,30.203975,0.092694,19.987193
7.011000,29.791111,0.999852,4.161988,-1.742166,0,30.208137,0.090957,19.987193
7.012000,29.795273,0.998105,4.161988,-1.751976,0,30.212298,0.089210,19.987193
7.013000,29.799435,0.996348,4.161988,-1.761786,0,30.216460,0.087453,19.987193
7.014000,29.803597,0.994581,4.161988,-1.771596,0,30.220622,0.085687,19.987193
7.015000,29.807759,0.992805,4.161988,-1.781406,0,30.224784,0.083910,19.987193
7.016000,29.811921,0.991019,4.161988,-1.791216,0,30.228946,0.082124,19.987193
7.017000,29.816083,0.989223,4.161988,-1.801026,0,30.233108,0.080328,19.987193
7.018000,29.820245,0.987417,4.161988,-1.810836,0,30.237270,0.078522,19.987193
7.019000,29.824407,0.985601,4.161988,-1.820646,0,30.241432,0.076706,19.987193
7.020000,29.828569,0.983775,4.161988,-1.830456,0,30.245594,0.074880,19.987193
7.021000,29.832731,0.981940,4.161988,-1.840266,0,30.249756,0.073045,19.987193
7.022000,29.836893,0.980095,4.161988,-1.850076,0,30.253918,0.071200,19.987193
7.023000,29.841055,0.978240,4.161988,-1.859886,0,30.258080,0.069345,19.987193
7.024000,29.845217,0.976375,4.161988,-1.869696,0,30.262242,0.067480,19.987193
7.025000,29.849379,0.974500,4.161988,-1.879506,0,30.266404,0.065606,19.987193
7.026000,29.853541,0.972616,4.161988,-1.889316,0,30.270566,0.063721,19.987193
7.027000,29.857703,0.970722,4.161988,-1.899126,0,30.274728,0.061827,19.987193
7.028000,29.861865,0.968818,4.161988,-1.908936,0,30.278890,0.059923,19.987193
7.029000,29.866027,0.966904,4.161988,-1.918746,0,30.283052,0.058009,19.987193
7.030000,29.870189,0.964980,4.161988,-1.928556,0,30.287214,0.056085,19.987193
7.031000,29.874351,0.963047,4.161988,-1.938366,0,30.291376,0.054152,19.987193
7.032000,29.878513,0.961104,4.161988,-1.948176,0,30.295538,0.052209,19.987193
7.033000,29.882675,0.959150,4.161988,-1.957986,0,30.299700,0.050256,19.987193
7.034000,29.886837,0.957188,4.161988,-1.967796,0,30.303862,0.048293,19.987193
7.035000,29.890999,0.955215,4.161988,-1.977606,0,30.308024,0.046320,19.987193
7.036000,29.895161,0.953232,4.161988,-1.987416,0,30.312186,0.044337,19.987193
7.037000,29.899323,0.951240,4.161988,-1.997226,0,30.316348,0.042345,19.987193
7.038000,29.903485,0.949238,4.161988,-2.007036,0,30.320510,0.040343,19.987193
7.039000,29.907647,0.947226,4.161988,-2.016846,0,30.324672,0.038331,19.987193
7.040000,29.911809,0.945204,4.161988,-2.026656,0,30.328834,0.036309,19.987193
7.041000,29.915971,0.943173,4.161988,-2.036466,0,30.332996,0.034278,19.987193
7.042000,29.920133,0.941131,4.161988,-2.046276,0,30.337158,0.032236,19.987193
7.043000,29.924295,0.939080,4.161988,-2.056086,0,30.341320,0.030185,19.987193
7.044000,29.928457,0.937019,4.161988,-2.065896,0,30.345482,0.028124,19.987193
7.045000,29.932619,0.934948,4.161988,-2.075706,0,30.349644,0.026053,19.987193
7.046000,29.936781,0.932868,4.161988,-2.085516,0,30.353806,0.023973,19.987193
7.047000,29.940943,0.930777,4.161988,-2.095326,0,30.357968,0.021882,19.987193
7.048000,29.945105,0.928677,4.161988,-2.105136,0,30.362130,0.019782,19.987193
7.049000,29.949267,0.926567,4.161988,-2.114946,0,30.366292,0.017672,19.987193
7.050000,29.953429,0.924447,4.161988,-2.124756,0,30.370454,0.015552,19.987193
7.051000,29.957591,0.922317,4.161988,-2.134566,0,30.374616,0.013423,19.987193
7.052000,29.961753,0.920178,4.161988,-2.144376,0,30.378778,0.011283,19.987193
7.053000,29.965915,0.918029,4.161988,-2.154186,0,30.382940,0.009134,19.987193
7.054000,29.970077,0.915870,4.161988,-2.163996,0,30.387102,0.006975,19.987193
7.055000,29.974239,0.913701,4.161988,-2.173806,0,30.391264,0.004806,19.987193
7.056000,29.978401,0.911522,4.161988,-2.183616,0,30.395426,0.002627,19.987193
7.057000,29.982563,0.909334,4.161988,-2.193426,0,30.399588,0.000439,19.987193
7.058000,29.986725,0.907135,4.161988,-2.203236,1,30.402943,0.000000,19.987567
7.059000,29.990886,0.904927,4.161672,-2.212353,1,30.402943,0.000000,19.987567
7.060000,29.995048,0.902711,4.161049,-2.220789,1,30.402943,0.000000,19.987567
7.061000,29.999208,0.900486,4.160123,-2.228542,1,30.402943,0.000000,19.987567
7.062000,30.003368,0.898254,4.158899,-2.235610,1,30.402943,0.000000,19.987567
7.063000,30.007526,0.896015,4.157380,-2.241992,1,30.402943,0.000000,19.987567
7.064000,30.011683,0.893770,4.155571,-2.247686,1,30.402943,0.000000,19.987567
7.065000,30.015837,0.891520,4.153477,-2.252692,1,30.402943,0.000000,19.987567
7.066000,30.019990,0.889265,4.151102,-2.257008,1,30.402943,0.000000,19.987567
7.067000,30.024139,0.887006,4.148450,-2.260635,1,30.402943,0.000000,19.987567
7.068000,30.028286,0.884744,4.145527,-2.263571,1,30.402943,0.000000,19.987567
7.069000,30.032430,0.882479,4.142338,-2.265817,1,30.402943,0.000000,19.987567
7.070000,30.036571,0.880212,4.138887,-2.267371,1,30.402943,0.000000,19.987567
7.071000,30.040708,0.877945,4.135179,-2.268234,1,30.402943,0.000000,19.987567
7.072000,30.044841,0.875676,4.131220,-2.268406,1,30.402943,0.000000,19.987567
7.073000,30.048970,0.873408,4.127015,-2.267887,1,30.402943,0.000000,19.987567
7.074000,30.053095,0.871141,4.122570,-2.266677,1,30.402943,0.000000,19.987567
7.075000,30.057215,0.868875,4.117889,-2.264777,1,30.402943,0.000000,19.987567
7.076000,30.061331,0.866611,4.112978,-2.262188,1,30.402943,0.000000,19.987567
7.077000,30.065441,0.864351,4.107844,-2.258911,1,30.402943,0.000000,19.987567
7.078000,30.069546,0.862094,4.102491,-2.254946,1,30.402943,0.000000,19.987567
7.079000,30.073646,0.859841,4.096926,-2.250295,1,30.402943,0.000000,19.987567
7.080000,30.077740,0.857593,4.091155,-2.244960,1,30.402943,0.000000,19.987567
7.081000,30.081828,0.855351,4.085183,-2.238941,1,30.402943,0.000000,19.987567
7.082000,30.085911,0.853116,4.079016,-2.232241,1,30.402943,0.000000,19.987567
7.083000,30.089986,0.850887,4.072661,-2.224861,1,30.402943,0.000000,19.987567
7.084000,30.094056,0.848666,4.066124,-2.216803,1,30.402943,0.000000,19.987567
7.085000,30.098119,0.846454,4.059411,-2.208071,1,30.402943,0.000000,19.987567
7.086000,30.102175,0.844250,4.052528,-2.198665,1,30.402943,0.000000,19.987567
7.087000,30.106224,0.842057,4.045482,-2.188589,1,30.402943,0.000000,19.987567
7.088000,30.110266,0.839873,4.038280,-2.177845,1,30.402943,0.000000,19.987567
7.089000,30.114300,0.837701,4.030928,-2.166437,1,30.402943,0.000000,19.987567
7.090000,30.118327,0.835541,4.023432,-2.154367,1,30.402943,0.000000,19.987567
7.091000,30.122347,0.833393,4.015799,-2.141639,1,30.402943,0.000000,19.987567
7.092000,30.126359,0.831258,4.008036,-2.128256,1,30.402943,0.000000,19.987567
7.093000,30.130363,0.829136,4.000150,-2.114221,1,30.402943,0.000000,19.987567
7.094000,30.134359,0.827029,3.992147,-2.099539,1,30.402943,0.000000,19.987567
7.095000,30.138347,0.824938,3.984035,-2.084213,1,30.402943,0.000000,19.987567
7.096000,30.142327,0.822861,3.975820,-2.068248,1,30.402943,0.000000,19.987567
7.097000,30.146299,0.820801,3.967509,-2.051648,1,30.402943,0.000000,19.987567
7.098000,30.150262,0.818758,3.959109,-2.034417,1,30.402943,0.000000,19.987567
7.099000,30.154217,0.816733,3.950627,-2.016561,1,30.402943,0.000000,19.987567
7.100000,30.158163,0.814725,3.942070,-1.998083,1,30.402943,0.000000,19.987567
7.101000,30.162101,0.812737,3.933446,-1.978989,1,30.402943,0.000000,19.987567
7.102000,30.166030,0.810767,3.924761,-1.959284,1,30.402943,0.000000,19.987567
7.103000,30.169951,0.808818,3.916022,-1.938973,1,30.402943,0.000000,19.987567
7.104000,30.173862,0.806890,3.907236,-1.918063,1,30.402943,0.000000,19.987567
7.105000,30.177765,0.804982,3.898412,-1.896558,1,30.402943,0.000000,19.987567
7.106000,30.181659,0.803097,3.889554,-1.874465,1,30.402943,0.000000,19.987567
7.107000,30.185544,0.801234,3.880672,-1.851790,1,30.402943,0.000000,19.987567
7.108000,30.189420,0.799393,3.871772,-1.828539,1,30.402943,0.000000,19.987567
7.109000,30.193288,0.797577,3.862860,-1.804718,1,30.402943,0.000000,19.987567
7.110000,30.197146,0.795784,3.853945,-1.780334,1,30.402943,0.000000,19.987567
7.111000,30.200996,0.794016,3.845032,-1.755394,1,30.402943,0.000000,19.987567
7.112000,30.204836,0.792274,3.836130,-1.729904,1,30.402943,0.000000,19.987567
7.113000,30.208668,0.790557,3.827245,-1.703873,1,30.402943,0.000000,19.987567
7.114000,30.212491,0.788866,3.818385,-1.677307,1,30.402943,0.000000,19.987567
7.115000,30.216305,0.787202,3.809556,-1.650213,1,30.402943,0.000000,19.987567
7.116000,30.220110,0.785566,3.800764,-1.622600,1,30.402943,0.000000,19.987567
7.117000,30.223906,0.783957,3.792018,-1.594474,1,30.402943,0.000000,19.987567
7.118000,30.227694,0.782377,3.783324,-1.565845,1,30.402943,0.000000,19.987567
7.119000,30.231473,0.780826,3.774688,-1.536720,1,30.402943,0.000000,19.987567
7.120000,30.235243,0.779304,3.766118,-1.507108,1,30.402943,0.000000,19.987567
7.121000,30.239005,0.777812,3.757620,-1.477016,1,30.402943,0.000000,19.987567
7.122000,30.242759,0.776350,3.749201,-1.446454,1,30.402943,0.000000,19.987567
7.123000,30.246504,0.774919,3.740867,-1.415431,1,30.402943,0.000000,19.987567
7.124000,30.250240,0.773519,3.732624,-1.383955,1,30.402943,0.000000,19.987567
7.125000,30.253969,0.772151,3.724480,-1.352035,1,30.402943,0.000000,19.987567
7.126000,30.257689,0.770815,3.716440,-1.319682,1,30.402943,0.000000,19.987567
7.127000,30.261402,0.769512,3.708511,-1.286903,1,30.402943,0.000000,19.987567
7.128000,30.265106,0.768242,3.700698,-1.253709,1,30.402943,0.000000,19.987567
7.129000,30.268803,0.767005,3.693008,-1.220110,1,30.402943,0.000000,19.987567
7.130000,30.272492,0.765801,3.685446,-1.186114,1,30.402943,0.000000,19.987567
7.131000,30.276174,0.764632,3.678020,-1.151734,1,30.402943,0.000000,19.987567
7.132000,30.279849,0.763498,3.670733,-1.116977,1,30.402943,0.000000,19.987567
7.133000,30.283516,0.762399,3.663592,-1.081856,1,30.402943,0.000000,19.987567
7.134000,30.287176,0.761334,3.656602,-1.046379,1,30.402943,0.000000,19.987567
7.135000,30.290829,0.760306,3.649768,-1.010559,1,30.402943,0.000000,19.987567
7.136000,30.294475,0.759313,3.643096,-0.974404,1,30.402943,0.000000,19.987567
7.137000,30.298115,0.758357,3.636591,-0.937927,1,30.402943,0.000000,19.987567
7.138000,30.301749,0.757438,3.630258,-0.901139,1,30.402943,0.000000,19.987567
7.139000,30.305376,0.756555,3.624101,-0.864049,1,30.402943,0.000000,19.987567
7.140000,30.308997,0.755710,3.618125,-0.826670,1,30.402943,0.000000,19.987567
7.141000,30.312612,0.754902,3.612335,-0.789012,1,30.402943,0.000000,19.987567
7.142000,30.316222,0.754132,3.606734,-0.751088,1,30.402943,0.000000,19.987567
7.143000,30.319826,0.753400,3.601328,-0.712907,1,30.402943,0.000000,19.987567
7.144000,30.323424,0.752706,3.596119,-0.674484,1,30.402943,0.000000,19.987567
7.145000,30.327018,0.752051,3.591113,-0.635827,1,30.402943,0.000000,19.987567
7.146000,30.330607,0.751434,3.586312,-0.596951,1,30.402943,0.000000,19.987567
7.147000,30.334191,0.750857,3.581720,-0.557866,1,30.402943,0.000000,19.987567
7.148000,30.337770,0.750319,3.577341,-0.518584,1,30.402943,0.000000,19.987567
7.149000,30.341345,0.749820,3.573177,-0.479118,1,30.402943,0.000000,19.987567
7.150000,30.344917,0.749361,3.569231,-0.439479,1,30.402943,0.000000,19.987567
7.151000,30.348484,0.748941,3.565507,-0.399680,1,30.402943,0.000000,19.987567
7.152000,30.352048,0.748561,3.562006,-0.359733,1,30.402943,0.000000,19.987567
7.153000,30.355608,0.748222,3.558732,-0.319650,1,30.402943,0.000000,19.987567
7.154000,30.359165,0.747922,3.555686,-0.279444,1,30.402943,0.000000,19.987567
7.155000,30.362719,0.747663,3.552871,-0.239126,1,30.402943,0.000000,19.987567
7.156000,30.366271,0.747444,3.550288,-0.198710,1,30.402943,0.000000,19.987567
7.157000,30.369820,0.747265,3.547938,-0.158209,1,30.402943,0.000000,19.987567
7.158000,30.373367,0.747127,3.545825,-0.117633,1,30.402943,0.000000,19.987567
7.159000,30.376912,0.747030,3.543947,-0.076997,1,30.402943,0.000000,19.987567
7.160000,30.380455,0.746973,3.542307,-0.036312,1,30.402943,0.000000,19.987567
7.161000,30.383996,0.746958,3.540906,0.004409,1,30.402943,0.000000,19.987567
7.162000,30.387537,0.746982,3.539743,0.045152,1,30.402943,0.000000,19.987567
7.163000,30.391076,0.747048,3.538820,0.085906,1,30.402943,0.000000,19.987567
7.164000,30.394615,0.747154,3.538137,0.126658,1,30.402943,0.000000,19.987567
7.165000,30.398152,0.747301,3.537693,0.167396,1,30.402943,0.000000,19.987567
7.166000,30.401690,0.747489,3.537489,0.208105,1,30.402943,0.000000,19.987567
7.167000,30.405227,0.747717,3.537524,0.248775,1,30.402943,0.000000,19.987567
7.168000,30.408765,0.747986,3.537797,0.289392,1,30.402943,0.000000,19.987567
7.169000,30.412303,0.748296,3.538308,0.329944,1,30.402943,0.000000,19.987567
7.170000,30.415842,0.748646,3.539056,0.370419,1,30.402943,0.000000,19.987567
7.171000,30.419381,0.749037,3.540039,0.410802,1,30.402943,0.000000,19.987567
7.172000,30.422922,0.749468,3.541256,0.451083,1,30.402943,0.000000,19.987567
7.173000,30.426464,0.749939,3.542706,0.491249,1,30.402943,0.000000,19.987567
7.174000,30.430007,0.750450,3.544387,0.531287,1,30.402943,0.000000,19.987567
7.175000,30.433553,0.751002,3.546296,0.571185,1,30.402943,0.000000,19.987567
7.176000,30.437100,0.751593,3.548432,0.610930,1,30.402943,0.000000,19.987567
7.177000,30.440650,0.752223,3.550792,0.650511,1,30.402943,0.000000,19.987567
7.178000,30.444202,0.752894,3.553374,0.689915,1,30.402943,0.000000,19.987567
7.179000,30.447757,0.753603,3.556175,0.729131,1,30.402943,0.000000,19.987567
7.180000,30.451314,0.754352,3.559192,0.768145,1,30.402943,0.000000,19.987567
7.181000,30.454875,0.755139,3.562422,0.806946,1,30.402943,0.000000,19.987567
7.182000,30.458439,0.755966,3.565862,0.845523,1,30.402943,0.000000,19.987567
7.183000,30.462007,0.756830,3.569508,0.883862,1,30.402943,0.000000,19.987567
7.184000,30.465578,0.757733,3.573357,0.921954,1,30.402943,0.000000,19.987567
7.185000,30.469154,0.758674,3.577405,0.959786,1,30.402943,0.000000,19.987567
7.186000,30.472733,0.759653,3.581648,0.997346,1,30.402943,0.000000,19.987567
7.187000,30.476317,0.760669,3.586082,1.034623,1,30.402943,0.000000,19.987567
7.188000,30.479905,0.761722,3.590703,1.071607,1,30.402943,0.000000,19.987567
7.189000,30.483498,0.762812,3.595506,1.108285,1,30.402943,0.000000,19.987567
7.190000,30.487096,0.763938,3.600487,1.144646,1,30.402943,0.000000,19.987567
7.191000,30.490699,0.765101,3.605641,1.180680,1,30.402943,0.000000,19.987567
7.192000,30.494308,0.766300,3.610964,1.216377,1,30.402943,0.000000,19.987567
7.193000,30.497921,0.767534,3.616450,1.251724,1,30.402943,0.000000,19.987567
7.194000,30.501541,0.768803,3.622094,1.286712,1,30.402943,0.000000,19.987567
7.195000,30.505166,0.770107,3.627891,1.321330,1,30.402943,0.000000,19.987567
7.196000,30.508797,0.771445,3.633837,1.355568,1,30.402943,0.000000,19.987567
7.197000,30.512433,0.772818,3.639924,1.389415,1,30.402943,0.000000,19.987567
7.198000,30.516076,0.774224,3.646149,1.422862,1,30.402943,0.000000,19.987567
7.199000,30.519726,0.775664,3.652505,1.455899,1,30.402943,0.000000,19.987567
7.200000,30.523381,0.777136,3.658986,1.488515,1,30.402943,0.000000,19.987567
7.201000,30.527044,0.778640,3.665587,1.520702,1,30.402943,0.000000,19.987567
7.202000,30.530713,0.780177,3.672302,1.552450,1,30.402943,0.000000,19.987567
7.203000,30.534388,0.781745,3.679124,1.583750,1,30.402943,0.000000,19.987567
7.204000,30.538071,0.783344,3.686048,1.614592,1,30.402943,0.000000,19.987567
7.205000,30.541760,0.784974,3.693067,1.644967,1,30.402943,0.000000,19.987567
7.206000,30.545457,0.786634,3.700176,1.674868,1,30.402943,0.000000,19.987567
7.207000,30.549161,0.788324,3.707367,1.704284,1,30.402943,0.000000,19.987567
7.208000,30.552872,0.790043,3.714634,1.733207,1,30.402943,0.000000,19.987567
7.209000,30.556590,0.791790,3.721971,1.761630,1,30.402943,0.000000,19.987567
7.210000,30.560316,0.793566,3.729372,1.789544,1,30.402943,0.000000,19.987567
7.211000,30.564049,0.795369,3.736829,1.816940,1,30.402943,0.000000,19.987567
7.212000,30.567790,0.797199,3.744337,1.843812,1,30.402943,0.000000,19.987567
7.213000,30.571538,0.799056,3.751887,1.870151,1,30.402943,0.000000,19.987567
7.214000,30.575293,0.800940,3.759475,1.895950,1,30.402943,0.000000,19.987567
7.215000,30.579057,0.802848,3.767093,1.921201,1,30.402943,0.000000,19.987567
7.216000,30.582827,0.804782,3.774734,1.945898,1,30.402943,0.000000,19.987567
7.217000,30.586606,0.806740,3.782392,1.970034,1,30.402943,0.000000,19.987567
7.218000,30.590392,0.808722,3.790059,1.993601,1,30.402943,0.000000,19.987567
7.219000,30.594186,0.810727,3.797729,2.016592,1,30.402943,0.000000,19.987567
7.220000,30.597988,0.812755,3.805395,2.039003,1,30.402943,0.000000,19.987567
7.221000,30.601797,0.814805,3.813051,2.060825,1,30.402943,0.000000,19.987567
7.222000,30.605614,0.816876,3.820689,2.082054,1,30.402943,0.000000,19.987567
7.223000,30.609438,0.818968,3.828302,2.102682,1,30.402943,0.000000,19.987567
7.224000,30.613270,0.821081,3.835884,2.122705,1,30.402943,0.000000,19.987567
7.225000,30.617110,0.823214,3.843427,2.142117,1,30.402943,0.000000,19.987567
7.226000,30.620957,0.825365,3.850926,2.160912,1,30.402943,0.000000,19.987567
7.227000,30.624812,0.827535,3.858373,2.179085,1,30.402943,0.000000,19.987567
7.228000,30.628674,0.829723,3.865761,2.196631,1,30.402943,0.000000,19.987567
7.229000,30.632543,0.831928,3.873084,2.213545,1,30.402943,0.000000,19.987567
7.230000,30.636420,0.834150,3.880335,2.229823,1,30.402943,0.000000,19.987567
7.231000,30.640304,0.836388,3.887507,2.245459,1,30.402943,0.000000,19.987567
7.232000,30.644195,0.838641,3.894593,2.260450,1,30.402943,0.000000,19.987567
7.233000,30.648093,0.840908,3.901587,2.274792,1,30.402943,0.000000,19.987567
7.234000,30.651998,0.843190,3.908482,2.288480,1,30.402943,0.000000,19.987567
7.235000,30.655910,0.845485,3.915272,2.301510,1,30.402943,0.000000,19.987567
7.236000,30.659829,0.847793,3.921950,2.313879,1,30.402943,0.000000,19.987567
7.237000,30.663754,0.850113,3.928510,2.325584,1,30.402943,0.000000,19.987567
7.238000,30.667686,0.852444,3.934945,2.336621,1,30.402943,0.000000,19.987567
7.239000,30.671624,0.854786,3.941249,2.346987,1,30.402943,0.000000,19.987567
7.240000,30.675568,0.857138,3.947415,2.356679,1,30.402943,0.000000,19.987567
7.241000,30.679519,0.859499,3.953437,2.365694,1,30.402943,0.000000,19.987567
7.242000,30.683475,0.861869,3.959310,2.374030,1,30.402943,0.000000,19.987567
7.243000,30.687437,0.864247,3.965026,2.381684,1,30.402943,0.000000,19.987567
7.244000,30.691405,0.866632,3.970581,2.388655,1,30.402943,0.000000,19.987567
7.245000,30.695378,0.869024,3.975967,2.394939,1,30.402943,0.000000,19.987567
7.246000,30.699357,0.871422,3.981179,2.400535,1,30.402943,0.000000,19.987567
7.247000,30.703341,0.873825,3.986211,2.405441,1,30.402943,0.000000,19.987567
7.248000,30.707329,0.876232,3.991058,2.409656,1,30.402943,0.000000,19.987567
7.249000,30.711323,0.878644,3.995713,2.413179,1,30.402943,0.000000,19.987567
7.250000,30.715321,0.881058,4.000171,2.416007,1,30.402943,0.000000,19.987567
7.251000,30.719323,0.883476,4.004427,2.418141,1,30.402943,0.000000,19.987567
7.252000,30.723329,0.885894,4.008475,2.419578,1,30.402943,0.000000,19.987567
7.253000,30.727340,0.888314,4.012309,2.420319,1,30.402943,0.000000,19.987567
7.254000,30.731354,0.890735,4.015924,2.420363,1,30.402943,0.000000,19.987567
7.255000,30.735372,0.893155,4.019316,2.419709,1,30.402943,0.000000,19.987567
7.256000,30.739392,0.895574,4.022478,2.418357,1,30.402943,0.000000,19.987567
7.257000,30.743416,0.897991,4.025407,2.416307,1,30.402943,0.000000,19.987567
7.258000,30.747443,0.900406,4.028097,2.413559,1,30.402943,0.000000,19.987567
7.259000,30.751473,0.902818,4.030543,2.410113,1,30.402943,0.000000,19.987567
7.260000,30.755504,0.905226,4.032740,2.405971,1,30.402943,0.000000,19.987567
7.261000,30.759538,0.907630,4.034684,2.401131,1,30.402943,0.000000,19.987567
7.262000,30.763574,0.910028,4.036371,2.395596,1,30.402943,0.000000,19.987567
7.263000,30.767611,0.912421,4.037795,2.389365,1,30.402943,0.000000,19.987567
7.264000,30.771649,0.914807,4.038953,2.382441,1,30.402943,0.000000,19.987567
7.265000,30.775688,0.917186,4.039840,2.374823,1,30.402943,0.000000,19.987567
7.266000,30.779729,0.919556,4.040452,2.366514,1,30.402943,0.000000,19.987567
7.267000,30.783769,0.921918,4.040786,2.357515,1,30.402943,0.000000,19.987567
7.268000,30.787810,0.924271,4.040836,2.347827,0,31.204835,0.015376,19.987424
7.269000,30.791851,0.926614,4.040836,2.338017,0,31.208876,0.017719,19.987424
7.270000,30.795892,0.928947,4.040836,2.328207,0,31.212917,0.020052,19.987424
7.271000,30.799933,0.931270,4.040836,2.318397,0,31.216958,0.022376,19.987424
7.272000,30.803973,0.933584,4.040836,2.308587,0,31.220999,0.024689,19.987424
7.273000,30.808014,0.935888,4.040836,2.298777,0,31.225040,0.026993,19.987424
7.274000,30.812055,0.938182,4.040836,2.288967,0,31.229080,0.029287,19.987424
7.275000,30.816096,0.940466,4.040836,2.279157,0,31.233121,0.031571,19.987424
7.276000,30.820137,0.942740,4.040836,2.269347,0,31.237162,0.033845,19.987424
7.277000,30.824178,0.945004,4.040836,2.259537,0,31.241203,0.036109,19.987424
7.278000,30.828218,0.947259,4.040836,2.249727,0,31.245244,0.038364,19.987424
7.279000,30.832259,0.949504,4.040836,2.239917,0,31.249285,0.040609,19.987424
7.280000,30.836300,0.951739,4.040836,2.230107,0,31.253325,0.042844,19.987424
7.281000,30.840341,0.953964,4.040836,2.220297,0,31.257366,0.045069,19.987424
7.282000,30.844382,0.956179,4.040836,2.210487,0,31.261407,0.047284,19.987424
7.283000,30.848423,0.958385,4.040836,2.200677,0,31.265448,0.049490,19.987424
7.284000,30.852463,0.960581,4.040836,2.190867,0,31.269489,0.051686,19.987424
7.285000,30.856504,0.962767,4.040836,2.181057,0,31.273530,0.053872,19.987424
7.286000,30.860545,0.964943,4.040836,2.171247,0,31.277570,0.056048,19.987424
7.287000,30.864586,0.967109,4.040836,2.161437,0,31.281611,0.058214,19.987424
7.288000,30.868627,0.969266,4.040836,2.151627,0,31.285652,0.060371,19.987424
7.289000,30.872668,0.971412,4.040836,2.141817,0,31.289693,0.062518,19.987424
7.290000,30.876708,0.973549,4.040836,2.132007,0,31.293734,0.064654,19.987424
7.291000,30.880749,0.975676,4.040836,2.122197,0,31.297775,0.066782,19.987424
7.292000,30.884790,0.977794,4.040836,2.112387,0,31.301815,0.068899,19.987424
7.293000,30.888831,0.979901,4.040836,2.102577,0,31.305856,0.071006,19.987424
7.294000,30.892872,0.981999,4.040836,2.092767,0,31.309897,0.073104,19.987424
7.295000,30.896913,0.984087,4.040836,2.082957,0,31.313938,0.075192,19.987424
7.296000,30.900953,0.986165,4.040836,2.073147,0,31.317979,0.077270,19.987424
7.297000,30.904994,0.988233,4.040836,2.063337,0,31.322020,0.079338,19.987424
7.298000,30.909035,0.990291,4.040836,2.053527,0,31.326060,0.081397,19.987424
7.299000,30.913076,0.992340,4.040836,2.043717,0,31.330101,0.083445,19.987424
7.300000,30.917117,0.994379,4.040836,2.033907,0,31.334142,0.085484,19.987424
7.301000,30.921158,0.996408,4.040836,2.024097,0,31.338183,0.087513,19.987424
7.302000,30.925199,0.998427,4.040836,2.014287,0,31.342224,0.089532,19.987424
7.303000,30.929239,1.000436,4.040836,2.004477,0,31.346265,0.091542,19.987424
7.304000,30.933280,1.002436,4.040836,1.994667,0,31.350306,0.093541,19.987424
7.305000,30.937321,1.004426,4.040836,1.984857,0,31.354346,0.095531,19.987424
7.306000,30.941362,1.006406,4.040836,1.975047,0,31.358387,0.097511,19.987424
7.307000,30.945403,1.008376,4.040836,1.965237,0,31.362428,0.099481,19.987424
7.308000,30.949444,1.010336,4.040836,1.955427,0,31.366469,0.101441,19.987424
7.309000,30.953484,1.012287,4.040836,1.945617,0,31.370510,0.103392,19.987424
7.310000,30.957525,1.014227,4.040836,1.935807,0,31.374551,0.105333,19.987424
7.311000,30.961566,1.016158,4.040836,1.925997,0,31.378591,0.107263,19.987424
7.312000,30.965607,1.018079,4.040836,1.916187,0,31.382632,0.109185,19.987424
7.313000,30.969648,1.019991,4.040836,1.906377,0,31.386673,0.111096,19.987424
7.314000,30.973689,1.021892,4.040836,1.896567,0,31.390714,0.112997,19.987424
7.315000,30.977729,1.023784,4.040836,1.886757,0,31.394755,0.114889,19.987424
7.316000,30.981770,1.025666,4.040836,1.876947,0,31.398796,0.116771,19.987424
7.317000,30.985811,1.027538,4.040836,1.867137,0,31.402836,0.118643,19.987424
7.318000,30.989852,1.029400,4.040836,1.857327,0,31.406877,0.120505,19.987424
7.319000,30.993893,1.031252,4.040836,1.847517,0,31.410918,0.122358,19.987424
7.320000,30.997934,1.033095,4.040836,1.837707,0,31.414959,0.124200,19.987424
7.321000,31.001974,1.034928,4.040836,1.827897,0,31.419000,0.126033,19.987424
7.322000,31.006015,1.036751,4.040836,1.818087,0,31.423041,0.127856,19.987424
7.323000,31.010056,1.038564,4.040836,1.808277,0,31.427081,0.129669,19.987424
7.324000,31.014097,1.040367,4.040836,1.798467,0,31.431122,0.131472,19.987424
7.325000,31.018138,1.042161,4.040836,1.788657,0,31.435163,0.133266,19.987424
7.326000,31.022179,1.043945,4.040836,1.778847,0,31.439204,0.135050,19.987424
7.327000,31.026219,1.045719,4.040836,1.769037,0,31.443245,0.136824,19.987424
7.328000,31.030260,1.047483,4.040836,1.759227,0,31.447286,0.138588,19.987424
7.329000,31.034301,1.049237,4.040836,1.749417,0,31.451326,0.140342,19.987424
7.330000,31.038342,1.050982,4.040836,1.739607,0,31.455367,0.142087,19.987424
7.331000,31.042383,1.052716,4.040836,1.729797,0,31.459408,0.143821,19.987424
7.332000,31.046424,1.054441,4.040836,1.719987,0,31.463449,0.145546,19.987424
7.333000,31.050464,1.056156,4.040836,1.710177,0,31.467490,0.147261,19.987424
7.334000,31.054505,1.057862,4.040836,1.700367,0,31.471531,0.148967,19.987424
7.335000,31.058546,1.059557,4.040836,1.690557,0,31.475571,0.150662,19.987424
7.336000,31.062587,1.061243,4.040836,1.680747,0,31.479612,0.152348,19.987424
7.337000,31.066628,1.062918,4.040836,1.670937,0,31.483653,0.154024,19.987424
7.338000,31.070669,1.064585,4.040836,1.661127,0,31.487694,0.155690,19.987424
7.339000,31.074709,1.066241,4.040836,1.651317,0,31.491735,0.157346,19.987424
7.340000,31.078750,1.067887,4.040836,1.641507,0,31.495776,0.158992,19.987424
7.341000,31.082791,1.069524,4.040836,1.631697,0,31.499816,0.160629,19.987424
7.342000,31.086832,1.071151,4.040836,1.621887,0,31.503857,0.162256,19.987424
7.343000,31.090873,1.072768,4.040836,1.612077,0,31.507898,0.163873,19.987424
7.344000,31.094914,1.074375,4.040836,1.602267,0,31.511939,0.165480,19.987424
7.345000,31.098954,1.075972,4.040836,1.592457,0,31.515980,0.167077,19.987424
7.346000,31.102995,1.077560,4.040836,1.582647,0,31.520021,0.168665,19.987424
7.347000,31.107036,1.079137,4.040836,1.572837,0,31.524061,0.170242,19.987424
7.348000,31.111077,1.080705,4.040836,1.563027,0,31.528102,0.171810,19.987424
7.349000,31.115118,1.082263,4.040836,1.553217,0,31.532143,0.173369,19.987424
7.350000,31.119159,1.083812,4.040836,1.543407,0,31.536184,0.174917,19.987424
7.351000,31.123199,1.085350,4.040836,1.533597,0,31.540225,0.176455,19.987424
7.352000,31.127240,1.086879,4.040836,1.523787,0,31.544266,0.177984,19.987424
7.353000,31.131281,1.088398,4.040836,1.513977,0,31.548306,0.179503,19.987424
7.354000,31.135322,1.089907,4.040836,1.504167,0,31.552347,0.181012,19.987424
7.355000,31.139363,1.091406,4.040836,1.494357,0,31.556388,0.182511,19.987424
7.356000,31.143404,1.092896,4.040836,1.484547,0,31.560429,0.184001,19.987424
7.357000,31.147444,1.094375,4.040836,1.474737,0,31.564470,0.185480,19.987424
7.358000,31.151485,1.095845,4.040836,1.464927,0,31.568511,0.186950,19.987424
7.359000,31.155526,1.097305,4.040836,1.455117,0,31.572551,0.188410,19.987424
7.360000,31.159567,1.098755,4.040836,1.445307,0,31.576592,0.189860,19.987424
7.361000,31.163608,1.100196,4.040836,1.435497,0,31.580633,0.191301,19.987424
7.362000,31.167649,1.101626,4.040836,1.425687,0,31.584674,0.192731,19.987424
7.363000,31.171690,1.103047,4.040836,1.415877,0,31.588715,0.194152,19.987424
7.364000,31.175730,1.104458,4.040836,1.406067,0,31.592756,0.195563,19.987424
7.365000,31.179771,1.105859,4.040836,1.396257,0,31.596797,0.196964,19.987424
7.366000,31.183812,1.107251,4.040836,1.386447,0,31.600837,0.198356,19.987424
7.367000,31.187853,1.108632,4.040836,1.376637,0,31.604878,0.199737,19.987424
7.368000,31.191894,1.110004,4.040836,1.366827,0,31.608919,0.201109,19.987424
7.369000,31.195935,1.111366,4.040836,1.357017,0,31.612960,0.202471,19.987424
7.370000,31.199975,1.112718,4.040836,1.347207,0,31.617001,0.203823,19.987424
7.371000,31.204016,1.114060,4.040836,1.337397,0,31.621042,0.205165,19.987424
7.372000,31.208057,1.115393,4.040836,1.327587,0,31.625082,0.206498,19.987424
7.373000,31.212098,1.116715,4.040836,1.317777,0,31.629123,0.207820,19.987424
7.374000,31.216139,1.118028,4.040836,1.307967,0,31.633164,0.209133,19.987424
7.375000,31.220180,1.119331,4.040836,1.298157,0,31.637205,0.210436,19.987424
7.376000,31.224220,1.120625,4.040836,1.288347,0,31.641246,0.211730,19.987424
7.377000,31.228261,1.121908,4.040836,1.278537,0,31.645287,0.213013,19.987424
7.378000,31.232302,1.123182,4.040836,1.268727,0,31.649327,0.214287,19.987424
7.379000,31.236343,1.124445,4.040836,1.258917,0,31.653368,0.215551,19.987424
7.380000,31.240384,1.125699,4.040836,1.249107,0,31.657409,0.216805,19.987424
7.381000,31.244425,1.126944,4.040836,1.239297,0,31.661450,0.218049,19.987424
7.382000,31.248465,1.128178,4.040836,1.229487,0,31.665491,0.219283,19.987424
7.383000,31.252506,1.129403,4.040836,1.219677,0,31.669532,0.220508,19.987424
7.384000,31.256547,1.130617,4.040836,1.209867,0,31.673572,0.221723,19.987424
7.385000,31.260588,1.131822,4.040836,1.200057,0,31.677613,0.222927,19.987424
7.386000,31.264629,1.133017,4.040836,1.190247,0,31.681654,0.224123,19.987424
7.387000,31.268670,1.134203,4.040836,1.180437,0,31.685695,0.225308,19.987424
7.388000,31.272710,1.135378,4.040836,1.170627,0,31.689736,0.226483,19.987424
7.389000,31.276751,1.136544,4.040836,1.160817,0,31.693777,0.227649,19.987424
7.390000,31.280792,1.137700,4.040836,1.151007,0,31.697817,0.228805,19.987424
7.391000,31.284833,1.138846,4.040836,1.141197,0,31.701858,0.229951,19.987424
7.392000,31.288874,1.139982,4.040836,1.131387,0,31.705899,0.231088,19.987424
7.393000,31.292915,1.141109,4.040836,1.121577,0,31.709940,0.232214,19.987424
7.394000,31.296955,1.142226,4.040836,1.111767,0,31.713981,0.233331,19.987424
7.395000,31.300996,1.143332,4.040836,1.101957,0,31.718022,0.234438,19.987424
7.396000,31.305037,1.144429,4.040836,1.092147,0,31.722062,0.235535,19.987424
7.397000,31.309078,1.145517,4.040836,1.082337,0,31.726103,0.236622,19.987424
7.398000,31.313119,1.146594,4.040836,1.072527,0,31.730144,0.237699,19.987424
7.399000,31.317160,1.147662,4.040836,1.062717,0,31.734185,0.238767,19.987424
7.400000,31.321200,1.148720,4.040836,1.052907,0,31.738226,0.239825,19.987424
7.401000,31.325241,1.149768,4.040836,1.043097,0,31.742267,0.240873,19.987424
7.402000,31.329282,1.150806,4.040836,1.033287,0,31.746307,0.241911,19.987424
7.403000,31.333323,1.151834,4.040836,1.023477,0,31.750348,0.242939,19.987424
7.404000,31.337364,1.152853,4.040836,1.013667,0,31.754389,0.243958,19.987424
7.405000,31.341405,1.153861,4.040836,1.003857,0,31.758430,0.244967,19.987424
7.406000,31.345445,1.154860,4.040836,0.994047,0,31.762471,0.245966,19.987424
7.407000,31.349486,1.155850,4.040836,0.984237,0,31.766512,0.246955,19.987424
7.408000,31.353527,1.156829,4.040836,0.974427,0,31.770552,0.247934,19.987424
7.409000,31.357568,1.157798,4.040836,0.964617,0,31.774593,0.248904,19.987424
7.410000,31.361609,1.158758,4.040836,0.954807,0,31.778634,0.249863,19.987424
7.411000,31.365650,1.159708,4.040836,0.944997,0,31.782675,0.250813,19.987424
7.412000,31.369690,1.160648,4.040836,0.935187,0,31.786716,0.251753,19.987424
7.413000,31.373731,1.161578,4.040836,0.925377,0,31.790757,0.252684,19.987424
7.414000,31.377772,1.162499,4.040836,0.915567,0,31.794797,0.253604,19.987424
7.415000,31.381813,1.163410,4.040836,0.905757,0,31.798838,0.254515,19.987424
7.416000,31.385854,1.164310,4.040836,0.895947,0,31.802879,0.255416,19.987424
7.417000,31.389895,1.165201,4.040836,0.886137,0,31.806920,0.256307,19.987424
7.418000,31.393935,1.166083,4.040836,0.876327,0,31.810961,0.257188,19.987424
7.419000,31.397976,1.166954,4.040836,0.866517,0,31.815002,0.258059,19.987424
7.420000,31.402017,1.167816,4.040836,0.856707,0,31.819042,0.258921,19.987424
7.421000,31.406058,1.168668,4.040836,0.846897,0,31.823083,0.259773,19.987424
7.422000,31.410099,1.169510,4.040836,0.837087,0,31.827124,0.260615,19.987424
7.423000,31.414140,1.170342,4.040836,0.827277,0,31.831165,0.261447,19.987424
7.424000,31.418181,1.171164,4.040836,0.817467,0,31.835206,0.262269,19.987424
7.425000,31.422221,1.171977,4.040836,0.807657,0,31.839247,0.263082,19.987424
7.426000,31.426262,1.172779,4.040836,0.797847,0,31.843288,0.263885,19.987424
7.427000,31.430303,1.173572,4.040836,0.788037,0,31.847328,0.264677,19.987424
7.428000,31.434344,1.174355,4.040836,0.778227,0,31.851369,0.265461,19.987424
7.429000,31.438385,1.175129,4.040836,0.768417,0,31.855410,0.266234,19.987424
7.430000,31.442426,1.175892,4.040836,0.758607,0,31.859451,0.266997,19.987424
7.431000,31.446466,1.176646,4.040836,0.748797,0,31.863492,0.267751,19.987424
7.432000,31.450507,1.177390,4.040836,0.738987,0,31.867533,0.268495,19.987424
7.433000,31.454548,1.178124,4.040836,0.729177,0,31.871573,0.269229,19.987424
7.434000,31.458589,1.178848,4.040836,0.719367,0,31.875614,0.269953,19.987424
7.435000,31.462630,1.179563,4.040836,0.709557,0,31.879655,0.270668,19.987424
7.436000,31.466671,1.180267,4.040836,0.699747,0,31.883696,0.271372,19.987424
7.437000,31.470711,1.180962,4.040836,0.689937,0,31.887737,0.272067,19.987424
7.438000,31.474752,1.181647,4.040836,0.680127,0,31.891778,0.272752,19.987424
7.439000,31.478793,1.182322,4.040836,0.670317,0,31.895818,0.273428,19.987424
7.440000,31.482834,1.182988,4.040836,0.660507,0,31.899859,0.274093,19.987424
7.441000,31.486875,1.183643,4.040836,0.650697,0,31.903900,0.274749,19.987424
7.442000,31.490916,1.184289,4.040836,0.640887,0,31.907941,0.275394,19.987424
7.443000,31.494956,1.184925,4.040836,0.631077,0,31.911982,0.276030,19.987424
7.444000,31.498997,1.185551,4.040836,0.621267,0,31.916023,0.276657,19.987424
7.445000,31.503038,1.186168,4.040836,0.611457,0,31.920063,0.277273,19.987424
7.446000,31.507079,1.186774,4.040836,0.601647,0,31.924104,0.277879,19.987424
7.447000,31.511120,1.187371,4.040836,0.591837,0,31.928145,0.278476,19.987424
7.448000,31.515161,1.187958,4.040836,0.582027,0,31.932186,0.279063,19.987424
7.449000,31.519201,1.188535,4.040836,0.572217,0,31.936227,0.279640,19.987424
7.450000,31.523242,1.189102,4.040836,0.562407,0,31.940268,0.280208,19.987424
7.451000,31.527283,1.189660,4.040836,0.552597,0,31.944308,0.280765,19.987424
7.452000,31.531324,1.190208,4.040836,0.542787,0,31.948349,0.281313,19.987424
7.453000,31.535365,1.190745,4.040836,0.532977,0,31.952390,0.281851,19.987424
7.454000,31.539406,1.191274,4.040836,0.523167,0,31.956431,0.282379,19.987424
7.455000,31.543446,1.191792,4.040836,0.513357,0,31.960472,0.282897,19.987424
7.456000,31.547487,1.192300,4.040836,0.503547,0,31.964513,0.283405,19.987424
7.457000,31.551528,1.192799,4.040836,0.493737,0,31.968553,0.283904,19.987424
7.458000,31.555569,1.193288,4.040836,0.483927,0,31.972594,0.284393,19.987424
7.459000,31.559610,1.193767,4.040836,0.474117,0,31.976635,0.284872,19.987424
7.460000,31.563651,1.194236,4.040836,0.464307,0,31.980676,0.285341,19.987424
7.461000,31.567691,1.194695,4.040836,0.454497,0,31.984717,0.285801,19.987424
7.462000,31.571732,1.195145,4.040836,0.444687,0,31.988758,0.286250,19.987424
7.463000,31.575773,1.195585,4.040836,0.434877,0,31.992798,0.286690,19.987424
7.464000,31.579814,1.196015,4.040836,0.425067,0,31.996839,0.287120,19.987424
7.465000,31.583855,1.196435,4.040836,0.415257,0,32.000880,0.287540,19.987424
7.466000,31.587896,1.196845,4.040836,0.405447,0,32.004921,0.287950,19.987424
7.467000,31.591936,1.197246,4.040836,0.395637,0,32.008962,0.288351,19.987424
7.468000,31.595977,1.197637,4.040836,0.385827,0,32.013003,0.288742,19.987424
7.469000,31.600018,1.198017,4.040836,0.376017,0,32.017043,0.289123,19.987424
7.470000,31.604059,1.198389,4.040836,0.366207,0,32.021084,0.289494,19.987424
7.471000,31.608100,1.198750,4.040836,0.356397,0,32.025125,0.289855,19.987424
7.472000,31.612141,1.199101,4.040836,0.346587,0,32.029166,0.290206,19.987424
7.473000,31.616181,1.199443,4.040836,0.336777,0,32.033207,0.290548,19.987424
7.474000,31.620222,1.199775,4.040836,0.326967,0,32.037248,0.290880,19.987424
7.475000,31.624263,1.200097,4.040836,0.317157,0,32.041288,0.291202,19.987424
7.476000,31.628304,1.200409,4.040836,0.307347,0,32.045329,0.291514,19.987424
7.477000,31.632345,1.200712,4.040836,0.297537,0,32.049370,0.291817,19.987424
7.478000,31.636386,1.201004,4.040836,0.287727,0,32.053411,0.292109,19.987424
7.479000,31.640426,1.201287,4.040836,0.277917,0,32.057452,0.292392,19.987424
7.480000,31.644467,1.201560,4.040836,0.268107,0,32.061493,0.292665,19.987424
7.481000,31.648508,1.201823,4.040836,0.258297,0,32.065533,0.292928,19.987424
7.482000,31.652549,1.202077,4.040836,0.248487,0,32.069574,0.293182,19.987424
7.483000,31.656590,1.202320,4.040836,0.238677,0,32.073615,0.293425,19.987424
7.484000,31.660631,1.202554,4.040836,0.228867,0,32.077656,0.293659,19.987424
7.485000,31.664672,1.202778,4.040836,0.219057,0,32.081697,0.293883,19.987424
7.486000,31.668712,1.202992,4.040836,0.209247,0,32.085738,0.294097,19.987424
7.487000,31.672753,1.203197,4.040836,0.199437,0,32.089779,0.294302,19.987424
7.488000,31.676794,1.203391,4.040836,0.189627,0,32.093819,0.294496,19.987424
7.489000,31.680835,1.203576,4.040836,0.179817,0,32.097860,0.294681,19.987424
7.490000,31.684876,1.203751,4.040836,0.170007,0,32.101901,0.294856,19.987424
7.491000,31.688917,1.203916,4.040836,0.160197,0,32.105942,0.295021,19.987424
7.492000,31.692957,1.204071,4.040836,0.150387,0,32.109983,0.295176,19.987424
7.493000,31.696998,1.204217,4.040836,0.140577,0,32.114024,0.295322,19.987424
7.494000,31.701039,1.204352,4.040836,0.130767,0,32.118064,0.295457,19.987424
7.495000,31.705080,1.204478,4.040836,0.120957,0,32.122105,0.295583,19.987424
7.496000,31.709121,1.204594,4.040836,0.111147,0,32.126146,0.295699,19.987424
7.497000,31.713162,1.204700,4.040836,0.101337,0,32.130187,0.295806,19.987424
7.498000,31.717202,1.204797,4.040836,0.091527,0,32.134228,0.295902,19.987424
7.499000,31.721243,1.204883,4.040836,0.081717,0,32.138269,0.295989,19.987424
7.500000,31.725284,1.204960,4.040836,0.071907,0,32.142309,0.296065,19.987424
7.501000,31.729325,1.205027,4.040836,0.062097,0,32.146350,0.296132,19.987424
7.502000,31.733366,1.205084,4.040836,0.052287,0,32.150391,0.296190,19.987424
7.503000,31.737407,1.205132,4.040836,0.042477,0,32.154432,0.296237,19.987424
7.504000,31.741447,1.205169,4.040836,0.032667,0,32.158473,0.296275,19.987424
7.505000,31.745488,1.205197,4.040836,0.022857,0,32.162514,0.296302,19.987424
7.506000,31.749529,1.205215,4.040836,0.013047,0,32.166554,0.296320,19.987424
7.507000,31.753570,1.205223,4.040836,0.003237,0,32.170595,0.296328,19.987424
7.508000,31.757611,1.205222,4.040836,-0.006573,0,32.174636,0.296327,19.987424
7.509000,31.761652,1.205210,4.040836,-0.016383,0,32.178677,0.296315,19.987424
7.510000,31.765692,1.205189,4.040836,-0.026193,0,32.182718,0.296294,19.987424
7.511000,31.769733,1.205158,4.040836,-0.036003,0,32.186759,0.296263,19.987424
7.512000,31.773774,1.205117,4.040836,-0.045813,0,32.190799,0.296222,19.987424
7.513000,31.777815,1.205066,4.040836,-0.055623,0,32.194840,0.296171,19.987424
7.514000,31.781856,1.205006,4.040836,-0.065433,0,32.198881,0.296111,19.987424
7.515000,31.785897,1.204935,4.040836,-0.075243,0,32.202922,0.296040,19.987424
7.516000,31.789937,1.204855,4.040836,-0.085053,0,32.206963,0.295960,19.987424
7.517000,31.793978,1.204765,4.040836,-0.094863,0,32.211004,0.295870,19.987424
7.518000,31.798019,1.204665,4.040836,-0.104673,0,32.215044,0.295770,19.987424
7.519000,31.802060,1.204556,4.040836,-0.114483,0,32.219085,0.295661,19.987424
7.520000,31.806101,1.204436,4.040836,-0.124293,0,32.223126,0.295542,19.987424
7.521000,31.810142,1.204307,4.040836,-0.134103,0,32.227167,0.295412,19.987424
7.522000,31.814182,1.204168,4.040836,-0.143913,0,32.231208,0.295273,19.987424
7.523000,31.818223,1.204019,4.040836,-0.153723,0,32.235249,0.295125,19.987424
7.524000,31.822264,1.203861,4.040836,-0.163533,0,32.239289,0.294966,19.987424
7.525000,31.826305,1.203692,4.040836,-0.173343,0,32.243330,0.294797,19.987424
7.526000,31.830346,1.203514,4.040836,-0.183153,0,32.247371,0.294619,19.987424
7.527000,31.834387,1.203326,4.040836,-0.192963,0,32.251412,0.294431,19.987424
7.528000,31.838427,1.203128,4.040836,-0.202773,0,32.255453,0.294233,19.987424
7.529000,31.842468,1.202920,4.040836,-0.212583,0,32.259494,0.294026,19.987424
7.530000,31.846509,1.202703,4.040836,-0.222393,0,32.263534,0.293808,19.987424
7.531000,31.850550,1.202476,4.040836,-0.232203,0,32.267575,0.293581,19.987424
7.532000,31.854591,1.202239,4.040836,-0.242013,0,32.271616,0.293344,19.987424
7.533000,31.858632,1.201992,4.040836,-0.251823,0,32.275657,0.293097,19.987424
7.534000,31.862672,1.201735,4.040836,-0.261633,0,32.279698,0.292840,19.987424
7.535000,31.866713,1.201468,4.040836,-0.271443,0,32.283739,0.292574,19.987424
7.536000,31.870754,1.201192,4.040836,-0.281253,0,32.287779,0.292297,19.987424
7.537000,31.874795,1.200906,4.040836,-0.291063,0,32.291820,0.292011,19.987424
7.538000,31.878836,1.200610,4.040836,-0.300873,0,32.295861,0.291715,19.987424
7.539000,31.882877,1.200304,4.040836,-0.310683,0,32.299902,0.291409,19.987424
7.540000,31.886917,1.199989,4.040836,-0.320493,0,32.303943,0.291094,19.987424
7.541000,31.890958,1.199663,4.040836,-0.330303,0,32.307984,0.290768,19.987424
7.542000,31.894999,1.199328,4.040836,-0.340113,0,32.312024,0.290433,19.987424
7.543000,31.899040,1.198983,4.040836,-0.349923,0,32.316065,0.290088,19.987424
7.544000,31.903081,1.198628,4.040836,-0.359733,0,32.320106,0.289733,19.987424
7.545000,31.907122,1.198263,4.040836,-0.369543,0,32.324147,0.289369,19.987424
7.546000,31.911163,1.197889,4.040836,-0.379353,0,32.328188,0.288994,19.987424
7.547000,31.915203,1.197505,4.040836,-0.389163,0,32.332229,0.288610,19.987424
7.548000,31.919244,1.197111,4.040836,-0.398973,0,32.336270,0.288216,19.987424
7.549000,31.923285,1.196707,4.040836,-0.408783,0,32.340310,0.287812,19.987424
7.550000,31.927326,1.196293,4.040836,-0.418593,0,32.344351,0.287398,19.987424
7.551000,31.931367,1.195870,4.040836,-0.428403,0,32.348392,0.286975,19.987424
7.552000,31.935408,1.195436,4.040836,-0.438213,0,32.352433,0.286541,19.987424
7.553000,31.939448,1.194993,4.040836,-0.448023,0,32.356474,0.286098,19.987424
7.554000,31.943489,1.194540,4.040836,-0.457833,0,32.360515,0.285645,19.987424
7.555000,31.947530,1.194078,4.040836,-0.467643,0,32.364555,0.285183,19.987424
7.556000,31.951571,1.193605,4.040836,-0.477453,0,32.368596,0.284710,19.987424
7.557000,31.955612,1.193123,4.040836,-0.487263,0,32.372637,0.284228,19.987424
7.558000,31.959653,1.192630,4.040836,-0.497073,0,32.376678,0.283736,19.987424
7.559000,31.963693,1.192128,4.040836,-0.506883,0,32.380719,0.283234,19.987424
7.560000,31.967734,1.191617,4.040836,-0.516693,0,32.384760,0.282722,19.987424
7.561000,31.971775,1.191095,4.040836,-0.526503,0,32.388800,0.282200,19.987424
7.562000,31.975816,1.190564,4.040836,-0.536313,0,32.392841,0.281669,19.987424
7.563000,31.979857,1.190022,4.040836,-0.546123,0,32.396882,0.281128,19.987424
7.564000,31.983898,1.189471,4.040836,-0.555933,0,32.400923,0.280577,19.987424
7.565000,31.987938,1.188911,4.040836,-0.565743,0,32.404964,0.280016,19.987424
7.566000,31.991979,1.188340,4.040836,-0.575553,0,32.409005,0.279445,19.987424
7.567000,31.996020,1.187759,4.040836,-0.585363,0,32.413045,0.278865,19.987424
7.568000,32.000061,1.187169,4.040836,-0.595173,0,32.417086,0.278274,19.987424
7.569000,32.004102,1.186569,4.040836,-0.604983,0,32.421127,0.277674,19.987424
7.570000,32.008143,1.185959,4.040836,-0.614793,0,32.425168,0.277064,19.987424
7.571000,32.012183,1.185340,4.040836,-0.624603,0,32.429209,0.276445,19.987424
7.572000,32.016224,1.184710,4.040836,-0.634413,0,32.433250,0.275815,19.987424
7.573000,32.020265,1.184071,4.040836,-0.644223,0,32.437290,0.275176,19.987424
7.574000,32.024306,1.183422,4.040836,-0.654033,0,32.441331,0.274527,19.987424
7.575000,32.028347,1.182763,4.040836,-0.663843,0,32.445372,0.273868,19.987424
7.576000,32.032388,1.182094,4.040836,-0.673653,0,32.449413,0.273199,19.987424
7.577000,32.036428,1.181415,4.040836,-0.683463,0,32.453454,0.272520,19.987424
7.578000,32.040469,1.180727,4.040836,-0.693273,0,32.457495,0.271832,19.987424
7.579000,32.044510,1.180029,4.040836,-0.703083,0,32.461535,0.271134,19.987424
7.580000,32.048551,1.179321,4.040836,-0.712893,0,32.465576,0.270426,19.987424
7.581000,32.052592,1.178603,4.040836,-0.722703,0,32.469617,0.269708,19.987424
7.582000,32.056633,1.177875,4.040836,-0.732513,0,32.473658,0.268981,19.987424
7.583000,32.060673,1.177138,4.040836,-0.742323,0,32.477699,0.268243,19.987424
7.584000,32.064714,1.176391,4.040836,-0.752133,0,32.481740,0.267496,19.987424
7.585000,32.068755,1.175634,4.040836,-0.761943,0,32.485780,0.266739,19.987424
7.586000,32.072796,1.174867,4.040836,-0.771753,0,32.489821,0.265972,19.987424
7.587000,32.076837,1.174090,4.040836,-0.781563,0,32.493862,0.265195,19.987424
7.588000,32.080878,1.173304,4.040836,-0.791373,0,32.497903,0.264409,19.987424
7.589000,32.084918,1.172507,4.040836,-0.801183,0,32.501944,0.263613,19.987424
7.590000,32.088959,1.171701,4.040836,-0.810993,0,32.505985,0.262807,19.987424
7.591000,32.093000,1.170885,4.040836,-0.820803,0,32.510025,0.261991,19.987424
7.592000,32.097041,1.170060,4.040836,-0.830613,0,32.514066,0.261165,19.987424
7.593000,32.101082,1.169224,4.040836,-0.840423,0,32.518107,0.260329,19.987424
7.594000,32.105123,1.168379,4.040836,-0.850233,0,32.522148,0.259484,19.987424
7.595000,32.109163,1.167524,4.040836,-0.860043,0,32.526189,0.258629,19.987424
7.596000,32.113204,1.166659,4.040836,-0.869853,0,32.530230,0.257764,19.987424
7.597000,32.117245,1.165784,4.040836,-0.879663,0,32.534270,0.256889,19.987424
7.598000,32.121286,1.164900,4.040836,-0.889473,0,32.538311,0.256005,19.987424
7.599000,32.125327,1.164005,4.040836,-0.899283,0,32.542352,0.255110,19.987424
7.600000,32.129368,1.163101,4.040836,-0.909093,0,32.546393,0.254206,19.987424
7.601000,32.133408,1.162187,4.040836,-0.918903,0,32.550434,0.253292,19.987424
7.602000,32.137449,1.161263,4.040836,-0.928713,0,32.554475,0.252368,19.987424
7.603000,32.141490,1.160330,4.040836,-0.938523,0,32.558515,0.251435,19.987424
7.604000,32.145531,1.159386,4.040836,-0.948333,0,32.562556,0.250491,19.987424
7.605000,32.149572,1.158433,4.040836,-0.958143,0,32.566597,0.249538,19.987424
7.606000,32.153613,1.157470,4.040836,-0.967953,0,32.570638,0.248575,19.987424
7.607000,32.157654,1.156497,4.040836,-0.977763,0,32.574679,0.247602,19.987424
7.608000,32.161694,1.155514,4.040836,-0.987573,0,32.578720,0.246619,19.987424
7.609000,32.165735,1.154522,4.040836,-0.997383,0,32.582761,0.245627,19.987424
7.610000,32.169776,1.153520,4.040836,-1.007193,0,32.586801,0.244625,19.987424
7.611000,32.173817,1.152507,4.040836,-1.017003,0,32.590842,0.243613,19.987424
7.612000,32.177858,1.151486,4.040836,-1.026813,0,32.594883,0.242591,19.987424
7.613000,32.181899,1.150454,4.040836,-1.036623,0,32.598924,0.241559,19.987424
7.614000,32.185939,1.149412,4.040836,-1.046433,0,32.602965,0.240517,19.987424
7.615000,32.189980,1.148361,4.040836,-1.056243,0,32.607006,0.239466,19.987424
7.616000,32.194021,1.147300,4.040836,-1.066053,0,32.611046,0.238405,19.987424
7.617000,32.198062,1.146229,4.040836,-1.075863,0,32.615087,0.237334,19.987424
7.618000,32.202103,1.145148,4.040836,-1.085673,0,32.619128,0.236253,19.987424
7.619000,32.206144,1.144057,4.040836,-1.095483,0,32.623169,0.235163,19.987424
7.620000,32.210184,1.142957,4.040836,-1.105293,0,32.627210,0.234062,19.987424
7.621000,32.214225,1.141847,4.040836,-1.115103,0,32.631251,0.232952,19.987424
7.622000,32.218266,1.140727,4.040836,-1.124913,0,32.635291,0.231832,19.987424
7.623000,32.222307,1.139597,4.040836,-1.134723,0,32.639332,0.230702,19.987424
7.624000,32.226348,1.138457,4.040836,-1.144533,0,32.643373,0.229563,19.987424
7.625000,32.230389,1.137308,4.040836,-1.154343,0,32.647414,0.228413,19.987424
7.626000,32.234429,1.136149,4.040836,-1.164153,0,32.651455,0.227254,19.987424
7.627000,32.238470,1.134980,4.040836,-1.173963,0,32.655496,0.226085,19.987424
7.628000,32.242511,1.133801,4.040836,-1.183773,0,32.659536,0.224906,19.987424
7.629000,32.246552,1.132612,4.040836,-1.193583,0,32.663577,0.223717,19.987424
7.630000,32.250593,1.131414,4.040836,-1.203393,0,32.667618,0.222519,19.987424
7.631000,32.254634,1.130205,4.040836,-1.213203,0,32.671659,0.221310,19.987424
7.632000,32.258674,1.128987,4.040836,-1.223013,0,32.675700,0.220092,19.987424
7.633000,32.262715,1.127759,4.040836,-1.232823,0,32.679741,0.218864,19.987424
7.634000,32.266756,1.126522,4.040836,-1.242633,0,32.683781,0.217627,19.987424
7.635000,32.270797,1.125274,4.040836,-1.252443,0,32.687822,0.216379,19.987424
7.636000,32.274838,1.124017,4.040836,-1.262253,0,32.691863,0.215122,19.987424
7.637000,32.278879,1.122750,4.040836,-1.272063,0,32.695904,0.213855,19.987424
7.638000,32.282919,1.121473,4.040836,-1.281873,0,32.699945,0.212578,19.987424
7.639000,32.286960,1.120186,4.040836,-1.291683,0,32.703986,0.211291,19.987424
7.640000,32.291001,1.118889,4.040836,-1.301493,0,32.708026,0.209994,19.987424
7.641000,32.295042,1.117583,4.040836,-1.311303,0,32.712067,0.208688,19.987424
7.642000,32.299083,1.116267,4.040836,-1.321113,0,32.716108,0.207372,19.987424
7.643000,32.303124,1.114941,4.040836,-1.330923,0,32.720149,0.206046,19.987424
7.644000,32.307164,1.113605,4.040836,-1.340733,0,32.724190,0.204710,19.987424
7.645000,32.311205,1.112259,4.040836,-1.350543,0,32.728231,0.203364,19.987424
7.646000,32.315246,1.110904,4.040836,-1.360353,0,32.732271,0.202009,19.987424
7.647000,32.319287,1.109538,4.040836,-1.370163,0,32.736312,0.200644,19.987424
7.648000,32.323328,1.108163,4.040836,-1.379973,0,32.740353,0.199268,19.987424
7.649000,32.327369,1.106778,4.040836,-1.389783,0,32.744394,0.197884,19.987424
7.650000,32.331409,1.105384,4.040836,-1.399593,0,32.748435,0.196489,19.987424
7.651000,32.335450,1.103979,4.040836,-1.409403,0,32.752476,0.195084,19.987424
7.652000,32.339491,1.102565,4.040836,-1.419213,0,32.756516,0.193670,19.987424
7.653000,32.343532,1.101141,4.040836,-1.429023,0,32.760557,0.192246,19.987424
7.654000,32.347573,1.099707,4.040836,-1.438833,0,32.764598,0.190812,19.987424
7.655000,32.351614,1.098263,4.040836,-1.448643,0,32.768639,0.189368,19.987424
7.656000,32.355654,1.096810,4.040836,-1.458453,0,32.772680,0.187915,19.987424
7.657000,32.359695,1.095346,4.040836,-1.468263,0,32.776721,0.186451,19.987424
7.658000,32.363736,1.093873,4.040836,-1.478073,0,32.780761,0.184978,19.987424
7.659000,32.367777,1.092390,4.040836,-1.487883,0,32.784802,0.183495,19.987424
7.660000,32.371818,1.090897,4.040836,-1.497693,0,32.788843,0.182002,19.987424
7.661000,32.375859,1.089395,4.040836,-1.507503,0,32.792884,0.180500,19.987424
7.662000,32.379899,1.087882,4.040836,-1.517313,0,32.796925,0.178987,19.987424
7.663000,32.383940,1.086360,4.040836,-1.527123,0,32.800966,0.177465,19.987424
7.664000,32.387981,1.084828,4.040836,-1.536933,0,32.805006,0.175933,19.987424
7.665000,32.392022,1.083286,4.040836,-1.546743,0,32.809047,0.174391,19.987424
7.666000,32.396063,1.081735,4.040836,-1.556553,0,32.813088,0.172840,19.987424
7.667000,32.400104,1.080173,4.040836,-1.566363,0,32.817129,0.171278,19.987424
7.668000,32.404145,1.078602,4.040836,-1.576173,0,32.821170,0.169707,19.987424
7.669000,32.408185,1.077021,4.040836,-1.585983,0,32.825211,0.168126,19.987424
7.670000,32.412226,1.075430,4.040836,-1.595793,0,32.829252,0.166535,19.987424
7.671000,32.416267,1.073829,4.040836,-1.605603,0,32.833292,0.164934,19.987424
7.672000,32.420308,1.072219,4.040836,-1.615413,0,32.837333,0.163324,19.987424
7.673000,32.424349,1.070598,4.040836,-1.625223,0,32.841374,0.161704,19.987424
7.674000,32.428390,1.068968,4.040836,-1.635033,0,32.845415,0.160073,19.987424
7.675000,32.432430,1.067328,4.040836,-1.644843,0,32.849456,0.158433,19.987424
7.676000,32.436471,1.065679,4.040836,-1.654653,0,32.853497,0.156784,19.987424
7.677000,32.440512,1.064019,4.040836,-1.664463,0,32.857537,0.155124,19.987424
7.678000,32.444553,1.062350,4.040836,-1.674273,0,32.861578,0.153455,19.987424
7.679000,32.448594,1.060670,4.040836,-1.684083,0,32.865619,0.151776,19.987424
7.680000,32.452635,1.058982,4.040836,-1.693893,0,32.869660,0.150087,19.987424
7.681000,32.456675,1.057283,4.040836,-1.703703,0,32.873701,0.148388,19.987424
7.682000,32.460716,1.055574,4.040836,-1.713513,0,32.877742,0.146679,19.987424
7.683000,32.464757,1.053856,4.040836,-1.723323,0,32.881782,0.144961,19.987424
7.684000,32.468798,1.052127,4.040836,-1.733133,0,32.885823,0.143233,19.987424
7.685000,32.472839,1.050389,4.040836,-1.742943,0,32.889864,0.141495,19.987424
7.686000,32.476880,1.048642,4.040836,-1.752753,0,32.893905,0.139747,19.987424
7.687000,32.480920,1.046884,4.040836,-1.762563,0,32.897946,0.137989,19.987424
7.688000,32.484961,1.045116,4.040836,-1.772373,0,32.901987,0.136222,19.987424
7.689000,32.489002,1.043339,4.040836,-1.782183,0,32.906027,0.134444,19.987424
7.690000,32.493043,1.041552,4.040836,-1.791993,0,32.910068,0.132657,19.987424
7.691000,32.497084,1.039755,4.040836,-1.801803,0,32.914109,0.130860,19.987424
7.692000,32.501125,1.037948,4.040836,-1.811613,0,32.918150,0.129054,19.987424
7.693000,32.505165,1.036132,4.040836,-1.821423,0,32.922191,0.127237,19.987424
7.694000,32.509206,1.034306,4.040836,-1.831233,0,32.926232,0.125411,19.987424
7.695000,32.513247,1.032469,4.040836,-1.841043,0,32.930272,0.123575,19.987424
7.696000,32.517288,1.030624,4.040836,-1.850853,0,32.934313,0.121729,19.987424
7.697000,32.521329,1.028768,4.040836,-1.860663,0,32.938354,0.119873,19.987424
7.698000,32.525370,1.026902,4.040836,-1.870473,0,32.942395,0.118007,19.987424
7.699000,32.529410,1.025027,4.040836,-1.880283,0,32.946436,0.116132,19.987424
7.700000,32.533451,1.023142,4.040836,-1.890093,0,32.950477,0.114247,19.987424
7.701000,32.537492,1.021247,4.040836,-1.899903,0,32.954517,0.112352,19.987424
7.702000,32.541533,1.019342,4.040836,-1.909713,0,32.958558,0.110447,19.987424
7.703000,32.545574,1.017427,4.040836,-1.919523,0,32.962599,0.108532,19.987424
7.704000,32.549615,1.015503,4.040836,-1.929333,0,32.966640,0.106608,19.987424
7.705000,32.553655,1.013569,4.040836,-1.939143,0,32.970681,0.104674,19.987424
7.706000,32.557696,1.011625,4.040836,-1.948953,0,32.974722,0.102730,19.987424
7.707000,32.561737,1.009671,4.040836,-1.958763,0,32.978762,0.100776,19.987424
7.708000,32.565778,1.007707,4.040836,-1.968573,0,32.982803,0.098812,19.987424
7.709000,32.569819,1.005733,4.040836,-1.978383,0,32.986844,0.096839,19.987424
7.710000,32.573860,1.003750,4.040836,-1.988193,0,32.990885,0.094855,19.987424
7.711000,32.577900,1.001757,4.040836,-1.998003,0,32.994926,0.092862,19.987424
7.712000,32.581941,0.999754,4.040836,-2.007813,0,32.998967,0.090859,19.987424
7.713000,32.585982,0.997741,4.040836,-2.017623,0,33.003007,0.088847,19.987424
7.714000,32.590023,0.995719,4.040836,-2.027433,0,33.007048,0.086824,19.987424
7.715000,32.594064,0.993687,4.040836,-2.037243,0,33.011089,0.084792,19.987424
7.716000,32.598105,0.991644,4.040836,-2.047053,0,33.015130,0.082750,19.987424
7.717000,32.602145,0.989593,4.040836,-2.056863,0,33.019171,0.080698,19.987424
7.718000,32.606186,0.987531,4.040836,-2.066673,0,33.023212,0.078636,19.987424
7.719000,32.610227,0.985459,4.040836,-2.076483,0,33.027252,0.076564,19.987424
7.720000,32.614268,0.983378,4.040836,-2.086293,0,33.031293,0.074483,19.987424
7.721000,32.618309,0.981287,4.040836,-2.096103,0,33.035334,0.072392,19.987424
7.722000,32.622350,0.979186,4.040836,-2.105913,0,33.039375,0.070291,19.987424
7.723000,32.626390,0.977075,4.040836,-2.115723,0,33.043416,0.068180,19.987424
7.724000,32.630431,0.974954,4.040836,-2.125533,0,33.047457,0.066059,19.987424
7.725000,32.634472,0.972824,4.040836,-2.135343,0,33.051497,0.063929,19.987424
7.726000,32.638513,0.970683,4.040836,-2.145153,0,33.055538,0.061789,19.987424
7.727000,32.642554,0.968533,4.040836,-2.154963,0,33.059579,0.059639,19.987424
7.728000,32.646595,0.966374,4.040836,-2.164773,0,33.063620,0.057479,19.987424
7.729000,32.650636,0.964204,4.040836,-2.174583,0,33.067661,0.055309,19.987424
7.730000,32.654676,0.962024,4.040836,-2.184393,0,33.071702,0.053129,19.987424
7.731000,32.658717,0.959835,4.040836,-2.194203,0,33.075743,0.050940,19.987424
7.732000,32.662758,0.957636,4.040836,-2.204013,0,33.079783,0.048741,19.987424
7.733000,32.666799,0.955427,4.040836,-2.213823,0,33.083824,0.046532,19.987424
7.734000,32.670840,0.953208,4.040836,-2.223633,0,33.087865,0.044313,19.987424
7.735000,32.674881,0.950980,4.040836,-2.233443,0,33.091906,0.042085,19.987424
7.736000,32.678921,0.948741,4.040836,-2.243253,0,33.095947,0.039847,19.987424
7.737000,32.682962,0.946493,4.040836,-2.253063,0,33.099988,0.037598,19.987424
7.738000,32.687003,0.944235,4.040836,-2.262873,0,33.104028,0.035340,19.987424
7.739000,32.691044,0.941968,4.040836,-2.272683,0,33.108069,0.033073,19.987424
7.740000,32.695085,0.939690,4.040836,-2.282493,0,33.112110,0.030795,19.987424
7.741000,32.699126,0.937403,4.040836,-2.292303,0,33.116151,0.028508,19.987424
7.742000,32.703166,0.935105,4.040836,-2.302113,0,33.120192,0.026210,19.987424
7.743000,32.707207,0.932798,4.040836,-2.311923,0,33.124233,0.023903,19.987424
7.744000,32.711248,0.930481,4.040836,-2.321733,0,33.128273,0.021587,19.987424
7.745000,32.715289,0.928155,4.040836,-2.331543,0,33.132314,0.019260,19.987424
7.746000,32.719330,0.925818,4.040836,-2.341353,0,33.136355,0.016924,19.987424
7.747000,32.723371,0.923472,4.040836,-2.351163,0,33.140396,0.014577,19.987424
7.748000,32.727411,0.921116,4.040836,-2.360973,0,33.144437,0.012221,19.987424
7.749000,32.731452,0.918750,4.040836,-2.370783,0,33.148478,0.009855,19.987424
7.750000,32.735493,0.916374,4.040836,-2.380593,0,33.152518,0.007480,19.987424
7.751000,32.739534,0.913989,4.040836,-2.390403,0,33.156559,0.005094,19.987424
7.752000,32.743575,0.911594,4.040836,-2.400213,0,33.160600,0.002699,19.987424
7.753000,32.747616,0.909189,4.040836,-2.410023,0,33.164641,0.000294,19.987424
7.754000,32.751656,0.906774,4.040836,-2.419833,1,33.167708,0.000000,19.987968
7.755000,32.755697,0.904349,4.040481,-2.428865,1,33.167708,0.000000,19.987968
7.756000,32.759737,0.901916,4.039806,-2.437189,1,33.167708,0.000000,19.987968
7.757000,32.763777,0.899475,4.038816,-2.444802,1,33.167708,0.000000,19.987968
7.758000,32.767815,0.897027,4.037515,-2.451704,1,33.167708,0.000000,19.987968
7.759000,32.771852,0.894572,4.035906,-2.457892,1,33.167708,0.000000,19.987968
7.760000,32.775887,0.892111,4.033995,-2.463365,1,33.167708,0.000000,19.987968
7.761000,32.779919,0.889645,4.031784,-2.468123,1,33.167708,0.000000,19.987968
7.762000,32.783950,0.887175,4.029280,-2.472164,1,33.167708,0.000000,19.987968
7.763000,32.787978,0.884701,4.026485,-2.475487,1,33.167708,0.000000,19.987968
7.764000,32.792003,0.882224,4.023405,-2.478092,1,33.167708,0.000000,19.987968
7.765000,32.796025,0.879745,4.020044,-2.479979,1,33.167708,0.000000,19.987968
7.766000,32.800043,0.877265,4.016407,-2.481146,1,33.167708,0.000000,19.987968
7.767000,32.804057,0.874783,4.012500,-2.481594,1,33.167708,0.000000,19.987968
7.768000,32.808068,0.872302,4.008326,-2.481323,1,33.167708,0.000000,19.987968
7.769000,32.812074,0.869821,4.003892,-2.480332,1,33.167708,0.000000,19.987968
7.770000,32.816075,0.867341,3.999202,-2.478622,1,33.167708,0.000000,19.987968
7.771000,32.820072,0.864864,3.994262,-2.476194,1,33.167708,0.000000,19.987968
7.772000,32.824064,0.862389,3.989077,-2.473048,1,33.167708,0.000000,19.987968
7.773000,32.828050,0.859918,3.983652,-2.469185,1,33.167708,0.000000,19.987968
7.774000,32.832031,0.857451,3.977994,-2.464606,1,33.167708,0.000000,19.987968
7.775000,32.836006,0.854989,3.972108,-2.459311,1,33.167708,0.000000,19.987968
7.776000,32.839975,0.852533,3.965999,-2.453303,1,33.167708,0.000000,19.987968
7.777000,32.843938,0.850083,3.959674,-2.446582,1,33.167708,0.000000,19.987968
7.778000,32.847895,0.847640,3.953138,-2.439151,1,33.167708,0.000000,19.987968
7.779000,32.851844,0.845205,3.946398,-2.431011,1,33.167708,0.000000,19.987968
7.780000,32.855787,0.842778,3.939459,-2.422164,1,33.167708,0.000000,19.987968
7.781000,32.859723,0.840361,3.932328,-2.412612,1,33.167708,0.000000,19.987968
7.782000,32.863652,0.837953,3.925012,-2.402357,1,33.167708,0.000000,19.987968
7.783000,32.867573,0.835556,3.917515,-2.391402,1,33.167708,0.000000,19.987968
7.784000,32.871487,0.833170,3.909845,-2.379750,1,33.167708,0.000000,19.987968
7.785000,32.875393,0.830797,3.902009,-2.367403,1,33.167708,0.000000,19.987968
7.786000,32.879291,0.828436,3.894012,-2.354365,1,33.167708,0.000000,19.987968
7.787000,32.883181,0.826088,3.885862,-2.340638,1,33.167708,0.000000,19.987968
7.788000,32.887062,0.823755,3.877564,-2.326225,1,33.167708,0.000000,19.987968
7.789000,32.890936,0.821436,3.869127,-2.311131,1,33.167708,0.000000,19.987968
7.790000,32.894801,0.819133,3.860555,-2.295360,1,33.167708,0.000000,19.987968
7.791000,32.898657,0.816846,3.851858,-2.278914,1,33.167708,0.000000,19.987968
7.792000,32.902504,0.814575,3.843040,-2.261798,1,33.167708,0.000000,19.987968
7.793000,32.906343,0.812322,3.834110,-2.244016,1,33.167708,0.000000,19.987968
7.794000,32.910173,0.810087,3.825074,-2.225572,1,33.167708,0.000000,19.987968
7.795000,32.913993,0.807871,3.815939,-2.206472,1,33.167708,0.000000,19.987968
7.796000,32.917804,0.805675,3.806712,-2.186720,1,33.167708,0.000000,19.987968
7.797000,32.921606,0.803498,3.797401,-2.166320,1,33.167708,0.000000,19.987968
7.798000,32.925399,0.801342,3.788012,-2.145278,1,33.167708,0.000000,19.987968
7.799000,32.929182,0.799208,3.778552,-2.123600,1,33.167708,0.000000,19.987968
7.800000,32.932956,0.797095,3.769029,-2.101290,1,33.167708,0.000000,19.987968
7.801000,32.936720,0.795005,3.759450,-2.078354,1,33.167708,0.000000,19.987968
7.802000,32.940475,0.792939,3.749823,-2.054799,1,33.167708,0.000000,19.987968
7.803000,32.944220,0.790896,3.740153,-2.030630,1,33.167708,0.000000,19.987968
7.804000,32.947955,0.788878,3.730449,-2.005852,1,33.167708,0.000000,19.987968
7.805000,32.951681,0.786884,3.720718,-1.980474,1,33.167708,0.000000,19.987968
7.806000,32.955397,0.784917,3.710967,-1.954500,1,33.167708,0.000000,19.987968
7.807000,32.959103,0.782976,3.701203,-1.927939,1,33.167708,0.000000,19.987968
7.808000,32.962799,0.781061,3.691433,-1.900796,1,33.167708,0.000000,19.987968
7.809000,32.966486,0.779174,3.681665,-1.873079,1,33.167708,0.000000,19.987968
7.810000,32.970163,0.777315,3.671905,-1.844795,1,33.167708,0.000000,19.987968
7.811000,32.973830,0.775485,3.662162,-1.815951,1,33.167708,0.000000,19.987968
7.812000,32.977487,0.773684,3.652441,-1.786555,1,33.167708,0.000000,19.987968
7.813000,32.981135,0.771912,3.642751,-1.756615,1,33.167708,0.000000,19.987968
7.814000,32.984772,0.770171,3.633098,-1.726138,1,33.167708,0.000000,19.987968
7.815000,32.988401,0.768460,3.623489,-1.695133,1,33.167708,0.000000,19.987968
7.816000,32.992019,0.766780,3.613931,-1.663609,1,33.167708,0.000000,19.987968
7.817000,32.995629,0.765133,3.604432,-1.631572,1,33.167708,0.000000,19.987968
7.818000,32.999228,0.763517,3.594997,-1.599033,1,33.167708,0.000000,19.987968
7.819000,33.002819,0.761935,3.585634,-1.565999,1,33.167708,0.000000,19.987968
7.820000,33.006400,0.760386,3.576350,-1.532479,1,33.167708,0.000000,19.987968
7.821000,33.009971,0.758870,3.567151,-1.498484,1,33.167708,0.000000,19.987968
7.822000,33.013534,0.757389,3.558044,-1.464021,1,33.167708,0.000000,19.987968
7.823000,33.017087,0.755942,3.549035,-1.429101,1,33.167708,0.000000,19.987968
7.824000,33.020632,0.754531,3.540131,-1.393733,1,33.167708,0.000000,19.987968
7.825000,33.024168,0.753155,3.531338,-1.357926,1,33.167708,0.000000,19.987968
7.826000,33.027695,0.751815,3.522663,-1.321690,1,33.167708,0.000000,19.987968
7.827000,33.031213,0.750512,3.514111,-1.285036,1,33.167708,0.000000,19.987968
7.828000,33.034723,0.749245,3.505689,-1.247974,1,33.167708,0.000000,19.987968
7.829000,33.038225,0.748016,3.497403,-1.210513,1,33.167708,0.000000,19.987968
7.830000,33.041718,0.746824,3.489258,-1.172665,1,33.167708,0.000000,19.987968
7.831000,33.045203,0.745671,3.481261,-1.134440,1,33.167708,0.000000,19.987968
7.832000,33.048680,0.744555,3.473416,-1.095848,1,33.167708,0.000000,19.987968
7.833000,33.052150,0.743479,3.465730,-1.056901,1,33.167708,0.000000,19.987968
7.834000,33.055612,0.742442,3.458207,-1.017610,1,33.167708,0.000000,19.987968
7.835000,33.059066,0.741444,3.450853,-0.977984,1,33.167708,0.000000,19.987968
7.836000,33.062514,0.740486,3.443674,-0.938037,1,33.167708,0.000000,19.987968
7.837000,33.065954,0.739568,3.436673,-0.897779,1,33.167708,0.000000,19.987968
7.838000,33.069387,0.738690,3.429856,-0.857221,1,33.167708,0.000000,19.987968
7.839000,33.072814,0.737854,3.423228,-0.816376,1,33.167708,0.000000,19.987968
7.840000,33.076234,0.737058,3.416792,-0.775254,1,33.167708,0.000000,19.987968
7.841000,33.079647,0.736303,3.410554,-0.733868,1,33.167708,0.000000,19.987968
7.842000,33.083055,0.735590,3.404517,-0.692230,1,33.167708,0.000000,19.987968
7.843000,33.086456,0.734919,3.398685,-0.650351,1,33.167708,0.000000,19.987968
7.844000,33.089852,0.734289,3.393063,-0.608244,1,33.167708,0.000000,19.987968
7.845000,33.093243,0.733702,3.387654,-0.565921,1,33.167708,0.000000,19.987968
7.846000,33.096628,0.733158,3.382461,-0.523393,1,33.167708,0.000000,19.987968
7.847000,33.100008,0.732656,3.377487,-0.480675,1,33.167708,0.000000,19.987968
7.848000,33.103383,0.732196,3.372737,-0.437777,1,33.167708,0.000000,19.987968
7.849000,33.106753,0.731780,3.368212,-0.394712,1,33.167708,0.000000,19.987968
7.850000,33.110119,0.731407,3.363916,-0.351493,1,33.167708,0.000000,19.987968
7.851000,33.113481,0.731077,3.359851,-0.308133,1,33.167708,0.000000,19.987968
7.852000,33.116839,0.730791,3.356019,-0.264644,1,33.167708,0.000000,19.987968
7.853000,33.120193,0.730548,3.352423,-0.221039,1,33.167708,0.000000,19.987968
7.854000,33.123544,0.730349,3.349065,-0.177331,1,33.167708,0.000000,19.987968
7.855000,33.126891,0.730193,3.345945,-0.133533,1,33.167708,0.000000,19.987968
7.856000,33.130236,0.730082,3.343067,-0.089656,1,33.167708,0.000000,19.987968
7.857000,33.133578,0.730014,3.340431,-0.045715,1,33.167708,0.000000,19.987968
7.858000,33.136917,0.729990,3.338039,-0.001723,1,33.167708,0.000000,19.987968
7.859000,33.140254,0.730011,3.335891,0.042309,1,33.167708,0.000000,19.987968
7.860000,33.143589,0.730075,3.333988,0.086366,1,33.167708,0.000000,19.987968
7.861000,33.146922,0.730183,3.332331,0.130436,1,33.167708,0.000000,19.987968
7.862000,33.150253,0.730336,3.330920,0.174506,1,33.167708,0.000000,19.987968
7.863000,33.153584,0.730532,3.329756,0.218564,1,33.167708,0.000000,19.987968
7.864000,33.156913,0.730773,3.328838,0.262594,1,33.167708,0.000000,19.987968
7.865000,33.160242,0.731058,3.328165,0.306586,1,33.167708,0.000000,19.987968
7.866000,33.163569,0.731386,3.327739,0.350526,1,33.167708,0.000000,19.987968
7.867000,33.166897,0.731759,3.327557,0.394401,1,33.167708,0.000000,19.987968
7.868000,33.170225,0.732175,3.327620,0.438198,1,33.167708,0.000000,19.987968
7.869000,33.173552,0.732635,3.327925,0.481905,1,33.167708,0.000000,19.987968
7.870000,33.176881,0.733139,3.328472,0.525507,1,33.167708,0.000000,19.987968
7.871000,33.180209,0.733686,3.329260,0.568994,1,33.167708,0.000000,19.987968
7.872000,33.183539,0.734277,3.330286,0.612351,1,33.167708,0.000000,19.987968
7.873000,33.186870,0.734911,3.331548,0.655566,1,33.167708,0.000000,19.987968
7.874000,33.190202,0.735588,3.333046,0.698626,1,33.167708,0.000000,19.987968
7.875000,33.193536,0.736308,3.334776,0.741520,1,33.167708,0.000000,19.987968
7.876000,33.196872,0.737071,3.336736,0.784233,1,33.167708,0.000000,19.987968
7.877000,33.200210,0.737876,3.338924,0.826754,1,33.167708,0.000000,19.987968
7.878000,33.203550,0.738724,3.341337,0.869071,1,33.167708,0.000000,19.987968
7.879000,33.206893,0.739614,3.343971,0.911171,1,33.167708,0.000000,19.987968
7.880000,33.210238,0.740546,3.346824,0.953041,1,33.167708,0.000000,19.987968
7.881000,33.213586,0.741520,3.349892,0.994670,1,33.167708,0.000000,19.987968
7.882000,33.216938,0.742536,3.353172,1.036046,1,33.167708,0.000000,19.987968
7.883000,33.220293,0.743592,3.356661,1.077156,1,33.167708,0.000000,19.987968
7.884000,33.223651,0.744690,3.360354,1.117988,1,33.167708,0.000000,19.987968
7.885000,33.227013,0.745828,3.364247,1.158532,1,33.167708,0.000000,19.987968
7.886000,33.230380,0.747007,3.368336,1.198775,1,33.167708,0.000000,19.987968
7.887000,33.233750,0.748226,3.372618,1.238705,1,33.167708,0.000000,19.987968
7.888000,33.237125,0.749484,3.377087,1.278312,1,33.167708,0.000000,19.987968
7.889000,33.240504,0.750782,3.381740,1.317583,1,33.167708,0.000000,19.987968
7.890000,33.243889,0.752119,3.386570,1.356508,1,33.167708,0.000000,19.987968
7.891000,33.247278,0.753495,3.391575,1.395075,1,33.167708,0.000000,19.987968
7.892000,33.250672,0.754909,3.396747,1.433274,1,33.167708,0.000000,19.987968
7.893000,33.254071,0.756361,3.402084,1.471094,1,33.167708,0.000000,19.987968
7.894000,33.257476,0.757851,3.407578,1.508524,1,33.167708,0.000000,19.987968
7.895000,33.260886,0.759378,3.413226,1.545553,1,33.167708,0.000000,19.987968
7.896000,33.264302,0.760942,3.419021,1.582172,1,33.167708,0.000000,19.987968
7.897000,33.267724,0.762543,3.424958,1.618369,1,33.167708,0.000000,19.987968
7.898000,33.271152,0.764179,3.431032,1.654134,1,33.167708,0.000000,19.987968
7.899000,33.274587,0.765851,3.437236,1.689459,1,33.167708,0.000000,19.987968
7.900000,33.278027,0.767558,3.443565,1.724332,1,33.167708,0.000000,19.987968
7.901000,33.281474,0.769299,3.450013,1.758744,1,33.167708,0.000000,19.987968
7.902000,33.284927,0.771075,3.456573,1.792686,1,33.167708,0.000000,19.987968
7.903000,33.288387,0.772884,3.463240,1.826148,1,33.167708,0.000000,19.987968
7.904000,33.291854,0.774727,3.470008,1.859120,1,33.167708,0.000000,19.987968
7.905000,33.295327,0.776602,3.476870,1.891595,1,33.167708,0.000000,19.987968
7.906000,33.298807,0.778510,3.483820,1.923563,1,33.167708,0.000000,19.987968
7.907000,33.302295,0.780449,3.490852,1.955014,1,33.167708,0.000000,19.987968
7.908000,33.305789,0.782420,3.497959,1.985942,1,33.167708,0.000000,19.987968
7.909000,33.309291,0.784421,3.505135,2.016336,1,33.167708,0.000000,19.987968
7.910000,33.312799,0.786452,3.512373,2.046190,1,33.167708,0.000000,19.987968
7.911000,33.316315,0.788513,3.519667,2.075495,1,33.167708,0.000000,19.987968
7.912000,33.319839,0.790603,3.527010,2.104242,1,33.167708,0.000000,19.987968
7.913000,33.323369,0.792722,3.534395,2.132425,1,33.167708,0.000000,19.987968
7.914000,33.326907,0.794868,3.541816,2.160035,1,33.167708,0.000000,19.987968
7.915000,33.330453,0.797041,3.549267,2.187066,1,33.167708,0.000000,19.987968
7.916000,33.334006,0.799242,3.556740,2.213510,1,33.167708,0.000000,19.987968
7.917000,33.337567,0.801468,3.564228,2.239360,1,33.167708,0.000000,19.987968
7.918000,33.341134,0.803720,3.571726,2.264609,1,33.167708,0.000000,19.987968
7.919000,33.344710,0.805997,3.579225,2.289251,1,33.167708,0.000000,19.987968
7.920000,33.348293,0.808299,3.586720,2.313278,1,33.167708,0.000000,19.987968
7.921000,33.351883,0.810624,3.594204,2.336685,1,33.167708,0.000000,19.987968
7.922000,33.355481,0.812972,3.601670,2.359466,1,33.167708,0.000000,19.987968
7.923000,33.359087,0.815342,3.609111,2.381614,1,33.167708,0.000000,19.987968
7.924000,33.362700,0.817735,3.616521,2.403123,1,33.167708,0.000000,19.987968
7.925000,33.366320,0.820148,3.623893,2.423989,1,33.167708,0.000000,19.987968
7.926000,33.369947,0.822583,3.631219,2.444205,1,33.167708,0.000000,19.987968
7.927000,33.373582,0.825037,3.638494,2.463767,1,33.167708,0.000000,19.987968
7.928000,33.377224,0.827510,3.645711,2.482669,1,33.167708,0.000000,19.987968
7.929000,33.380874,0.830002,3.652863,2.500906,1,33.167708,0.000000,19.987968
7.930000,33.384530,0.832511,3.659944,2.518473,1,33.167708,0.000000,19.987968
7.931000,33.388193,0.835038,3.666946,2.535367,1,33.167708,0.000000,19.987968
7.932000,33.391864,0.837582,3.673864,2.551582,1,33.167708,0.000000,19.987968
7.933000,33.395541,0.840141,3.680692,2.567115,1,33.167708,0.000000,19.987968
7.934000,33.399225,0.842716,3.687422,2.581961,1,33.167708,0.000000,19.987968
7.935000,33.402916,0.845305,3.694048,2.596116,1,33.167708,0.000000,19.987968
7.936000,33.406613,0.847908,3.700563,2.609577,1,33.167708,0.000000,19.987968
7.937000,33.410317,0.850524,3.706963,2.622341,1,33.167708,0.000000,19.987968
7.938000,33.414027,0.853152,3.713240,2.634404,1,33.167708,0.000000,19.987968
7.939000,33.417743,0.855793,3.719388,2.645763,1,33.167708,0.000000,19.987968
7.940000,33.421466,0.858444,3.725401,2.656414,1,33.167708,0.000000,19.987968
7.941000,33.425194,0.861105,3.731273,2.666356,1,33.167708,0.000000,19.987968
7.942000,33.428928,0.863776,3.736999,2.675585,1,33.167708,0.000000,19.987968
7.943000,33.432668,0.866456,3.742571,2.684100,1,33.167708,0.000000,19.987968
7.944000,33.436413,0.869144,3.747985,2.691897,1,33.167708,0.000000,19.987968
7.945000,33.440164,0.871840,3.753234,2.698975,1,33.167708,0.000000,19.987968
7.946000,33.443920,0.874542,3.758313,2.705332,1,33.167708,0.000000,19.987968
7.947000,33.447681,0.877250,3.763216,2.710966,1,33.167708,0.000000,19.987968
7.948000,33.451446,0.879964,3.767938,2.715875,1,33.167708,0.000000,19.987968
7.949000,33.455216,0.882682,3.772473,2.720059,1,33.167708,0.000000,19.987968
7.950000,33.458991,0.885403,3.776815,2.723515,1,33.167708,0.000000,19.987968
7.951000,33.462770,0.888128,3.780960,2.726243,1,33.167708,0.000000,19.987968
7.952000,33.466553,0.890856,3.784902,2.728242,1,33.167708,0.000000,19.987968
7.953000,33.470340,0.893585,3.788637,2.729512,1,33.167708,0.000000,19.987968
7.954000,33.474130,0.896314,3.792158,2.730050,1,33.167708,0.000000,19.987968
7.955000,33.477924,0.899044,3.795461,2.729859,1,33.167708,0.000000,19.987968
7.956000,33.481721,0.901774,3.798542,2.728936,1,33.167708,0.000000,19.987968
7.957000,33.485521,0.904502,3.801394,2.727282,1,33.167708,0.000000,19.987968
7.958000,33.489324,0.907228,3.804015,2.724897,1,33.167708,0.000000,19.987968
7.959000,33.493129,0.909952,3.806398,2.721782,1,33.167708,0.000000,19.987968
7.960000,33.496936,0.912672,3.808540,2.717936,1,33.167708,0.000000,19.987968
7.961000,33.500746,0.915387,3.810437,2.713361,1,33.167708,0.000000,19.987968
7.962000,33.504557,0.918098,3.812083,2.708057,1,33.167708,0.000000,19.987968
7.963000,33.508370,0.920803,3.813474,2.702024,1,33.167708,0.000000,19.987968
7.964000,33.512184,0.923502,3.814607,2.695265,1,33.167708,0.000000,19.987968
7.965000,33.515999,0.926193,3.815478,2.687780,1,33.167708,0.000000,19.987968
7.966000,33.519815,0.928877,3.816082,2.679571,1,33.167708,0.000000,19.987968
7.967000,33.523631,0.931552,3.816416,2.670639,1,33.167708,0.000000,19.987968
7.968000,33.527448,0.934218,3.816476,2.660986,0,33.944473,0.025323,19.987850
7.969000,33.531264,0.936874,3.816476,2.651176,0,33.948290,0.027979,19.987850
7.970000,33.535081,0.939521,3.816476,2.641366,0,33.952106,0.030626,19.987850
7.971000,33.538897,0.942157,3.816476,2.631556,0,33.955922,0.033262,19.987850
7.972000,33.542714,0.944784,3.816476,2.621746,0,33.959739,0.035889,19.987850
7.973000,33.546530,0.947401,3.816476,2.611936,0,33.963555,0.038506,19.987850
7.974000,33.550347,0.950008,3.816476,2.602126,0,33.967372,0.041113,19.987850
7.975000,33.554163,0.952605,3.816476,2.592316,0,33.971188,0.043710,19.987850
7.976000,33.557980,0.955192,3.816476,2.582506,0,33.975005,0.046297,19.987850
7.977000,33.561796,0.957770,3.816476,2.572696,0,33.978821,0.048875,19.987850
7.978000,33.565612,0.960338,3.816476,2.562886,0,33.982638,0.051443,19.987850
7.979000,33.569429,0.962896,3.816476,2.553076,0,33.986454,0.054001,19.987850
7.980000,33.573245,0.965444,3.816476,2.543266,0,33.990271,0.056549,19.987850
7.981000,33.577062,0.967982,3.816476,2.533456,0,33.994087,0.059087,19.987850
7.982000,33.580878,0.970511,3.816476,2.523646,0,33.997904,0.061616,19.987850
7.983000,33.584695,0.973029,3.816476,2.513836,0,34.001720,0.064134,19.987850
7.984000,33.588511,0.975538,3.816476,2.504026,0,34.005537,0.066643,19.987850
7.985000,33.592328,0.978037,3.816476,2.494216,0,34.009353,0.069143,19.987850
7.986000,33.596144,0.980527,3.816476,2.484406,0,34.013170,0.071632,19.987850
7.987000,33.599961,0.983006,3.816476,2.474596,0,34.016986,0.074111,19.987850
7.988000,33.603777,0.985476,3.816476,2.464786,0,34.020803,0.076581,19.987850
7.989000,33.607594,0.987936,3.816476,2.454976,0,34.024619,0.079041,19.987850
7.990000,33.611410,0.990386,3.816476,2.445166,0,34.028436,0.081491,19.987850
7.991000,33.615227,0.992826,3.816476,2.435356,0,34.032252,0.083931,19.987850
7.992000,33.619043,0.995257,3.816476,2.425546,0,34.036068,0.086362,19.987850
7.993000,33.622860,0.997677,3.816476,2.415736,0,34.039885,0.088782,19.987850
7.994000,33.626676,1.000088,3.816476,2.405926,0,34.043701,0.091193,19.987850
7.995000,33.630493,1.002489,3.816476,2.396116,0,34.047518,0.093594,19.987850
7.996000,33.634309,1.004880,3.816476,2.386306,0,34.051334,0.095985,19.987850
7.997000,33.638126,1.007262,3.816476,2.376496,0,34.055151,0.098367,19.987850
7.998000,33.641942,1.009633,3.816476,2.366686,0,34.058967,0.100738,19.987850
7.999000,33.645758,1.011995,3.816476,2.356876,0,34.062784,0.103100,19.987850
8.000000,33.649575,1.014347,3.816476,2.347066,0,34.066600,0.105452,19.987850
8.001000,33.653391,1.016689,3.816476,2.337256,0,34.070417,0.107794,19.987850
8.002000,33.657208,1.019022,3.816476,2.327446,0,34.074233,0.110127,19.987850
8.003000,33.661024,1.021344,3.816476,2.317636,0,34.078050,0.112449,19.987850
8.004000,33.664841,1.023657,3.816476,2.307826,0,34.081866,0.114762,19.987850
8.005000,33.668657,1.025960,3.816476,2.298016,0,34.085683,0.117065,19.987850
8.006000,33.672474,1.028253,3.816476,2.288206,0,34.089499,0.119358,19.987850
8.007000,33.676290,1.030536,3.816476,2.278396,0,34.093316,0.121641,19.987850
8.008000,33.680107,1.032810,3.816476,2.268586,0,34.097132,0.123915,19.987850
8.009000,33.683923,1.035073,3.816476,2.258776,0,34.100949,0.126178,19.987850
8.010000,33.687740,1.037327,3.816476,2.248966,0,34.104765,0.128432,19.987850
8.011000,33.691556,1.039571,3.816476,2.239156,0,34.108582,0.130676,19.987850
8.012000,33.695373,1.041806,3.816476,2.229346,0,34.112398,0.132911,19.987850
8.013000,33.699189,1.044030,3.816476,2.219536,0,34.116214,0.135135,19.987850
8.014000,33.703006,1.046245,3.816476,2.209726,0,34.120031,0.137350,19.987850
8.015000,33.706822,1.048449,3.816476,2.199916,0,34.123847,0.139555,19.987850
8.016000,33.710639,1.050644,3.816476,2.190106,0,34.127664,0.141750,19.987850
8.017000,33.714455,1.052830,3.816476,2.180296,0,34.131480,0.143935,19.987850
8.018000,33.718272,1.055005,3.816476,2.170486,0,34.135297,0.146110,19.987850
8.019000,33.722088,1.057171,3.816476,2.160676,0,34.139113,0.148276,19.987850
8.020000,33.725904,1.059326,3.816476,2.150866,0,34.142930,0.150431,19.987850
8.021000,33.729721,1.061472,3.816476,2.141056,0,34.146746,0.152577,19.987850
8.022000,33.733537,1.063608,3.816476,2.131246,0,34.150563,0.154714,19.987850
8.023000,33.737354,1.065735,3.816476,2.121436,0,34.154379,0.156840,19.987850
8.024000,33.741170,1.067851,3.816476,2.111626,0,34.158196,0.158956,19.987850
8.025000,33.744987,1.069958,3.816476,2.101816,0,34.162012,0.161063,19.987850
8.026000,33.748803,1.072055,3.816476,2.092006,0,34.165829,0.163160,19.987850
8.027000,33.752620,1.074142,3.816476,2.082196,0,34.169645,0.165247,19.987850
8.028000,33.756436,1.076219,3.816476,2.072386,0,34.173462,0.167324,19.987850
8.029000,33.760253,1.078287,3.816476,2.062576,0,34.177278,0.169392,19.987850
8.030000,33.764069,1.080345,3.816476,2.052766,0,34.181095,0.171450,19.987850
8.031000,33.767886,1.082392,3.816476,2.042956,0,34.184911,0.173498,19.987850
8.032000,33.771702,1.084430,3.816476,2.033146,0,34.188728,0.175536,19.987850
8.033000,33.775519,1.086459,3.816476,2.023336,0,34.192544,0.177564,19.987850
8.034000,33.779335,1.088477,3.816476,2.013526,0,34.196360,0.179582,19.987850
8.035000,33.783152,1.090486,3.816476,2.003716,0,34.200177,0.181591,19.987850
8.036000,33.786968,1.092485,3.816476,1.993906,0,34.203993,0.183590,19.987850
8.037000,33.790785,1.094474,3.816476,1.984096,0,34.207810,0.185579,19.987850
8.038000,33.794601,1.096453,3.816476,1.974286,0,34.211626,0.187558,19.987850
8.039000,33.798418,1.098422,3.816476,1.964476,0,34.215443,0.189527,19.987850
8.040000,33.802234,1.100382,3.816476,1.954666,0,34.219259,0.191487,19.987850
8.041000,33.806050,1.102331,3.816476,1.944856,0,34.223076,0.193437,19.987850
8.042000,33.809867,1.104271,3.816476,1.935046,0,34.226892,0.195377,19.987850
8.043000,33.813683,1.106202,3.816476,1.925236,0,34.230709,0.197307,19.987850
8.044000,33.817500,1.108122,3.816476,1.915426,0,34.234525,0.199227,19.987850
8.045000,33.821316,1.110032,3.816476,1.905616,0,34.238342,0.201138,19.987850
8.046000,33.825133,1.111933,3.816476,1.895806,0,34.242158,0.203038,19.987850
8.047000,33.828949,1.113824,3.816476,1.885996,0,34.245975,0.204929,19.987850
8.048000,33.832766,1.115705,3.816476,1.876186,0,34.249791,0.206810,19.987850
8.049000,33.836582,1.117576,3.816476,1.866376,0,34.253608,0.208682,19.987850
8.050000,33.840399,1.119438,3.816476,1.856566,0,34.257424,0.210543,19.987850
8.051000,33.844215,1.121290,3.816476,1.846756,0,34.261241,0.212395,19.987850
8.052000,33.848032,1.123131,3.816476,1.836946,0,34.265057,0.214236,19.987850
8.053000,33.851848,1.124963,3.816476,1.827136,0,34.268874,0.216069,19.987850
8.054000,33.855665,1.126786,3.816476,1.817326,0,34.272690,0.217891,19.987850
8.055000,33.859481,1.128598,3.816476,1.807516,0,34.276506,0.219703,19.987850
8.056000,33.863298,1.130401,3.816476,1.797706,0,34.280323,0.221506,19.987850
8.057000,33.867114,1.132193,3.816476,1.787896,0,34.284139,0.223299,19.987850
8.058000,33.870931,1.133976,3.816476,1.778086,0,34.287956,0.225082,19.987850
8.059000,33.874747,1.135750,3.816476,1.768276,0,34.291772,0.226855,19.987850
8.060000,33.878564,1.137513,3.816476,1.758466,0,34.295589,0.228618,19.987850
8.061000,33.882380,1.139267,3.816476,1.748656,0,34.299405,0.230372,19.987850
8.062000,33.886196,1.141010,3.816476,1.738846,0,34.303222,0.232115,19.987850
8.063000,33.890013,1.142744,3.816476,1.729036,0,34.307038,0.233849,19.987850
8.064000,33.893829,1.144468,3.816476,1.719226,0,34.310855,0.235574,19.987850
8.065000,33.897646,1.146183,3.816476,1.709416,0,34.314671,0.237288,19.987850
8.066000,33.901462,1.147887,3.816476,1.699606,0,34.318488,0.238992,19.987850
8.067000,33.905279,1.149582,3.816476,1.689796,0,34.322304,0.240687,19.987850
8.068000,33.909095,1.151267,3.816476,1.679986,0,34.326121,0.242372,19.987850
8.069000,33.912912,1.152942,3.816476,1.670176,0,34.329937,0.244047,19.987850
8.070000,33.916728,1.154607,3.816476,1.660366,0,34.333754,0.245712,19.987850
8.071000,33.920545,1.156263,3.816476,1.650556,0,34.337570,0.247368,19.987850
8.072000,33.924361,1.157908,3.816476,1.640746,0,34.341387,0.249013,19.987850
8.073000,33.928178,1.159544,3.816476,1.630936,0,34.345203,0.250649,19.987850
8.074000,33.931994,1.161170,3.816476,1.621126,0,34.349020,0.252275,19.987850
8.075000,33.935811,1.162786,3.816476,1.611316,0,34.352836,0.253891,19.987850
8.076000,33.939627,1.164393,3.816476,1.601506,0,34.356652,0.255498,19.987850
8.077000,33.943444,1.165989,3.816476,1.591696,0,34.360469,0.257095,19.987850
8.078000,33.947260,1.167576,3.816476,1.581886,0,34.364285,0.258681,19.987850
8.079000,33.951077,1.169153,3.816476,1.572076,0,34.368102,0.260258,19.987850
8.080000,33.954893,1.170720,3.816476,1.562266,0,34.371918,0.261825,19.987850
8.081000,33.958710,1.172278,3.816476,1.552456,0,34.375735,0.263383,19.987850
8.082000,33.962526,1.173825,3.816476,1.542646,0,34.379551,0.264930,19.987850
8.083000,33.966342,1.175363,3.816476,1.532836,0,34.383368,0.266468,19.987850
8.084000,33.970159,1.176891,3.816476,1.523026,0,34.387184,0.267996,19.987850
8.085000,33.973975,1.178409,3.816476,1.513216,0,34.391001,0.269514,19.987850
8.086000,33.977792,1.179917,3.816476,1.503406,0,34.394817,0.271022,19.987850
8.087000,33.981608,1.181416,3.816476,1.493596,0,34.398634,0.272521,19.987850
8.088000,33.985425,1.182905,3.816476,1.483786,0,34.402450,0.274010,19.987850
8.089000,33.989241,1.184383,3.816476,1.473976,0,34.406267,0.275489,19.987850
8.090000,33.993058,1.185852,3.816476,1.464166,0,34.410083,0.276958,19.987850
8.091000,33.996874,1.187312,3.816476,1.454356,0,34.413900,0.278417,19.987850
8.092000,34.000691,1.188761,3.816476,1.444546,0,34.417716,0.279866,19.987850
8.093000,34.004507,1.190201,3.816476,1.434736,0,34.421533,0.281306,19.987850
8.094000,34.008324,1.191631,3.816476,1.424926,0,34.425349,0.282736,19.987850
8.095000,34.012140,1.193051,3.816476,1.415116,0,34.429166,0.284156,19.987850
8.096000,34.015957,1.194461,3.816476,1.405306,0,34.432982,0.285566,19.987850
8.097000,34.019773,1.195861,3.816476,1.395496,0,34.436798,0.286966,19.987850
8.098000,34.023590,1.197252,3.816476,1.385686,0,34.440615,0.288357,19.987850
8.099000,34.027406,1.198633,3.816476,1.375876,0,34.444431,0.289738,19.987850
8.100000,34.031223,1.200004,3.816476,1.366066,0,34.448248,0.291109,19.987850
8.101000,34.035039,1.201365,3.816476,1.356256,0,34.452064,0.292470,19.987850
8.102000,34.038856,1.202716,3.816476,1.346446,0,34.455881,0.293821,19.987850
8.103000,34.042672,1.204058,3.816476,1.336636,0,34.459697,0.295163,19.987850
8.104000,34.046488,1.205389,3.816476,1.326826,0,34.463514,0.296495,19.987850
8.105000,34.050305,1.206711,3.816476,1.317016,0,34.467330,0.297816,19.987850
8.106000,34.054121,1.208023,3.816476,1.307206,0,34.471147,0.299129,19.987850
8.107000,34.057938,1.209326,3.816476,1.297396,0,34.474963,0.300431,19.987850
8.108000,34.061754,1.210618,3.816476,1.287586,0,34.478780,0.301723,19.987850
8.109000,34.065571,1.211901,3.816476,1.277776,0,34.482596,0.303006,19.987850
8.110000,34.069387,1.213174,3.816476,1.267966,0,34.486413,0.304279,19.987850
8.111000,34.073204,1.214437,3.816476,1.258156,0,34.490229,0.305542,19.987850
8.112000,34.077020,1.215690,3.816476,1.248346,0,34.494046,0.306795,19.987850
8.113000,34.080837,1.216934,3.816476,1.238536,0,34.497862,0.308039,19.987850
8.114000,34.084653,1.218167,3.816476,1.228726,0,34.501679,0.309272,19.987850
8.115000,34.088470,1.219391,3.816476,1.218916,0,34.505495,0.310496,19.987850
8.116000,34.092286,1.220605,3.816476,1.209106,0,34.509312,0.311710,19.987850
8.117000,34.096103,1.221809,3.816476,1.199296,0,34.513128,0.312914,19.987850
8.118000,34.099919,1.223004,3.816476,1.189486,0,34.516944,0.314109,19.987850
8.119000,34.103736,1.224188,3.816476,1.179676,0,34.520761,0.315293,19.987850
8.120000,34.107552,1.225363,3.816476,1.169866,0,34.524577,0.316468,19.987850
8.121000,34.111369,1.226528,3.816476,1.160056,0,34.528394,0.317633,19.987850
8.122000,34.115185,1.227683,3.816476,1.150246,0,34.532210,0.318788,19.987850
8.123000,34.119002,1.228828,3.816476,1.140436,0,34.536027,0.319934,19.987850
8.124000,34.122818,1.229964,3.816476,1.130626,0,34.539843,0.321069,19.987850
8.125000,34.126635,1.231090,3.816476,1.120816,0,34.543660,0.322195,19.987850
8.126000,34.130451,1.232206,3.816476,1.111006,0,34.547476,0.323311,19.987850
8.127000,34.134267,1.233312,3.816476,1.101196,0,34.551293,0.324417,19.987850
8.128000,34.138084,1.234408,3.816476,1.091386,0,34.555109,0.325513,19.987850
8.129000,34.141900,1.235494,3.816476,1.081576,0,34.558926,0.326600,19.987850
8.130000,34.145717,1.236571,3.816476,1.071766,0,34.562742,0.327676,19.987850
8.131000,34.149533,1.237638,3.816476,1.061956,0,34.566559,0.328743,19.987850
8.132000,34.153350,1.238695,3.816476,1.052146,0,34.570375,0.329800,19.987850
8.133000,34.157166,1.239742,3.816476,1.042336,0,34.574192,0.330847,19.987850
8.134000,34.160983,1.240780,3.816476,1.032526,0,34.578008,0.331885,19.987850
8.135000,34.164799,1.241807,3.816476,1.022716,0,34.581825,0.332912,19.987850
8.136000,34.168616,1.242825,3.816476,1.012906,0,34.585641,0.333930,19.987850
8.137000,34.172432,1.243833,3.816476,1.003096,0,34.589458,0.334938,19.987850
8.138000,34.176249,1.244831,3.816476,0.993286,0,34.593274,0.335936,19.987850
8.139000,34.180065,1.245820,3.816476,0.983476,0,34.597090,0.336925,19.987850
8.140000,34.183882,1.246798,3.816476,0.973666,0,34.600907,0.337903,19.987850
8.141000,34.187698,1.247767,3.816476,0.963856,0,34.604723,0.338872,19.987850
8.142000,34.191515,1.248726,3.816476,0.954046,0,34.608540,0.339831,19.987850
8.143000,34.195331,1.249675,3.816476,0.944236,0,34.612356,0.340780,19.987850
8.144000,34.199148,1.250614,3.816476,0.934426,0,34.616173,0.341720,19.987850
8.145000,34.202964,1.251544,3.816476,0.924616,0,34.619989,0.342649,19.987850
8.146000,34.206781,1.252464,3.816476,0.914806,0,34.623806,0.343569,19.987850
8.147000,34.210597,1.253374,3.816476,0.904996,0,34.627622,0.344479,19.987850
8.148000,34.214413,1.254274,3.816476,0.895186,0,34.631439,0.345379,19.987850
8.149000,34.218230,1.255164,3.816476,0.885376,0,34.635255,0.346269,19.987850
8.150000,34.222046,1.256044,3.816476,0.875566,0,34.639072,0.347150,19.987850
8.151000,34.225863,1.256915,3.816476,0.865756,0,34.642888,0.348020,19.987850
8.152000,34.229679,1.257776,3.816476,0.855946,0,34.646705,0.348881,19.987850
8.153000,34.233496,1.258627,3.816476,0.846136,0,34.650521,0.349732,19.987850
8.154000,34.237312,1.259468,3.816476,0.836326,0,34.654338,0.350573,19.987850
8.155000,34.241129,1.260300,3.816476,0.826516,0,34.658154,0.351405,19.987850
8.156000,34.244945,1.261121,3.816476,0.816706,0,34.661971,0.352226,19.987850
8.157000,34.248762,1.261933,3.816476,0.806896,0,34.665787,0.353038,19.987850
8.158000,34.252578,1.262735,3.816476,0.797086,0,34.669604,0.353840,19.987850
8.159000,34.256395,1.263527,3.816476,0.787276,0,34.673420,0.354632,19.987850
8.160000,34.260211,1.264310,3.816476,0.777466,0,34.677236,0.355415,19.987850
8.161000,34.264028,1.265082,3.816476,0.767656,0,34.681053,0.356187,19.987850
8.162000,34.267844,1.265845,3.816476,0.757846,0,34.684869,0.356950,19.987850
8.163000,34.271661,1.266598,3.816476,0.748036,0,34.688686,0.357703,19.987850
8.164000,34.275477,1.267341,3.816476,0.738226,0,34.692502,0.358446,19.987850
8.165000,34.279294,1.268074,3.816476,0.728416,0,34.696319,0.359179,19.987850
8.166000,34.283110,1.268798,3.816476,0.718606,0,34.700135,0.359903,19.987850
8.167000,34.286927,1.269512,3.816476,0.708796,0,34.703952,0.360617,19.987850
8.168000,34.290743,1.270215,3.816476,0.698986,0,34.707768,0.361321,19.987850
8.169000,34.294559,1.270910,3.816476,0.689176,0,34.711585,0.362015,19.987850
8.170000,34.298376,1.271594,3.816476,0.679366,0,34.715401,0.362699,19.987850
8.171000,34.302192,1.272268,3.816476,0.669556,0,34.719218,0.363373,19.987850
8.172000,34.306009,1.272933,3.816476,0.659746,0,34.723034,0.364038,19.987850
8.173000,34.309825,1.273588,3.816476,0.649936,0,34.726851,0.364693,19.987850
8.174000,34.313642,1.274233,3.816476,0.640126,0,34.730667,0.365338,19.987850
8.175000,34.317458,1.274868,3.816476,0.630316,0,34.734484,0.365973,19.987850
8.176000,34.321275,1.275493,3.816476,0.620506,0,34.738300,0.366599,19.987850
8.177000,34.325091,1.276109,3.816476,0.610696,0,34.742117,0.367214,19.987850
8.178000,34.328908,1.276715,3.816476,0.600886,0,34.745933,0.367820,19.987850
8.179000,34.332724,1.277311,3.816476,0.591076,0,34.749750,0.368416,19.987850
8.180000,34.336541,1.277897,3.816476,0.581266,0,34.753566,0.369002,19.987850
8.181000,34.340357,1.278473,3.816476,0.571456,0,34.757382,0.369578,19.987850
8.182000,34.344174,1.279040,3.816476,0.561646,0,34.761199,0.370145,19.987850
8.183000,34.347990,1.279597,3.816476,0.551836,0,34.765015,0.370702,19.987850
8.184000,34.351807,1.280144,3.816476,0.542026,0,34.768832,0.371249,19.987850
8.185000,34.355623,1.280681,3.816476,0.532216,0,34.772648,0.371786,19.987850
8.186000,34.359440,1.281208,3.816476,0.522406,0,34.776465,0.372313,19.987850
8.187000,34.363256,1.281725,3.816476,0.512596,0,34.780281,0.372831,19.987850
8.188000,34.367073,1.282233,3.816476,0.502786,0,34.784098,0.373338,19.987850
8.189000,34.370889,1.282731,3.816476,0.492976,0,34.787914,0.373836,19.987850
8.190000,34.374705,1.283219,3.816476,0.483166,0,34.791731,0.374324,19.987850
8.191000,34.378522,1.283697,3.816476,0.473356,0,34.795547,0.374802,19.987850
8.192000,34.382338,1.284166,3.816476,0.463546,0,34.799364,0.375271,19.987850
8.193000,34.386155,1.284624,3.816476,0.453736,0,34.803180,0.375730,19.987850
8.194000,34.389971,1.285073,3.816476,0.443926,0,34.806997,0.376178,19.987850
8.195000,34.393788,1.285512,3.816476,0.434116,0,34.810813,0.376617,19.987850
8.196000,34.397604,1.285942,3.816476,0.424306,0,34.814630,0.377047,19.987850
8.197000,34.401421,1.286361,3.816476,0.414496,0,34.818446,0.377466,19.987850
8.198000,34.405237,1.286771,3.816476,0.404686,0,34.822263,0.377876,19.987850
8.199000,34.409054,1.287170,3.816476,0.394876,0,34.826079,0.378275,19.987850
8.200000,34.412870,1.287560,3.816476,0.385066,0,34.829896,0.378665,19.987850
8.201000,34.416687,1.287940,3.816476,0.375256,0,34.833712,0.379046,19.987850
8.202000,34.420503,1.288311,3.816476,0.365446,0,34.837529,0.379416,19.987850
8.203000,34.424320,1.288671,3.816476,0.355636,0,34.841345,0.379776,19.987850
8.204000,34.428136,1.289022,3.816476,0.345826,0,34.845161,0.380127,19.987850
8.205000,34.431953,1.289363,3.816476,0.336016,0,34.848978,0.380468,19.987850
8.206000,34.435769,1.289694,3.816476,0.326206,0,34.852794,0.380799,19.987850
8.207000,34.439586,1.290015,3.816476,0.316396,0,34.856611,0.381121,19.987850
8.208000,34.443402,1.290327,3.816476,0.306586,0,34.860427,0.381432,19.987850
8.209000,34.447219,1.290629,3.816476,0.296776,0,34.864244,0.381734,19.987850
8.210000,34.451035,1.290920,3.816476,0.286966,0,34.868060,0.382026,19.987850
8.211000,34.454851,1.291202,3.816476,0.277156,0,34.871877,0.382308,19.987850
8.212000,34.458668,1.291475,3.816476,0.267346,0,34.875693,0.382580,19.987850
8.213000,34.462484,1.291737,3.816476,0.257536,0,34.879510,0.382842,19.987850
8.214000,34.466301,1.291990,3.816476,0.247726,0,34.883326,0.383095,19.987850
8.215000,34.470117,1.292233,3.816476,0.237916,0,34.887143,0.383338,19.987850
8.216000,34.473934,1.292466,3.816476,0.228106,0,34.890959,0.383571,19.987850
8.217000,34.477750,1.292689,3.816476,0.218296,0,34.894776,0.383794,19.987850
8.218000,34.481567,1.292902,3.816476,0.208486,0,34.898592,0.384007,19.987850
8.219000,34.485383,1.293106,3.816476,0.198676,0,34.902409,0.384211,19.987850
8.220000,34.489200,1.293300,3.816476,0.188866,0,34.906225,0.384405,19.987850
8.221000,34.493016,1.293484,3.816476,0.179056,0,34.910042,0.384589,19.987850
8.222000,34.496833,1.293658,3.816476,0.169246,0,34.913858,0.384763,19.987850
8.223000,34.500649,1.293822,3.816476,0.159436,0,34.917675,0.384927,19.987850
8.224000,34.504466,1.293977,3.816476,0.149626,0,34.921491,0.385082,19.987850
8.225000,34.508282,1.294121,3.816476,0.139816,0,34.925307,0.385226,19.987850
8.226000,34.512099,1.294256,3.816476,0.130006,0,34.929124,0.385361,19.987850
8.227000,34.515915,1.294381,3.816476,0.120196,0,34.932940,0.385486,19.987850
8.228000,34.519732,1.294497,3.816476,0.110386,0,34.936757,0.385602,19.987850
8.229000,34.523548,1.294602,3.816476,0.100576,0,34.940573,0.385707,19.987850
8.230000,34.527365,1.294698,3.816476,0.090766,0,34.944390,0.385803,19.987850
8.231000,34.531181,1.294784,3.816476,0.080956,0,34.948206,0.385889,19.987850
8.232000,34.534997,1.294860,3.816476,0.071146,0,34.952023,0.385965,19.987850
8.233000,34.538814,1.294926,3.816476,0.061336,0,34.955839,0.386031,19.987850
8.234000,34.542630,1.294982,3.816476,0.051526,0,34.959656,0.386087,19.987850
8.235000,34.546447,1.295029,3.816476,0.041716,0,34.963472,0.386134,19.987850
8.236000,34.550263,1.295066,3.816476,0.031906,0,34.967289,0.386171,19.987850
8.237000,34.554080,1.295093,3.816476,0.022096,0,34.971105,0.386198,19.987850
8.238000,34.557896,1.295110,3.816476,0.012286,0,34.974922,0.386215,19.987850
8.239000,34.561713,1.295117,3.816476,0.002476,0,34.978738,0.386222,19.987850
8.240000,34.565529,1.295115,3.816476,-0.007334,0,34.982555,0.386220,19.987850
8.241000,34.569346,1.295103,3.816476,-0.017144,0,34.986371,0.386208,19.987850
8.242000,34.573162,1.295081,3.816476,-0.026954,0,34.990188,0.386186,19.987850
8.243000,34.576979,1.295049,3.816476,-0.036764,0,34.994004,0.386154,19.987850
8.244000,34.580795,1.295007,3.816476,-0.046574,0,34.997821,0.386112,19.987850
8.245000,34.584612,1.294956,3.816476,-0.056384,0,35.001637,0.386061,19.987850
8.246000,34.588428,1.294894,3.816476,-0.066194,0,35.005453,0.385999,19.987850
8.247000,34.592245,1.294823,3.816476,-0.076004,0,35.009270,0.385928,19.987850
8.248000,34.596061,1.294742,3.816476,-0.085814,0,35.013086,0.385847,19.987850
8.249000,34.599878,1.294652,3.816476,-0.095624,0,35.016903,0.385757,19.987850
8.250000,34.603694,1.294551,3.816476,-0.105434,0,35.020719,0.385656,19.987850
8.251000,34.607511,1.294441,3.816476,-0.115244,0,35.024536,0.385546,19.987850
8.252000,34.611327,1.294321,3.816476,-0.125054,0,35.028352,0.385426,19.987850
8.253000,34.615143,1.294191,3.816476,-0.134864,0,35.032169,0.385296,19.987850
8.254000,34.618960,1.294051,3.816476,-0.144674,0,35.035985,0.385156,19.987850
8.255000,34.622776,1.293901,3.816476,-0.154484,0,35.039802,0.385006,19.987850
8.256000,34.626593,1.293742,3.816476,-0.164294,0,35.043618,0.384847,19.987850
8.257000,34.630409,1.293573,3.816476,-0.174104,0,35.047435,0.384678,19.987850
8.258000,34.634226,1.293394,3.816476,-0.183914,0,35.051251,0.384499,19.987850
8.259000,34.638042,1.293205,3.816476,-0.193724,0,35.055068,0.384310,19.987850
8.260000,34.641859,1.293006,3.816476,-0.203534,0,35.058884,0.384111,19.987850
8.261000,34.645675,1.292798,3.816476,-0.213344,0,35.062701,0.383903,19.987850
8.262000,34.649492,1.292580,3.816476,-0.223154,0,35.066517,0.383685,19.987850
8.263000,34.653308,1.292351,3.816476,-0.232964,0,35.070334,0.383457,19.987850
8.264000,34.657125,1.292114,3.816476,-0.242774,0,35.074150,0.383219,19.987850
8.265000,34.660941,1.291866,3.816476,-0.252584,0,35.077967,0.382971,19.987850
8.266000,34.664758,1.291608,3.816476,-0.262394,0,35.081783,0.382714,19.987850
8.267000,34.668574,1.291341,3.816476,-0.272204,0,35.085599,0.382446,19.987850
8.268000,34.672391,1.291064,3.816476,-0.282014,0,35.089416,0.382169,19.987850
8.269000,34.676207,1.290777,3.816476,-0.291824,0,35.093232,0.381882,19.987850
8.270000,34.680024,1.290480,3.816476,-0.301634,0,35.097049,0.381586,19.987850
8.271000,34.683840,1.290174,3.816476,-0.311444,0,35.100865,0.381279,19.987850
8.272000,34.687657,1.289857,3.816476,-0.321254,0,35.104682,0.380963,19.987850
8.273000,34.691473,1.289531,3.816476,-0.331064,0,35.108498,0.380636,19.987850
8.274000,34.695289,1.289195,3.816476,-0.340874,0,35.112315,0.380300,19.987850
8.275000,34.699106,1.288850,3.816476,-0.350684,0,35.116131,0.379955,19.987850
8.276000,34.702922,1.288494,3.816476,-0.360494,0,35.119948,0.379599,19.987850
8.277000,34.706739,1.288129,3.816476,-0.370304,0,35.123764,0.379234,19.987850
8.278000,34.710555,1.287753,3.816476,-0.380114,0,35.127581,0.378859,19.987850
8.279000,34.714372,1.287368,3.816476,-0.389924,0,35.131397,0.378474,19.987850
8.280000,34.718188,1.286974,3.816476,-0.399734,0,35.135214,0.378079,19.987850
8.281000,34.722005,1.286569,3.816476,-0.409544,0,35.139030,0.377674,19.987850
8.282000,34.725821,1.286154,3.816476,-0.419354,0,35.142847,0.377260,19.987850
8.283000,34.729638,1.285730,3.816476,-0.429164,0,35.146663,0.376835,19.987850
8.284000,34.733454,1.285296,3.816476,-0.438974,0,35.150480,0.376401,19.987850
8.285000,34.737271,1.284852,3.816476,-0.448784,0,35.154296,0.375957,19.987850
8.286000,34.741087,1.284399,3.816476,-0.458594,0,35.158113,0.375504,19.987850
8.287000,34.744904,1.283935,3.816476,-0.468404,0,35.161929,0.375040,19.987850
8.288000,34.748720,1.283462,3.816476,-0.478214,0,35.165745,0.374567,19.987850
8.289000,34.752537,1.282979,3.816476,-0.488024,0,35.169562,0.374084,19.987850
8.290000,34.756353,1.282486,3.816476,-0.497834,0,35.173378,0.373591,19.987850
8.291000,34.760170,1.281983,3.816476,-0.507644,0,35.177195,0.373088,19.987850
8.292000,34.763986,1.281470,3.816476,-0.517454,0,35.181011,0.372576,19.987850
8.293000,34.767803,1.280948,3.816476,-0.527264,0,35.184828,0.372053,19.987850
8.294000,34.771619,1.280416,3.816476,-0.537074,0,35.188644,0.371521,19.987850
8.295000,34.775435,1.279874,3.816476,-0.546884,0,35.192461,0.370979,19.987850
8.296000,34.779252,1.279322,3.816476,-0.556694,0,35.196277,0.370427,19.987850
8.297000,34.783068,1.278761,3.816476,-0.566504,0,35.200094,0.369866,19.987850
8.298000,34.786885,1.278189,3.816476,-0.576314,0,35.203910,0.369294,19.987850
8.299000,34.790701,1.277608,3.816476,-0.586124,0,35.207727,0.368713,19.987850
8.300000,34.794518,1.277017,3.816476,-0.595934,0,35.211543,0.368122,19.987850
8.301000,34.798334,1.276416,3.816476,-0.605744,0,35.215360,0.367521,19.987850
8.302000,34.802151,1.275805,3.816476,-0.615554,0,35.219176,0.366911,19.987850
8.303000,34.805967,1.275185,3.816476,-0.625364,0,35.222993,0.366290,19.987850
8.304000,34.809784,1.274555,3.816476,-0.635174,0,35.226809,0.365660,19.987850
8.305000,34.813600,1.273915,3.816476,-0.644984,0,35.230626,0.365020,19.987850
8.306000,34.817417,1.273265,3.816476,-0.654794,0,35.234442,0.364370,19.987850
8.307000,34.821233,1.272605,3.816476,-0.664604,0,35.238259,0.363710,19.987850
8.308000,34.825050,1.271935,3.816476,-0.674414,0,35.242075,0.363041,19.987850
8.309000,34.828866,1.271256,3.816476,-0.684224,0,35.245891,0.362361,19.987850
8.310000,34.832683,1.270567,3.816476,-0.694034,0,35.249708,0.361672,19.987850
8.311000,34.836499,1.269868,3.816476,-0.703844,0,35.253524,0.360973,19.987850
8.312000,34.840316,1.269159,3.816476,-0.713654,0,35.257341,0.360264,19.987850
8.313000,34.844132,1.268441,3.816476,-0.723464,0,35.261157,0.359546,19.987850
8.314000,34.847949,1.267712,3.816476,-0.733274,0,35.264974,0.358818,19.987850
8.315000,34.851765,1.266974,3.816476,-0.743084,0,35.268790,0.358079,19.987850
8.316000,34.855581,1.266226,3.816476,-0.752894,0,35.272607,0.357331,19.987850
8.317000,34.859398,1.265468,3.816476,-0.762704,0,35.276423,0.356574,19.987850
8.318000,34.863214,1.264701,3.816476,-0.772514,0,35.280240,0.355806,19.987850
8.319000,34.867031,1.263923,3.816476,-0.782324,0,35.284056,0.355029,19.987850
8.320000,34.870847,1.263136,3.816476,-0.792134,0,35.287873,0.354241,19.987850
8.321000,34.874664,1.262339,3.816476,-0.801944,0,35.291689,0.353444,19.987850
8.322000,34.878480,1.261532,3.816476,-0.811754,0,35.295506,0.352637,19.987850
8.323000,34.882297,1.260716,3.816476,-0.821564,0,35.299322,0.351821,19.987850
8.324000,34.886113,1.259889,3.816476,-0.831374,0,35.303139,0.350994,19.987850
8.325000,34.889930,1.259053,3.816476,-0.841184,0,35.306955,0.350158,19.987850
8.326000,34.893746,1.258207,3.816476,-0.850994,0,35.310772,0.349312,19.987850
8.327000,34.897563,1.257351,3.816476,-0.860804,0,35.314588,0.348456,19.987850
8.328000,34.901379,1.256485,3.816476,-0.870614,0,35.318405,0.347590,19.987850
8.329000,34.905196,1.255610,3.816476,-0.880424,0,35.322221,0.346715,19.987850
8.330000,34.909012,1.254724,3.816476,-0.890234,0,35.326037,0.345829,19.987850
8.331000,34.912829,1.253829,3.816476,-0.900044,0,35.329854,0.344934,19.987850
8.332000,34.916645,1.252924,3.816476,-0.909854,0,35.333670,0.344029,19.987850
8.333000,34.920462,1.252010,3.816476,-0.919664,0,35.337487,0.343115,19.987850
8.334000,34.924278,1.251085,3.816476,-0.929474,0,35.341303,0.342190,19.987850
8.335000,34.928095,1.250151,3.816476,-0.939284,0,35.345120,0.341256,19.987850
8.336000,34.931911,1.249206,3.816476,-0.949094,0,35.348936,0.340311,19.987850
8.337000,34.935727,1.248252,3.816476,-0.958904,0,35.352753,0.339357,19.987850
8.338000,34.939544,1.247289,3.816476,-0.968714,0,35.356569,0.338394,19.987850
8.339000,34.943360,1.246315,3.816476,-0.978524,0,35.360386,0.337420,19.987850
8.340000,34.947177,1.245332,3.816476,-0.988334,0,35.364202,0.336437,19.987850
8.341000,34.950993,1.244338,3.816476,-0.998144,0,35.368019,0.335443,19.987850
8.342000,34.954810,1.243335,3.816476,-1.007954,0,35.371835,0.334440,19.987850
8.343000,34.958626,1.242322,3.816476,-1.017764,0,35.375652,0.333427,19.987850
8.344000,34.962443,1.241300,3.816476,-1.027574,0,35.379468,0.332405,19.987850
8.345000,34.966259,1.240267,3.816476,-1.037384,0,35.383285,0.331372,19.987850
8.346000,34.970076,1.239225,3.816476,-1.047194,0,35.387101,0.330330,19.987850
8.347000,34.973892,1.238173,3.816476,-1.057004,0,35.390918,0.329278,19.987850
8.348000,34.977709,1.237111,3.816476,-1.066814,0,35.394734,0.328216,19.987850
8.349000,34.981525,1.236039,3.816476,-1.076624,0,35.398551,0.327144,19.987850
8.350000,34.985342,1.234958,3.816476,-1.086434,0,35.402367,0.326063,19.987850
8.351000,34.989158,1.233866,3.816476,-1.096244,0,35.406183,0.324971,19.987850
8.352000,34.992975,1.232765,3.816476,-1.106054,0,35.410000,0.323870,19.987850
8.353000,34.996791,1.231654,3.816476,-1.115864,0,35.413816,0.322759,19.987850
8.354000,35.000608,1.230533,3.816476,-1.125674,0,35.417633,0.321639,19.987850
8.355000,35.004424,1.229403,3.816476,-1.135484,0,35.421449,0.320508,19.987850
8.356000,35.008241,1.228262,3.816476,-1.145294,0,35.425266,0.319368,19.987850
8.357000,35.012057,1.227112,3.816476,-1.155104,0,35.429082,0.318217,19.987850
8.358000,35.015873,1.225952,3.816476,-1.164914,0,35.432899,0.317057,19.987850
8.359000,35.019690,1.224782,3.816476,-1.174724,0,35.436715,0.315888,19.987850
8.360000,35.023506,1.223603,3.816476,-1.184534,0,35.440532,0.314708,19.987850
8.361000,35.027323,1.222413,3.816476,-1.194344,0,35.444348,0.313519,19.987850
8.362000,35.031139,1.221214,3.816476,-1.204154,0,35.448165,0.312319,19.987850
8.363000,35.034956,1.220005,3.816476,-1.213964,0,35.451981,0.311110,19.987850
8.364000,35.038772,1.218786,3.816476,-1.223774,0,35.455798,0.309891,19.987850
8.365000,35.042589,1.217558,3.816476,-1.233584,0,35.459614,0.308663,19.987850
8.366000,35.046405,1.216319,3.816476,-1.243394,0,35.463431,0.307424,19.987850
8.367000,35.050222,1.215071,3.816476,-1.253204,0,35.467247,0.306176,19.987850
8.368000,35.054038,1.213813,3.816476,-1.263014,0,35.471064,0.304918,19.987850
8.369000,35.057855,1.212545,3.816476,-1.272824,0,35.474880,0.303650,19.987850
8.370000,35.061671,1.211267,3.816476,-1.282634,0,35.478697,0.302372,19.987850
8.371000,35.065488,1.209979,3.816476,-1.292444,0,35.482513,0.301085,19.987850
8.372000,35.069304,1.208682,3.816476,-1.302254,0,35.486329,0.299787,19.987850
8.373000,35.073121,1.207375,3.816476,-1.312064,0,35.490146,0.298480,19.987850
8.374000,35.076937,1.206058,3.816476,-1.321874,0,35.493962,0.297163,19.987850
8.375000,35.080754,1.204731,3.816476,-1.331684,0,35.497779,0.295836,19.987850
8.376000,35.084570,1.203395,3.816476,-1.341494,0,35.501595,0.294500,19.987850
8.377000,35.088387,1.202048,3.816476,-1.351304,0,35.505412,0.293153,19.987850
8.378000,35.092203,1.200692,3.816476,-1.361114,0,35.509228,0.291797,19.987850
8.379000,35.096019,1.199326,3.816476,-1.370924,0,35.513045,0.290431,19.987850
8.380000,35.099836,1.197950,3.816476,-1.380734,0,35.516861,0.289055,19.987850
8.381000,35.103652,1.196565,3.816476,-1.390544,0,35.520678,0.287670,19.987850
8.382000,35.107469,1.195169,3.816476,-1.400354,0,35.524494,0.286274,19.987850
8.383000,35.111285,1.193764,3.816476,-1.410164,0,35.528311,0.284869,19.987850
8.384000,35.115102,1.192349,3.816476,-1.419974,0,35.532127,0.283454,19.987850
8.385000,35.118918,1.190924,3.816476,-1.429784,0,35.535944,0.282029,19.987850
8.386000,35.122735,1.189489,3.816476,-1.439594,0,35.539760,0.280594,19.987850
8.387000,35.126551,1.188045,3.816476,-1.449404,0,35.543577,0.279150,19.987850
8.388000,35.130368,1.186590,3.816476,-1.459214,0,35.547393,0.277695,19.987850
8.389000,35.134184,1.185126,3.816476,-1.469024,0,35.551210,0.276231,19.987850
8.390000,35.138001,1.183652,3.816476,-1.478834,0,35.555026,0.274757,19.987850
8.391000,35.141817,1.182169,3.816476,-1.488644,0,35.558843,0.273274,19.987850
8.392000,35.145634,1.180675,3.816476,-1.498454,0,35.562659,0.271780,19.987850
8.393000,35.149450,1.179172,3.816476,-1.508264,0,35.566475,0.270277,19.987850
8.394000,35.153267,1.177659,3.816476,-1.518074,0,35.570292,0.268764,19.987850
8.395000,35.157083,1.176136,3.816476,-1.527884,0,35.574108,0.267241,19.987850
8.396000,35.160900,1.174603,3.816476,-1.537694,0,35.577925,0.265708,19.987850
8.397000,35.164716,1.173060,3.816476,-1.547504,0,35.581741,0.264165,19.987850
8.398000,35.168533,1.171508,3.816476,-1.557314,0,35.585558,0.262613,19.987850
8.399000,35.172349,1.169946,3.816476,-1.567124,0,35.589374,0.261051,19.987850
8.400000,35.176166,1.168373,3.816476,-1.576934,0,35.593191,0.259479,19.987850
8.401000,35.179982,1.166792,3.816476,-1.586744,0,35.597007,0.257897,19.987850
8.402000,35.183798,1.165200,3.816476,-1.596554,0,35.600824,0.256305,19.987850
8.403000,35.187615,1.163599,3.816476,-1.606364,0,35.604640,0.254704,19.987850
8.404000,35.191431,1.161987,3.816476,-1.616174,0,35.608457,0.253092,19.987850
8.405000,35.195248,1.160366,3.816476,-1.625984,0,35.612273,0.251471,19.987850
8.406000,35.199064,1.158735,3.816476,-1.635794,0,35.616090,0.249840,19.987850
8.407000,35.202881,1.157095,3.816476,-1.645604,0,35.619906,0.248200,19.987850
8.408000,35.206697,1.155444,3.816476,-1.655414,0,35.623723,0.246549,19.987850
8.409000,35.210514,1.153784,3.816476,-1.665224,0,35.627539,0.244889,19.987850
8.410000,35.214330,1.152114,3.816476,-1.675034,0,35.631356,0.243219,19.987850
8.411000,35.218147,1.150434,3.816476,-1.684844,0,35.635172,0.241539,19.987850
8.412000,35.221963,1.148744,3.816476,-1.694654,0,35.638989,0.239849,19.987850
8.413000,35.225780,1.147044,3.816476,-1.704464,0,35.642805,0.238150,19.987850
8.414000,35.229596,1.145335,3.816476,-1.714274,0,35.646621,0.236440,19.987850
8.415000,35.233413,1.143616,3.816476,-1.724084,0,35.650438,0.234721,19.987850
8.416000,35.237229,1.141887,3.816476,-1.733894,0,35.654254,0.232992,19.987850
8.417000,35.241046,1.140148,3.816476,-1.743704,0,35.658071,0.231253,19.987850
8.418000,35.244862,1.138399,3.816476,-1.753514,0,35.661887,0.229505,19.987850
8.419000,35.248679,1.136641,3.816476,-1.763324,0,35.665704,0.227746,19.987850
8.420000,35.252495,1.134873,3.816476,-1.773134,0,35.669520,0.225978,19.987850
8.421000,35.256312,1.133095,3.816476,-1.782944,0,35.673337,0.224200,19.987850
8.422000,35.260128,1.131307,3.816476,-1.792754,0,35.677153,0.222412,19.987850
8.423000,35.263944,1.129509,3.816476,-1.802564,0,35.680970,0.220614,19.987850
8.424000,35.267761,1.127702,3.816476,-1.812374,0,35.684786,0.218807,19.987850
8.425000,35.271577,1.125885,3.816476,-1.822184,0,35.688603,0.216990,19.987850
8.426000,35.275394,1.124057,3.816476,-1.831994,0,35.692419,0.215163,19.987850
8.427000,35.279210,1.122221,3.816476,-1.841804,0,35.696236,0.213326,19.987850
8.428000,35.283027,1.120374,3.816476,-1.851614,0,35.700052,0.211479,19.987850
8.429000,35.286843,1.118517,3.816476,-1.861424,0,35.703869,0.209622,19.987850
8.430000,35.290660,1.116651,3.816476,-1.871234,0,35.707685,0.207756,19.987850
8.431000,35.294476,1.114775,3.816476,-1.881044,0,35.711502,0.205880,19.987850
8.432000,35.298293,1.112889,3.816476,-1.890854,0,35.715318,0.203994,19.987850
8.433000,35.302109,1.110993,3.816476,-1.900664,0,35.719135,0.202098,19.987850
8.434000,35.305926,1.109088,3.816476,-1.910474,0,35.722951,0.200193,19.987850
8.435000,35.309742,1.107172,3.816476,-1.920284,0,35.726767,0.198277,19.987850
8.436000,35.313559,1.105247,3.816476,-1.930094,0,35.730584,0.196352,19.987850
8.437000,35.317375,1.103312,3.816476,-1.939904,0,35.734400,0.194417,19.987850
8.438000,35.321192,1.101367,3.816476,-1.949714,0,35.738217,0.192472,19.987850
8.439000,35.325008,1.099413,3.816476,-1.959524,0,35.742033,0.190518,19.987850
8.440000,35.328825,1.097448,3.816476,-1.969334,0,35.745850,0.188553,19.987850
8.441000,35.332641,1.095474,3.816476,-1.979144,0,35.749666,0.186579,19.987850
8.442000,35.336458,1.093490,3.816476,-1.988954,0,35.753483,0.184595,19.987850
8.443000,35.340274,1.091496,3.816476,-1.998764,0,35.757299,0.182601,19.987850
8.444000,35.344090,1.089492,3.816476,-2.008574,0,35.761116,0.180597,19.987850
8.445000,35.347907,1.087479,3.816476,-2.018384,0,35.764932,0.178584,19.987850
8.446000,35.351723,1.085456,3.816476,-2.028194,0,35.768749,0.176561,19.987850
8.447000,35.355540,1.083422,3.816476,-2.038004,0,35.772565,0.174528,19.987850
8.448000,35.359356,1.081380,3.816476,-2.047814,0,35.776382,0.172485,19.987850
8.449000,35.363173,1.079327,3.816476,-2.057624,0,35.780198,0.170432,19.987850
8.450000,35.366989,1.077264,3.816476,-2.067434,0,35.784015,0.168369,19.987850
8.451000,35.370806,1.075192,3.816476,-2.077244,0,35.787831,0.166297,19.987850
8.452000,35.374622,1.073110,3.816476,-2.087054,0,35.791648,0.164215,19.987850
8.453000,35.378439,1.071018,3.816476,-2.096864,0,35.795464,0.162123,19.987850
8.454000,35.382255,1.068916,3.816476,-2.106674,0,35.799281,0.160021,19.987850
8.455000,35.386072,1.066804,3.816476,-2.116484,0,35.803097,0.157910,19.987850
8.456000,35.389888,1.064683,3.816476,-2.126294,0,35.806913,0.155788,19.987850
8.457000,35.393705,1.062552,3.816476,-2.136104,0,35.810730,0.153657,19.987850
8.458000,35.397521,1.060411,3.816476,-2.145914,0,35.814546,0.151516,19.987850
8.459000,35.401338,1.058260,3.816476,-2.155724,0,35.818363,0.149365,19.987850
8.460000,35.405154,1.056099,3.816476,-2.165534,0,35.822179,0.147205,19.987850
8.461000,35.408971,1.053929,3.816476,-2.175344,0,35.825996,0.145034,19.987850
8.462000,35.412787,1.051749,3.816476,-2.185154,0,35.829812,0.142854,19.987850
8.463000,35.416604,1.049559,3.816476,-2.194964,0,35.833629,0.140664,19.987850
8.464000,35.420420,1.047359,3.816476,-2.204774,0,35.837445,0.138464,19.987850
8.465000,35.424236,1.045149,3.816476,-2.214584,0,35.841262,0.136254,19.987850
8.466000,35.428053,1.042930,3.816476,-2.224394,0,35.845078,0.134035,19.987850
8.467000,35.431869,1.040700,3.816476,-2.234204,0,35.848895,0.131805,19.987850
8.468000,35.435686,1.038461,3.816476,-2.244014,0,35.852711,0.129566,19.987850
8.469000,35.439502,1.036212,3.816476,-2.253824,0,35.856528,0.127317,19.987850
8.470000,35.443319,1.033954,3.816476,-2.263634,0,35.860344,0.125059,19.987850
8.471000,35.447135,1.031685,3.816476,-2.273444,0,35.864161,0.122790,19.987850
8.472000,35.450952,1.029407,3.816476,-2.283254,0,35.867977,0.120512,19.987850
8.473000,35.454768,1.027119,3.816476,-2.293064,0,35.871794,0.118224,19.987850
8.474000,35.458585,1.024821,3.816476,-2.302874,0,35.875610,0.115926,19.987850
8.475000,35.462401,1.022513,3.816476,-2.312684,0,35.879427,0.113618,19.987850
8.476000,35.466218,1.020195,3.816476,-2.322494,0,35.883243,0.111300,19.987850
8.477000,35.470034,1.017868,3.816476,-2.332304,0,35.887060,0.108973,19.987850
8.478000,35.473851,1.015531,3.816476,-2.342114,0,35.890876,0.106636,19.987850
8.479000,35.477667,1.013184,3.816476,-2.351924,0,35.894692,0.104289,19.987850
8.480000,35.481484,1.010827,3.816476,-2.361734,0,35.898509,0.101932,19.987850
8.481000,35.485300,1.008460,3.816476,-2.371544,0,35.902325,0.099565,19.987850
8.482000,35.489117,1.006084,3.816476,-2.381354,0,35.906142,0.097189,19.987850
8.483000,35.492933,1.003697,3.816476,-2.391164,0,35.909958,0.094803,19.987850
8.484000,35.496750,1.001301,3.816476,-2.400974,0,35.913775,0.092406,19.987850
8.485000,35.500566,0.998895,3.816476,-2.410784,0,35.917591,0.090001,19.987850
8.486000,35.504382,0.996480,3.816476,-2.420594,0,35.921408,0.087585,19.987850
8.487000,35.508199,0.994054,3.816476,-2.430404,0,35.925224,0.085159,19.987850
8.488000,35.512015,0.991619,3.816476,-2.440214,0,35.929041,0.082724,19.987850
8.489000,35.515832,0.989174,3.816476,-2.450024,0,35.932857,0.080279,19.987850
8.490000,35.519648,0.986719,3.816476,-2.459834,0,35.936674,0.077824,19.987850
8.491000,35.523465,0.984254,3.816476,-2.469644,0,35.940490,0.075359,19.987850
8.492000,35.527281,0.981780,3.816476,-2.479454,0,35.944307,0.072885,19.987850
8.493000,35.531098,0.979295,3.816476,-2.489264,0,35.948123,0.070400,19.987850
8.494000,35.534914,0.976801,3.816476,-2.499074,0,35.951940,0.067906,19.987850
8.495000,35.538731,0.974297,3.816476,-2.508884,0,35.955756,0.065402,19.987850
8.496000,35.542547,0.971783,3.816476,-2.518694,0,35.959573,0.062888,19.987850
8.497000,35.546364,0.969260,3.816476,-2.528504,0,35.963389,0.060365,19.987850
8.498000,35.550180,0.966726,3.816476,-2.538314,0,35.967206,0.057831,19.987850
8.499000,35.553997,0.964183,3.816476,-2.548124,0,35.971022,0.055288,19.987850
8.500000,35.557813,0.961630,3.816476,-2.557934,0,35.974838,0.052735,19.987850
8.501000,35.561630,0.959067,3.816476,-2.567744,0,35.978655,0.050172,19.987850
8.502000,35.565446,0.956495,3.816476,-2.577554,0,35.982471,0.047600,19.987850
8.503000,35.569263,0.953912,3.816476,-2.587364,0,35.986288,0.045017,19.987850
8.504000,35.573079,0.951320,3.816476,-2.597174,0,35.990104,0.042425,19.987850
8.505000,35.576896,0.948718,3.816476,-2.606984,0,35.993921,0.039823,19.987850
8.506000,35.580712,0.946106,3.816476,-2.616794,0,35.997737,0.037211,19.987850
8.507000,35.584528,0.943484,3.816476,-2.626604,0,36.001554,0.034589,19.987850
8.508000,35.588345,0.940853,3.816476,-2.636414,0,36.005370,0.031958,19.987850
8.509000,35.592161,0.938211,3.816476,-2.646224,0,36.009187,0.029317,19.987850
8.510000,35.595978,0.935560,3.816476,-2.656034,0,36.013003,0.026665,19.987850
8.511000,35.599794,0.932899,3.816476,-2.665844,0,36.016820,0.024004,19.987850
8.512000,35.603611,0.930229,3.816476,-2.675654,0,36.020636,0.021334,19.987850
8.513000,35.607427,0.927548,3.816476,-2.685464,0,36.024453,0.018653,19.987850
8.514000,35.611244,0.924858,3.816476,-2.695274,0,36.028269,0.015963,19.987850
8.515000,35.615060,0.922157,3.816476,-2.705084,0,36.032086,0.013263,19.987850
8.516000,35.618877,0.919447,3.816476,-2.714894,0,36.035902,0.010553,19.987850
8.517000,35.622693,0.916728,3.816476,-2.724704,0,36.039719,0.007833,19.987850
8.518000,35.626510,0.913998,3.816476,-2.734514,0,36.043535,0.005103,19.987850
8.519000,35.630326,0.911259,3.816476,-2.744324,0,36.047352,0.002364,19.987850
8.520000,35.634143,0.908509,3.816476,-2.754134,1,36.050991,0.000000,19.987868
8.521000,35.637959,0.905751,3.816271,-2.763494,1,36.050991,0.000000,19.987868
8.522000,35.641775,0.902983,3.815727,-2.772108,1,36.050991,0.000000,19.987868
8.523000,35.645590,0.900207,3.814849,-2.779973,1,36.050991,0.000000,19.987868
8.524000,35.649405,0.897423,3.813639,-2.787088,1,36.050991,0.000000,19.987868
8.525000,35.653218,0.894633,3.812102,-2.793451,1,36.050991,0.000000,19.987868
8.526000,35.657029,0.891836,3.810240,-2.799060,1,36.050991,0.000000,19.987868
8.527000,35.660838,0.889035,3.808058,-2.803915,1,36.050991,0.000000,19.987868
8.528000,35.664645,0.886229,3.805560,-2.808013,1,36.050991,0.000000,19.987868
8.529000,35.668449,0.883419,3.802750,-2.811354,1,36.050991,0.000000,19.987868
8.530000,35.672250,0.880606,3.799631,-2.813936,1,36.050991,0.000000,19.987868
8.531000,35.676048,0.877791,3.796208,-2.815760,1,36.050991,0.000000,19.987868
8.532000,35.679842,0.874975,3.792486,-2.816825,1,36.050991,0.000000,19.987868
8.533000,35.683633,0.872158,3.788468,-2.817130,1,36.050991,0.000000,19.987868
8.534000,35.687419,0.869341,3.784160,-2.816674,1,36.050991,0.000000,19.987868
8.535000,35.691201,0.866525,3.779565,-2.815458,1,36.050991,0.000000,19.987868
8.536000,35.694978,0.863710,3.774690,-2.813483,1,36.050991,0.000000,19.987868
8.537000,35.698751,0.860898,3.769538,-2.810747,1,36.050991,0.000000,19.987868
8.538000,35.702517,0.858089,3.764114,-2.807251,1,36.050991,0.000000,19.987868
8.539000,35.706279,0.855284,3.758424,-2.802997,1,36.050991,0.000000,19.987868
8.540000,35.710034,0.852483,3.752473,-2.797985,1,36.050991,0.000000,19.987868
8.541000,35.713784,0.849688,3.746266,-2.792215,1,36.050991,0.000000,19.987868
8.542000,35.717527,0.846899,3.739809,-2.785689,1,36.050991,0.000000,19.987868
8.543000,35.721263,0.844117,3.733106,-2.778407,1,36.050991,0.000000,19.987868
8.544000,35.724993,0.841343,3.726164,-2.770372,1,36.050991,0.000000,19.987868
8.545000,35.728715,0.838577,3.718987,-2.761585,1,36.050991,0.000000,19.987868
8.546000,35.732431,0.835820,3.711583,-2.752047,1,36.050991,0.000000,19.987868
8.547000,35.736138,0.833073,3.703955,-2.741761,1,36.050991,0.000000,19.987868
8.548000,35.739838,0.830336,3.696112,-2.730729,1,36.050991,0.000000,19.987868
8.549000,35.743531,0.827612,3.688058,-2.718952,1,36.050991,0.000000,19.987868
8.550000,35.747214,0.824899,3.679799,-2.706433,1,36.050991,0.000000,19.987868
8.551000,35.750890,0.822199,3.671342,-2.693175,1,36.050991,0.000000,19.987868
8.552000,35.754557,0.819513,3.662692,-2.679181,1,36.050991,0.000000,19.987868
8.553000,35.758215,0.816841,3.653857,-2.664453,1,36.050991,0.000000,19.987868
8.554000,35.761865,0.814184,3.644842,-2.648994,1,36.050991,0.000000,19.987868
8.555000,35.765505,0.811543,3.635654,-2.632809,1,36.050991,0.000000,19.987868
8.556000,35.769136,0.808919,3.626300,-2.615900,1,36.050991,0.000000,19.987868
8.557000,35.772758,0.806311,3.616785,-2.598270,1,36.050991,0.000000,19.987868
8.558000,35.776370,0.803722,3.607117,-2.579925,1,36.050991,0.000000,19.987868
8.559000,35.779972,0.801152,3.597303,-2.560867,1,36.050991,0.000000,19.987868
8.560000,35.783564,0.798601,3.587348,-2.541100,1,36.050991,0.000000,19.987868
8.561000,35.787146,0.796070,3.577261,-2.520630,1,36.050991,0.000000,19.987868
8.562000,35.790719,0.793560,3.567046,-2.499461,1,36.050991,0.000000,19.987868
8.563000,35.794280,0.791071,3.556713,-2.477596,1,36.050991,0.000000,19.987868
8.564000,35.797832,0.788605,3.546267,-2.455042,1,36.050991,0.000000,19.987868
8.565000,35.801373,0.786161,3.535716,-2.431804,1,36.050991,0.000000,19.987868
8.566000,35.804903,0.783741,3.525066,-2.407885,1,36.050991,0.000000,19.987868
8.567000,35.808423,0.781346,3.514325,-2.383292,1,36.050991,0.000000,19.987868
8.568000,35.811932,0.778975,3.503500,-2.358031,1,36.050991,0.000000,19.987868
8.569000,35.815430,0.776630,3.492597,-2.332107,1,36.050991,0.000000,19.987868
8.570000,35.818917,0.774311,3.481625,-2.305525,1,36.050991,0.000000,19.987868
8.571000,35.822393,0.772019,3.470590,-2.278293,1,36.050991,0.000000,19.987868
8.572000,35.825858,0.769755,3.459499,-2.250416,1,36.050991,0.000000,19.987868
8.573000,35.829312,0.767519,3.448360,-2.221900,1,36.050991,0.000000,19.987868
8.574000,35.832755,0.765311,3.437180,-2.192753,1,36.050991,0.000000,19.987868
8.575000,35.836187,0.763133,3.425965,-2.162981,1,36.050991,0.000000,19.987868
8.576000,35.839607,0.760985,3.414725,-2.132591,1,36.050991,0.000000,19.987868
8.577000,35.843016,0.758868,3.403464,-2.101590,1,36.050991,0.000000,19.987868
8.578000,35.846414,0.756782,3.392192,-2.069986,1,36.050991,0.000000,19.987868
8.579000,35.849800,0.754728,3.380914,-2.037786,1,36.050991,0.000000,19.987868
8.580000,35.853176,0.752707,3.369639,-2.004997,1,36.050991,0.000000,19.987868
8.581000,35.856540,0.750719,3.358373,-1.971628,1,36.050991,0.000000,19.987868
8.582000,35.859892,0.748764,3.347124,-1.937686,1,36.050991,0.000000,19.987868
8.583000,35.863234,0.746843,3.335898,-1.903180,1,36.050991,0.000000,19.987868
8.584000,35.866564,0.744958,3.324703,-1.868117,1,36.050991,0.000000,19.987868
8.585000,35.869883,0.743107,3.313546,-1.832507,1,36.050991,0.000000,19.987868
8.586000,35.873191,0.741293,3.302434,-1.796359,1,36.050991,0.000000,19.987868
8.587000,35.876488,0.739515,3.291374,-1.759680,1,36.050991,0.000000,19.987868
8.588000,35.879774,0.737774,3.280373,-1.722479,1,36.050991,0.000000,19.987868
8.589000,35.883049,0.736070,3.269437,-1.684767,1,36.050991,0.000000,19.987868
8.590000,35.886313,0.734404,3.258575,-1.646552,1,36.050991,0.000000,19.987868
8.591000,35.889566,0.732777,3.247791,-1.607844,1,36.050991,0.000000,19.987868
8.592000,35.892809,0.731189,3.237093,-1.568653,1,36.050991,0.000000,19.987868
8.593000,35.896040,0.729640,3.226488,-1.528987,1,36.050991,0.000000,19.987868
8.594000,35.899262,0.728131,3.215982,-1.488858,1,36.050991,0.000000,19.987868
8.595000,35.902472,0.726662,3.205582,-1.448275,1,36.050991,0.000000,19.987868
8.596000,35.905673,0.725235,3.195294,-1.407248,1,36.050991,0.000000,19.987868
8.597000,35.908863,0.723848,3.185124,-1.365788,1,36.050991,0.000000,19.987868
8.598000,35.912043,0.722503,3.175078,-1.323905,1,36.050991,0.000000,19.987868
8.599000,35.915213,0.721200,3.165164,-1.281611,1,36.050991,0.000000,19.987868
8.600000,35.918374,0.719940,3.155385,-1.238915,1,36.050991,0.000000,19.987868
8.601000,35.921524,0.718723,3.145749,-1.195829,1,36.050991,0.000000,19.987868
8.602000,35.924665,0.717549,3.136261,-1.152364,1,36.050991,0.000000,19.987868
8.603000,35.927797,0.716418,3.126927,-1.108531,1,36.050991,0.000000,19.987868
8.604000,35.930919,0.715332,3.117752,-1.064341,1,36.050991,0.000000,19.987868
8.605000,35.934032,0.714290,3.108742,-1.019806,1,36.050991,0.000000,19.987868
8.606000,35.937137,0.713292,3.099902,-0.974937,1,36.050991,0.000000,19.987868
8.607000,35.940232,0.712340,3.091236,-0.929747,1,36.050991,0.000000,19.987868
8.608000,35.943319,0.711433,3.082751,-0.884246,1,36.050991,0.000000,19.987868
8.609000,35.946398,0.710571,3.074450,-0.838448,1,36.050991,0.000000,19.987868
8.610000,35.949468,0.709756,3.066339,-0.792363,1,36.050991,0.000000,19.987868
8.611000,35.952530,0.708987,3.058422,-0.746005,1,36.050991,0.000000,19.987868
8.612000,35.955585,0.708264,3.050703,-0.699384,1,36.050991,0.000000,19.987868
8.613000,35.958632,0.707588,3.043186,-0.652515,1,36.050991,0.000000,19.987868
8.614000,35.961671,0.706959,3.035876,-0.605408,1,36.050991,0.000000,19.987868
8.615000,35.964704,0.706377,3.028776,-0.558077,1,36.050991,0.000000,19.987868
8.616000,35.967729,0.705843,3.021891,-0.510535,1,36.050991,0.000000,19.987868
8.617000,35.970748,0.705356,3.015223,-0.462793,1,36.050991,0.000000,19.987868
8.618000,35.973759,0.704917,3.008776,-0.414865,1,36.050991,0.000000,19.987868
8.619000,35.976765,0.704527,3.002553,-0.366764,1,36.050991,0.000000,19.987868
8.620000,35.979765,0.704184,2.996557,-0.318502,1,36.050991,0.000000,19.987868
8.621000,35.982758,0.703890,2.990790,-0.270092,1,36.050991,0.000000,19.987868
8.622000,35.985746,0.703644,2.985257,-0.221548,1,36.050991,0.000000,19.987868
8.623000,35.988729,0.703447,2.979958,-0.172883,1,36.050991,0.000000,19.987868
8.624000,35.991706,0.703298,2.974896,-0.124109,1,36.050991,0.000000,19.987868
8.625000,35.994679,0.703198,2.970073,-0.075240,1,36.050991,0.000000,19.987868
8.626000,35.997647,0.703148,2.965492,-0.026289,1,36.050991,0.000000,19.987868
8.627000,36.000610,0.703146,2.961153,0.022730,1,36.050991,0.000000,19.987868
8.628000,36.003569,0.703193,2.957057,0.071805,1,36.050991,0.000000,19.987868
8.629000,36.006524,0.703290,2.953208,0.120922,1,36.050991,0.000000,19.987868
8.630000,36.009475,0.703435,2.949604,0.170068,1,36.050991,0.000000,19.987868
8.631000,36.012423,0.703630,2.946248,0.219229,1,36.050991,0.000000,19.987868
8.632000,36.015368,0.703873,2.943139,0.268392,1,36.050991,0.000000,19.987868
8.633000,36.018310,0.704166,2.940279,0.317544,1,36.050991,0.000000,19.987868
8.634000,36.021249,0.704509,2.937667,0.366671,1,36.050991,0.000000,19.987868
8.635000,36.024185,0.704900,2.935304,0.415760,1,36.050991,0.000000,19.987868
8.636000,36.027119,0.705340,2.933189,0.464797,1,36.050991,0.000000,19.987868
8.637000,36.030052,0.705829,2.931323,0.513770,1,36.050991,0.000000,19.987868
8.638000,36.032982,0.706368,2.929703,0.562665,1,36.050991,0.000000,19.987868
8.639000,36.035911,0.706955,2.928331,0.611469,1,36.050991,0.000000,19.987868
8.640000,36.038839,0.707590,2.927205,0.660168,1,36.050991,0.000000,19.987868
8.641000,36.041766,0.708275,2.926323,0.708749,1,36.050991,0.000000,19.987868
8.642000,36.044692,0.709008,2.925685,0.757200,1,36.050991,0.000000,19.987868
8.643000,36.047617,0.709789,2.925288,0.805506,1,36.050991,0.000000,19.987868
8.644000,36.050542,0.710619,2.925132,0.853655,1,36.050991,0.000000,19.987868
8.645000,36.053467,0.711497,2.925215,0.901634,1,36.050991,0.000000,19.987868
8.646000,36.056393,0.712422,2.925533,0.949430,1,36.050991,0.000000,19.987868
8.647000,36.059319,0.713395,2.926086,0.997030,1,36.050991,0.000000,19.987868
8.648000,36.062245,0.714416,2.926870,1.044420,1,36.050991,0.000000,19.987868
8.649000,36.065172,0.715484,2.927884,1.091589,1,36.050991,0.000000,19.987868
8.650000,36.068101,0.716599,2.929123,1.138524,1,36.050991,0.000000,19.987868
8.651000,36.071031,0.717761,2.930587,1.185211,1,36.050991,0.000000,19.987868
8.652000,36.073962,0.718970,2.932270,1.231639,1,36.050991,0.000000,19.987868
8.653000,36.076895,0.720224,2.934170,1.277795,1,36.050991,0.000000,19.987868
8.654000,36.079830,0.721525,2.936285,1.323667,1,36.050991,0.000000,19.987868
8.655000,36.082768,0.722872,2.938609,1.369242,1,36.050991,0.000000,19.987868
8.656000,36.085708,0.724263,2.941139,1.414509,1,36.050991,0.000000,19.987868
8.657000,36.088650,0.725700,2.943872,1.459454,1,36.050991,0.000000,19.987868
8.658000,36.091596,0.727182,2.946804,1.504067,1,36.050991,0.000000,19.987868
8.659000,36.094544,0.728708,2.949930,1.548335,1,36.050991,0.000000,19.987868
8.660000,36.097495,0.730279,2.953245,1.592247,1,36.050991,0.000000,19.987868
8.661000,36.100450,0.731893,2.956747,1.635791,1,36.050991,0.000000,19.987868
8.662000,36.103409,0.733550,2.960430,1.678956,1,36.050991,0.000000,19.987868
8.663000,36.106371,0.735251,2.964289,1.721730,1,36.050991,0.000000,19.987868
8.664000,36.109338,0.736994,2.968319,1.764102,1,36.050991,0.000000,19.987868
8.665000,36.112308,0.738779,2.972517,1.806061,1,36.050991,0.000000,19.987868
8.666000,36.115283,0.740606,2.976876,1.847596,1,36.050991,0.000000,19.987868
8.667000,36.118262,0.742474,2.981392,1.888697,1,36.050991,0.000000,19.987868
8.668000,36.121246,0.744383,2.986060,1.929352,1,36.050991,0.000000,19.987868
8.669000,36.124234,0.746332,2.990874,1.969550,1,36.050991,0.000000,19.987868
8.670000,36.127227,0.748322,2.995828,2.009283,1,36.050991,0.000000,19.987868
8.671000,36.130226,0.750351,3.000918,2.048539,1,36.050991,0.000000,19.987868
8.672000,36.133229,0.752419,3.006138,2.087308,1,36.050991,0.000000,19.987868
8.673000,36.136238,0.754525,3.011481,2.125580,1,36.050991,0.000000,19.987868
8.674000,36.139252,0.756670,3.016943,2.163346,1,36.050991,0.000000,19.987868
8.675000,36.142272,0.758852,3.022518,2.200595,1,36.050991,0.000000,19.987868
8.676000,36.145297,0.761071,3.028200,2.237319,1,36.050991,0.000000,19.987868
8.677000,36.148328,0.763326,3.033983,2.273508,1,36.050991,0.000000,19.987868
8.678000,36.151365,0.765617,3.039860,2.309152,1,36.050991,0.000000,19.987868
8.679000,36.154408,0.767944,3.045827,2.344244,1,36.050991,0.000000,19.987868
8.680000,36.157457,0.770306,3.051877,2.378773,1,36.050991,0.000000,19.987868
8.681000,36.160512,0.772702,3.058003,2.412732,1,36.050991,0.000000,19.987868
8.682000,36.163573,0.775131,3.064200,2.446112,1,36.050991,0.000000,19.987868
8.683000,36.166640,0.777594,3.070462,2.478903,1,36.050991,0.000000,19.987868
8.684000,36.169714,0.780089,3.076782,2.511100,1,36.050991,0.000000,19.987868
8.685000,36.172794,0.782616,3.083154,2.542692,1,36.050991,0.000000,19.987868
8.686000,36.175880,0.785174,3.089572,2.573673,1,36.050991,0.000000,19.987868
8.687000,36.178973,0.787763,3.096030,2.604034,1,36.050991,0.000000,19.987868
8.688000,36.182072,0.790382,3.102522,2.633768,1,36.050991,0.000000,19.987868
8.689000,36.185178,0.793030,3.109040,2.662869,1,36.050991,0.000000,19.987868
8.690000,36.188290,0.795707,3.115579,2.691328,1,36.050991,0.000000,19.987868
8.691000,36.191409,0.798413,3.122133,2.719139,1,36.050991,0.000000,19.987868
8.692000,36.194535,0.801145,3.128695,2.746294,1,36.050991,0.000000,19.987868
8.693000,36.197667,0.803905,3.135259,2.772788,1,36.050991,0.000000,19.987868
8.694000,36.200805,0.806691,3.141819,2.798614,1,36.050991,0.000000,19.987868
8.695000,36.203950,0.809502,3.148369,2.823765,1,36.050991,0.000000,19.987868
8.696000,36.207102,0.812338,3.154901,2.848236,1,36.050991,0.000000,19.987868
8.697000,36.210260,0.815198,3.161411,2.872021,1,36.050991,0.000000,19.987868
8.698000,36.213425,0.818082,3.167891,2.895113,1,36.050991,0.000000,19.987868
8.699000,36.216596,0.820988,3.174336,2.917507,1,36.050991,0.000000,19.987868
8.700000,36.219773,0.823917,3.180740,2.939198,1,36.050991,0.000000,19.987868
8.701000,36.222957,0.826866,3.187096,2.960181,1,36.050991,0.000000,19.987868
8.702000,36.226148,0.829837,3.193398,2.980450,1,36.050991,0.000000,19.987868
8.703000,36.229344,0.832827,3.199640,3.000001,1,36.050991,0.000000,19.987868
8.704000,36.232547,0.835836,3.205817,3.018830,1,36.050991,0.000000,19.987868
8.705000,36.235756,0.838864,3.211922,3.036930,1,36.050991,0.000000,19.987868
8.706000,36.238971,0.841910,3.217949,3.054299,1,36.050991,0.000000,19.987868
8.707000,36.242192,0.844973,3.223893,3.070932,1,36.050991,0.000000,19.987868
8.708000,36.245418,0.848052,3.229747,3.086826,1,36.050991,0.000000,19.987868
8.709000,36.248651,0.851146,3.235506,3.101975,1,36.050991,0.000000,19.987868
8.710000,36.251889,0.854255,3.241165,3.116377,1,36.050991,0.000000,19.987868
8.711000,36.255133,0.857379,3.246716,3.130029,1,36.050991,0.000000,19.987868
8.712000,36.258383,0.860515,3.252156,3.142927,1,36.050991,0.000000,19.987868
8.713000,36.261638,0.863664,3.257478,3.155068,1,36.050991,0.000000,19.987868
8.714000,36.264898,0.866825,3.262677,3.166449,1,36.050991,0.000000,19.987868
8.715000,36.268163,0.869997,3.267747,3.177067,1,36.050991,0.000000,19.987868
8.716000,36.271433,0.873179,3.272683,3.186921,1,36.050991,0.000000,19.987868
8.717000,36.274708,0.876370,3.277480,3.196007,1,36.050991,0.000000,19.987868
8.718000,36.277988,0.879571,3.282132,3.204323,1,36.050991,0.000000,19.987868
8.719000,36.281273,0.882779,3.286635,3.211867,1,36.050991,0.000000,19.987868
8.720000,36.284561,0.885994,3.290983,3.218638,1,36.050991,0.000000,19.987868
8.721000,36.287854,0.889216,3.295172,3.224634,1,36.050991,0.000000,19.987868
8.722000,36.291152,0.892443,3.299196,3.229854,1,36.050991,0.000000,19.987868
8.723000,36.294453,0.895675,3.303050,3.234295,1,36.050991,0.000000,19.987868
8.724000,36.297758,0.898911,3.306730,3.237958,1,36.050991,0.000000,19.987868
8.725000,36.301066,0.902151,3.310231,3.240840,1,36.050991,0.000000,19.987868
8.726000,36.304378,0.905393,3.313549,3.242942,1,36.050991,0.000000,19.987868
8.727000,36.307693,0.908637,3.316678,3.244262,1,36.050991,0.000000,19.987868
8.728000,36.311011,0.911881,3.319615,3.244800,1,36.050991,0.000000,19.987868
8.729000,36.314332,0.915126,3.322355,3.244557,1,36.050991,0.000000,19.987868
8.730000,36.317656,0.918370,3.324894,3.243531,1,36.050991,0.000000,19.987868
8.731000,36.320982,0.921613,3.327228,3.241723,1,36.050991,0.000000,19.987868
8.732000,36.324310,0.924853,3.329352,3.239133,1,36.050991,0.000000,19.987868
8.733000,36.327641,0.928091,3.331263,3.235761,1,36.050991,0.000000,19.987868
8.734000,36.330973,0.931324,3.332957,3.231608,1,36.050991,0.000000,19.987868
8.735000,36.334307,0.934554,3.334429,3.226676,1,36.050991,0.000000,19.987868
8.736000,36.337642,0.937778,3.335676,3.220964,1,36.050991,0.000000,19.987868
8.737000,36.340978,0.940995,3.336695,3.214474,1,36.050991,0.000000,19.987868
8.738000,36.344315,0.944206,3.337481,3.207206,1,36.050991,0.000000,19.987868
8.739000,36.347653,0.947410,3.338033,3.199163,1,36.050991,0.000000,19.987868
8.740000,36.350991,0.950604,3.338345,3.190347,1,36.050991,0.000000,19.987868
8.741000,36.354329,0.953790,3.338414,3.180757,0,36.771355,0.044895,19.987793
8.742000,36.357668,0.956966,3.338414,3.170947,0,36.774693,0.048071,19.987793
8.743000,36.361006,0.960132,3.338414,3.161137,0,36.778031,0.051237,19.987793
8.744000,36.364345,0.963288,3.338414,3.151327,0,36.781370,0.054393,19.987793
8.745000,36.367683,0.966434,3.338414,3.141517,0,36.784708,0.057540,19.987793
8.746000,36.371021,0.969571,3.338414,3.131707,0,36.788047,0.060676,19.987793
8.747000,36.374360,0.972698,3.338414,3.121897,0,36.791385,0.063803,19.987793
8.748000,36.377698,0.975815,3.338414,3.112087,0,36.794724,0.066920,19.987793
8.749000,36.381037,0.978922,3.338414,3.102277,0,36.798062,0.070027,19.987793
8.750000,36.384375,0.982019,3.338414,3.092467,0,36.801400,0.073125,19.987793
8.751000,36.387713,0.985107,3.338414,3.082657,0,36.804739,0.076212,19.987793
8.752000,36.391052,0.988185,3.338414,3.072847,0,36.808077,0.079290,19.987793
8.753000,36.394390,0.991253,3.338414,3.063037,0,36.811416,0.082358,19.987793
8.754000,36.397729,0.994311,3.338414,3.053227,0,36.814754,0.085416,19.987793
8.755000,36.401067,0.997359,3.338414,3.043417,0,36.818092,0.088464,19.987793
8.756000,36.404406,1.000398,3.338414,3.033607,0,36.821431,0.091503,19.987793
8.757000,36.407744,1.003426,3.338414,3.023797,0,36.824769,0.094532,19.987793
8.758000,36.411082,1.006445,3.338414,3.013987,0,36.828108,0.097550,19.987793
8.759000,36.414421,1.009454,3.338414,3.004177,0,36.831446,0.100559,19.987793
8.760000,36.417759,1.012454,3.338414,2.994367,0,36.834785,0.103559,19.987793
8.761000,36.421098,1.015443,3.338414,2.984557,0,36.838123,0.106548,19.987793
8.762000,36.424436,1.018423,3.338414,2.974747,0,36.841461,0.109528,19.987793
8.763000,36.427774,1.021393,3.338414,2.964937,0,36.844800,0.112498,19.987793
8.764000,36.431113,1.024353,3.338414,2.955127,0,36.848138,0.115458,19.987793
8.765000,36.434451,1.027303,3.338414,2.945317,0,36.851477,0.118408,19.987793
8.766000,36.437790,1.030243,3.338414,2.935507,0,36.854815,0.121348,19.987793
8.767000,36.441128,1.033174,3.338414,2.925697,0,36.858153,0.124279,19.987793
8.768000,36.444467,1.036095,3.338414,2.915887,0,36.861492,0.127200,19.987793
8.769000,36.447805,1.039006,3.338414,2.906077,0,36.864830,0.130111,19.987793
8.770000,36.451143,1.041907,3.338414,2.896267,0,36.868169,0.133012,19.987793
8.771000,36.454482,1.044798,3.338414,2.886457,0,36.871507,0.135903,19.987793
8.772000,36.457820,1.047680,3.338414,2.876647,0,36.874845,0.138785,19.987793
8.773000,36.461159,1.050551,3.338414,2.866837,0,36.878184,0.141657,19.987793
8.774000,36.464497,1.053413,3.338414,2.857027,0,36.881522,0.144519,19.987793
8.775000,36.467835,1.056266,3.338414,2.847217,0,36.884861,0.147371,19.987793
8.776000,36.471174,1.059108,3.338414,2.837407,0,36.888199,0.150213,19.987793
8.777000,36.474512,1.061940,3.338414,2.827597,0,36.891538,0.153045,19.987793
8.778000,36.477851,1.064763,3.338414,2.817787,0,36.894876,0.155868,19.987793
8.779000,36.481189,1.067576,3.338414,2.807977,0,36.898214,0.158681,19.987793
8.780000,36.484527,1.070379,3.338414,2.798167,0,36.901553,0.161484,19.987793
8.781000,36.487866,1.073172,3.338414,2.788357,0,36.904891,0.164277,19.987793
8.782000,36.491204,1.075956,3.338414,2.778547,0,36.908230,0.167061,19.987793
8.783000,36.494543,1.078729,3.338414,2.768737,0,36.911568,0.169834,19.987793
8.784000,36.497881,1.081493,3.338414,2.758927,0,36.914906,0.172598,19.987793
8.785000,36.501220,1.084247,3.338414,2.749117,0,36.918245,0.175352,19.987793
8.786000,36.504558,1.086991,3.338414,2.739307,0,36.921583,0.178097,19.987793
8.787000,36.507896,1.089726,3.338414,2.729497,0,36.924922,0.180831,19.987793
8.788000,36.511235,1.092450,3.338414,2.719687,0,36.928260,0.183556,19.987793
8.789000,36.514573,1.095165,3.338414,2.709877,0,36.931599,0.186270,19.987793
8.790000,36.517912,1.097870,3.338414,2.700067,0,36.934937,0.188975,19.987793
8.791000,36.521250,1.100565,3.338414,2.690257,0,36.938275,0.191670,19.987793
8.792000,36.524588,1.103251,3.338414,2.680447,0,36.941614,0.194356,19.987793
8.793000,36.527927,1.105926,3.338414,2.670637,0,36.944952,0.197031,19.987793
8.794000,36.531265,1.108592,3.338414,2.660827,0,36.948291,0.199697,19.987793
8.795000,36.534604,1.111248,3.338414,2.651017,0,36.951629,0.202353,19.987793
8.796000,36.537942,1.113894,3.338414,2.641207,0,36.954967,0.204999,19.987793
8.797000,36.541281,1.116530,3.338414,2.631397,0,36.958306,0.207635,19.987793
8.798000,36.544619,1.119157,3.338414,2.621587,0,36.961644,0.210262,19.987793
8.799000,36.547957,1.121773,3.338414,2.611777,0,36.964983,0.212879,19.987793
8.800000,36.551296,1.124380,3.338414,2.601967,0,36.968321,0.215485,19.987793
8.801000,36.554634,1.126977,3.338414,2.592157,0,36.971660,0.218083,19.987793
8.802000,36.557973,1.129565,3.338414,2.582347,0,36.974998,0.220670,19.987793
8.803000,36.561311,1.132142,3.338414,2.572537,0,36.978336,0.223247,19.987793
8.804000,36.564649,1.134710,3.338414,2.562727,0,36.981675,0.225815,19.987793
8.805000,36.567988,1.137268,3.338414,2.552917,0,36.985013,0.228373,19.987793
8.806000,36.571326,1.139816,3.338414,2.543107,0,36.988352,0.230921,19.987793
8.807000,36.574665,1.142354,3.338414,2.533297,0,36.991690,0.233459,19.987793
8.808000,36.578003,1.144882,3.338414,2.523487,0,36.995028,0.235987,19.987793
8.809000,36.581342,1.147401,3.338414,2.513677,0,36.998367,0.238506,19.987793
8.810000,36.584680,1.149909,3.338414,2.503867,0,37.001705,0.241015,19.987793
8.811000,36.588018,1.152408,3.338414,2.494057,0,37.005044,0.243514,19.987793
8.812000,36.591357,1.154898,3.338414,2.484247,0,37.008382,0.246003,19.987793
8.813000,36.594695,1.157377,3.338414,2.474437,0,37.011720,0.248482,19.987793
8.814000,36.598034,1.159846,3.338414,2.464627,0,37.015059,0.250952,19.987793
8.815000,36.601372,1.162306,3.338414,2.454817,0,37.018397,0.253411,19.987793
8.816000,36.604710,1.164756,3.338414,2.445007,0,37.021736,0.255861,19.987793
8.817000,36.608049,1.167196,3.338414,2.435197,0,37.025074,0.258301,19.987793
8.818000,36.611387,1.169627,3.338414,2.425387,0,37.028413,0.260732,19.987793
8.819000,36.614726,1.172047,3.338414,2.415577,0,37.031751,0.263152,19.987793
8.820000,36.618064,1.174458,3.338414,2.405767,0,37.035089,0.265563,19.987793
8.821000,36.621402,1.176859,3.338414,2.395957,0,37.038428,0.267964,19.987793
8.822000,36.624741,1.179250,3.338414,2.386147,0,37.041766,0.270355,19.987793
8.823000,36.628079,1.181631,3.338414,2.376337,0,37.045105,0.272736,19.987793
8.824000,36.631418,1.184002,3.338414,2.366527,0,37.048443,0.275107,19.987793
8.825000,36.634756,1.186364,3.338414,2.356717,0,37.051781,0.277469,19.987793
8.826000,36.638095,1.188716,3.338414,2.346907,0,37.055120,0.279821,19.987793
8.827000,36.641433,1.191058,3.338414,2.337097,0,37.058458,0.282163,19.987793
8.828000,36.644771,1.193390,3.338414,2.327287,0,37.061797,0.284495,19.987793
8.829000,36.648110,1.195712,3.338414,2.317477,0,37.065135,0.286817,19.987793
8.830000,36.651448,1.198025,3.338414,2.307667,0,37.068474,0.289130,19.987793
8.831000,36.654787,1.200328,3.338414,2.297857,0,37.071812,0.291433,19.987793
8.832000,36.658125,1.202621,3.338414,2.288047,0,37.075150,0.293726,19.987793
8.833000,36.661463,1.204904,3.338414,2.278237,0,37.078489,0.296009,19.987793
8.834000,36.664802,1.207177,3.338414,2.268427,0,37.081827,0.298282,19.987793
8.835000,36.668140,1.209441,3.338414,2.258617,0,37.085166,0.300546,19.987793
8.836000,36.671479,1.211694,3.338414,2.248807,0,37.088504,0.302799,19.987793
8.837000,36.674817,1.213938,3.338414,2.238997,0,37.091842,0.305043,19.987793
8.838000,36.678156,1.216172,3.338414,2.229187,0,37.095181,0.307277,19.987793
8.839000,36.681494,1.218397,3.338414,2.219377,0,37.098519,0.309502,19.987793
8.840000,36.684832,1.220611,3.338414,2.209567,0,37.101858,0.311716,19.987793
8.841000,36.688171,1.222816,3.338414,2.199757,0,37.105196,0.313921,19.987793
8.842000,36.691509,1.225011,3.338414,2.189947,0,37.108534,0.316116,19.987793
8.843000,36.694848,1.227196,3.338414,2.180137,0,37.111873,0.318301,19.987793
8.844000,36.698186,1.229371,3.338414,2.170327,0,37.115211,0.320476,19.987793
8.845000,36.701524,1.231536,3.338414,2.160517,0,37.118550,0.322641,19.987793
8.846000,36.704863,1.233692,3.338414,2.150707,0,37.121888,0.324797,19.987793
8.847000,36.708201,1.235838,3.338414,2.140897,0,37.125227,0.326943,19.987793
8.848000,36.711540,1.237974,3.338414,2.131087,0,37.128565,0.329079,19.987793
8.849000,36.714878,1.240100,3.338414,2.121277,0,37.131903,0.331205,19.987793
8.850000,36.718216,1.242216,3.338414,2.111467,0,37.135242,0.333321,19.987793
8.851000,36.721555,1.244323,3.338414,2.101657,0,37.138580,0.335428,19.987793
8.852000,36.724893,1.246420,3.338414,2.091847,0,37.141919,0.337525,19.987793
8.853000,36.728232,1.248506,3.338414,2.082037,0,37.145257,0.339612,19.987793
8.854000,36.731570,1.250584,3.338414,2.072227,0,37.148595,0.341689,19.987793
8.855000,36.734909,1.252651,3.338414,2.062417,0,37.151934,0.343756,19.987793
8.856000,36.738247,1.254708,3.338414,2.052607,0,37.155272,0.345814,19.987793
8.857000,36.741585,1.256756,3.338414,2.042797,0,37.158611,0.347861,19.987793
8.858000,36.744924,1.258794,3.338414,2.032987,0,37.161949,0.349899,19.987793
8.859000,36.748262,1.260822,3.338414,2.023177,0,37.165288,0.351927,19.987793
8.860000,36.751601,1.262840,3.338414,2.013367,0,37.168626,0.353945,19.987793
8.861000,36.754939,1.264849,3.338414,2.003557,0,37.171964,0.355954,19.987793
8.862000,36.758277,1.266847,3.338414,1.993747,0,37.175303,0.357953,19.987793
8.863000,36.761616,1.268836,3.338414,1.983937,0,37.178641,0.359941,19.987793
8.864000,36.764954,1.270815,3.338414,1.974127,0,37.181980,0.361920,19.987793
8.865000,36.768293,1.272785,3.338414,1.964317,0,37.185318,0.363890,19.987793
8.866000,36.771631,1.274744,3.338414,1.954507,0,37.188656,0.365849,19.987793
8.867000,36.774970,1.276694,3.338414,1.944697,0,37.191995,0.367799,19.987793
8.868000,36.778308,1.278633,3.338414,1.934887,0,37.195333,0.369739,19.987793
8.869000,36.781646,1.280563,3.338414,1.925077,0,37.198672,0.371668,19.987793
8.870000,36.784985,1.282484,3.338414,1.915267,0,37.202010,0.373589,19.987793
8.871000,36.788323,1.284394,3.338414,1.905457,0,37.205349,0.375499,19.987793
8.872000,36.791662,1.286294,3.338414,1.895647,0,37.208687,0.377400,19.987793
8.873000,36.795000,1.288185,3.338414,1.885837,0,37.212025,0.379290,19.987793
8.874000,36.798338,1.290066,3.338414,1.876027,0,37.215364,0.381171,19.987793
8.875000,36.801677,1.291937,3.338414,1.866217,0,37.218702,0.383042,19.987793
8.876000,36.805015,1.293799,3.338414,1.856407,0,37.222041,0.384904,19.987793
8.877000,36.808354,1.295650,3.338414,1.846597,0,37.225379,0.386755,19.987793
8.878000,36.811692,1.297492,3.338414,1.836787,0,37.228717,0.388597,19.987793
8.879000,36.815031,1.299324,3.338414,1.826977,0,37.232056,0.390429,19.987793
8.880000,36.818369,1.301146,3.338414,1.817167,0,37.235394,0.392251,19.987793
8.881000,36.821707,1.302958,3.338414,1.807357,0,37.238733,0.394063,19.987793
8.882000,36.825046,1.304760,3.338414,1.797547,0,37.242071,0.395866,19.987793
8.883000,36.828384,1.306553,3.338414,1.787737,0,37.245409,0.397658,19.987793
8.884000,36.831723,1.308336,3.338414,1.777927,0,37.248748,0.399441,19.987793
8.885000,36.835061,1.310109,3.338414,1.768117,0,37.252086,0.401214,19.987793
8.886000,36.838399,1.311872,3.338414,1.758307,0,37.255425,0.402977,19.987793
8.887000,36.841738,1.313626,3.338414,1.748497,0,37.258763,0.404731,19.987793
8.888000,36.845076,1.315369,3.338414,1.738687,0,37.262102,0.406474,19.987793
8.889000,36.848415,1.317103,3.338414,1.728877,0,37.265440,0.408208,19.987793
8.890000,36.851753,1.318827,3.338414,1.719067,0,37.268778,0.409932,19.987793
8.891000,36.855091,1.320541,3.338414,1.709257,0,37.272117,0.411646,19.987793
8.892000,36.858430,1.322245,3.338414,1.699447,0,37.275455,0.413351,19.987793
8.893000,36.861768,1.323940,3.338414,1.689637,0,37.278794,0.415045,19.987793
8.894000,36.865107,1.325625,3.338414,1.679827,0,37.282132,0.416730,19.987793
8.895000,36.868445,1.327300,3.338414,1.670017,0,37.285470,0.418405,19.987793
8.896000,36.871784,1.328965,3.338414,1.660207,0,37.288809,0.420070,19.987793
8.897000,36.875122,1.330620,3.338414,1.650397,0,37.292147,0.421725,19.987793
8.898000,36.878460,1.332266,3.338414,1.640587,0,37.295486,0.423371,19.987793
8.899000,36.881799,1.333901,3.338414,1.630777,0,37.298824,0.425006,19.987793
8.900000,36.885137,1.335527,3.338414,1.620967,0,37.302163,0.426632,19.987793
8.901000,36.888476,1.337143,3.338414,1.611157,0,37.305501,0.428248,19.987793
8.902000,36.891814,1.338749,3.338414,1.601347,0,37.308839,0.429855,19.987793
8.903000,36.895152,1.340346,3.338414,1.591537,0,37.312178,0.431451,19.987793
8.904000,36.898491,1.341932,3.338414,1.581727,0,37.315516,0.433038,19.987793
8.905000,36.901829,1.343509,3.338414,1.571917,0,37.318855,0.434614,19.987793
8.906000,36.905168,1.345076,3.338414,1.562107,0,37.322193,0.436181,19.987793
8.907000,36.908506,1.346633,3.338414,1.552297,0,37.325531,0.437739,19.987793
8.908000,36.911845,1.348181,3.338414,1.542487,0,37.328870,0.439286,19.987793
8.909000,36.915183,1.349718,3.338414,1.532677,0,37.332208,0.440824,19.987793
8.910000,36.918521,1.351246,3.338414,1.522867,0,37.335547,0.442351,19.987793
8.911000,36.921860,1.352764,3.338414,1.513057,0,37.338885,0.443869,19.987793
8.912000,36.925198,1.354272,3.338414,1.503247,0,37.342224,0.445377,19.987793
8.913000,36.928537,1.355771,3.338414,1.493437,0,37.345562,0.446876,19.987793
8.914000,36.931875,1.357259,3.338414,1.483627,0,37.348900,0.448364,19.987793
8.915000,36.935213,1.358738,3.338414,1.473817,0,37.352239,0.449843,19.987793
8.916000,36.938552,1.360207,3.338414,1.464007,0,37.355577,0.451312,19.987793
8.917000,36.941890,1.361666,3.338414,1.454197,0,37.358916,0.452771,19.987793
8.918000,36.945229,1.363115,3.338414,1.444387,0,37.362254,0.454220,19.987793
8.919000,36.948567,1.364555,3.338414,1.434577,0,37.365592,0.455660,19.987793
8.920000,36.951905,1.365984,3.338414,1.424767,0,37.368931,0.457090,19.987793
8.921000,36.955244,1.367404,3.338414,1.414957,0,37.372269,0.458509,19.987793
8.922000,36.958582,1.368814,3.338414,1.405147,0,37.375608,0.459919,19.987793
8.923000,36.961921,1.370215,3.338414,1.395337,0,37.378946,0.461320,19.987793
8.924000,36.965259,1.371605,3.338414,1.385527,0,37.382284,0.462710,19.987793
8.925000,36.968598,1.372986,3.338414,1.375717,0,37.385623,0.464091,19.987793
8.926000,36.971936,1.374356,3.338414,1.365907,0,37.388961,0.465462,19.987793
8.927000,36.975274,1.375717,3.338414,1.356097,0,37.392300,0.466823,19.987793
8.928000,36.978613,1.377069,3.338414,1.346287,0,37.395638,0.468174,19.987793
8.929000,36.981951,1.378410,3.338414,1.336477,0,37.398977,0.469515,19.987793
8.930000,36.985290,1.379742,3.338414,1.326667,0,37.402315,0.470847,19.987793
8.931000,36.988628,1.381063,3.338414,1.316857,0,37.405653,0.472168,19.987793
8.932000,36.991966,1.382375,3.338414,1.307047,0,37.408992,0.473480,19.987793
8.933000,36.995305,1.383677,3.338414,1.297237,0,37.412330,0.474783,19.987793
8.934000,36.998643,1.384970,3.338414,1.287427,0,37.415669,0.476075,19.987793
8.935000,37.001982,1.386252,3.338414,1.277617,0,37.419007,0.477357,19.987793
8.936000,37.005320,1.387525,3.338414,1.267807,0,37.422345,0.478630,19.987793
8.937000,37.008659,1.388788,3.338414,1.257997,0,37.425684,0.479893,19.987793
8.938000,37.011997,1.390041,3.338414,1.248187,0,37.429022,0.481146,19.987793
8.939000,37.015335,1.391284,3.338414,1.238377,0,37.432361,0.482389,19.987793
8.940000,37.018674,1.392518,3.338414,1.228567,0,37.435699,0.483623,19.987793
8.941000,37.022012,1.393741,3.338414,1.218757,0,37.439038,0.484847,19.987793
8.942000,37.025351,1.394955,3.338414,1.208947,0,37.442376,0.486060,19.987793
8.943000,37.028689,1.396159,3.338414,1.199137,0,37.445714,0.487264,19.987793
8.944000,37.032027,1.397354,3.338414,1.189327,0,37.449053,0.488459,19.987793
8.945000,37.035366,1.398538,3.338414,1.179517,0,37.452391,0.489643,19.987793
8.946000,37.038704,1.399713,3.338414,1.169707,0,37.455730,0.490818,19.987793
8.947000,37.042043,1.400877,3.338414,1.159897,0,37.459068,0.491983,19.987793
8.948000,37.045381,1.402032,3.338414,1.150087,0,37.462406,0.493138,19.987793
8.949000,37.048720,1.403178,3.338414,1.140277,0,37.465745,0.494283,19.987793
8.950000,37.052058,1.404313,3.338414,1.130467,0,37.469083,0.495418,19.987793
8.951000,37.055396,1.405438,3.338414,1.120657,0,37.472422,0.496544,19.987793
8.952000,37.058735,1.406554,3.338414,1.110847,0,37.475760,0.497659,19.987793
8.953000,37.062073,1.407660,3.338414,1.101037,0,37.479098,0.498765,19.987793
8.954000,37.065412,1.408756,3.338414,1.091227,0,37.482437,0.499861,19.987793
8.955000,37.068750,1.409843,3.338414,1.081417,0,37.485775,0.500948,19.987793
8.956000,37.072088,1.410919,3.338414,1.071607,0,37.489114,0.502024,19.987793
8.957000,37.075427,1.411986,3.338414,1.061797,0,37.492452,0.503091,19.987793
8.958000,37.078765,1.413043,3.338414,1.051987,0,37.495791,0.504148,19.987793
8.959000,37.082104,1.414090,3.338414,1.042177,0,37.499129,0.505195,19.987793
8.960000,37.085442,1.415127,3.338414,1.032367,0,37.502467,0.506232,19.987793
8.961000,37.088780,1.416155,3.338414,1.022557,0,37.505806,0.507260,19.987793
8.962000,37.092119,1.417172,3.338414,1.012747,0,37.509144,0.508277,19.987793
8.963000,37.095457,1.418180,3.338414,1.002937,0,37.512483,0.509285,19.987793
8.964000,37.098796,1.419178,3.338414,0.993127,0,37.515821,0.510283,19.987793
8.965000,37.102134,1.420166,3.338414,0.983317,0,37.519159,0.511271,19.987793
8.966000,37.105473,1.421145,3.338414,0.973507,0,37.522498,0.512250,19.987793
8.967000,37.108811,1.422113,3.338414,0.963697,0,37.525836,0.513218,19.987793
8.968000,37.112149,1.423072,3.338414,0.953887,0,37.529175,0.514177,19.987793
8.969000,37.115488,1.424021,3.338414,0.944077,0,37.532513,0.515126,19.987793
8.970000,37.118826,1.424960,3.338414,0.934267,0,37.535852,0.516065,19.987793
8.971000,37.122165,1.425890,3.338414,0.924457,0,37.539190,0.516995,19.987793
8.972000,37.125503,1.426809,3.338414,0.914647,0,37.542528,0.517914,19.987793
8.973000,37.128841,1.427719,3.338414,0.904837,0,37.545867,0.518824,19.987793
8.974000,37.132180,1.428619,3.338414,0.895027,0,37.549205,0.519724,19.987793
8.975000,37.135518,1.429509,3.338414,0.885217,0,37.552544,0.520614,19.987793
8.976000,37.138857,1.430389,3.338414,0.875407,0,37.555882,0.521494,19.987793
8.977000,37.142195,1.431260,3.338414,0.865597,0,37.559220,0.522365,19.987793
8.978000,37.145534,1.432120,3.338414,0.855787,0,37.562559,0.523226,19.987793
8.979000,37.148872,1.432971,3.338414,0.845977,0,37.565897,0.524077,19.987793
8.980000,37.152210,1.433812,3.338414,0.836167,0,37.569236,0.524918,19.987793
8.981000,37.155549,1.434644,3.338414,0.826357,0,37.572574,0.525749,19.987793
8.982000,37.158887,1.435465,3.338414,0.816547,0,37.575913,0.526570,19.987793
8.983000,37.162226,1.436277,3.338414,0.806737,0,37.579251,0.527382,19.987793
8.984000,37.165564,1.437079,3.338414,0.796927,0,37.582589,0.528184,19.987793
8.985000,37.168902,1.437871,3.338414,0.787117,0,37.585928,0.528976,19.987793
8.986000,37.172241,1.438653,3.338414,0.777307,0,37.589266,0.529758,19.987793
8.987000,37.175579,1.439425,3.338414,0.767497,0,37.592605,0.530530,19.987793
8.988000,37.178918,1.440188,3.338414,0.757687,0,37.595943,0.531293,19.987793
8.989000,37.182256,1.440941,3.338414,0.747877,0,37.599281,0.532046,19.987793
8.990000,37.185594,1.441684,3.338414,0.738067,0,37.602620,0.532789,19.987793
8.991000,37.188933,1.442417,3.338414,0.728257,0,37.605958,0.533522,19.987793
8.992000,37.192271,1.443140,3.338414,0.718447,0,37.609297,0.534245,19.987793
8.993000,37.195610,1.443854,3.338414,0.708637,0,37.612635,0.534959,19.987793
8.994000,37.198948,1.444557,3.338414,0.698827,0,37.615973,0.535663,19.987793
8.995000,37.202287,1.445251,3.338414,0.689017,0,37.619312,0.536356,19.987793
8.996000,37.205625,1.445935,3.338414,0.679207,0,37.622650,0.537041,19.987793
8.997000,37.208963,1.446610,3.338414,0.669397,0,37.625989,0.537715,19.987793
8.998000,37.212302,1.447274,3.338414,0.659587,0,37.629327,0.538379,19.987793
8.999000,37.215640,1.447929,3.338414,0.649777,0,37.632666,0.539034,19.987793
9.000000,37.218979,1.448574,3.338414,0.639967,0,37.636004,0.539679,19.987793
9.001000,37.222317,1.449209,3.338414,0.630157,0,37.639342,0.540314,19.987793
9.002000,37.225655,1.449834,3.338414,0.620347,0,37.642681,0.540939,19.987793
9.003000,37.228994,1.450450,3.338414,0.610537,0,37.646019,0.541555,19.987793
9.004000,37.232332,1.451055,3.338414,0.600727,0,37.649358,0.542160,19.987793
9.005000,37.235671,1.451651,3.338414,0.590917,0,37.652696,0.542756,19.987793
9.006000,37.239009,1.452237,3.338414,0.581107,0,37.656034,0.543342,19.987793
9.007000,37.242348,1.452813,3.338414,0.571297,0,37.659373,0.543918,19.987793
9.008000,37.245686,1.453380,3.338414,0.561487,0,37.662711,0.544485,19.987793
9.009000,37.249024,1.453936,3.338414,0.551677,0,37.666050,0.545041,19.987793
9.010000,37.252363,1.454483,3.338414,0.541867,0,37.669388,0.545588,19.987793
9.011000,37.255701,1.455020,3.338414,0.532057,0,37.672727,0.546125,19.987793
9.012000,37.259040,1.455547,3.338414,0.522247,0,37.676065,0.546652,19.987793
9.013000,37.262378,1.456064,3.338414,0.512437,0,37.679403,0.547170,19.987793
9.014000,37.265716,1.456572,3.338414,0.502627,0,37.682742,0.547677,19.987793
9.015000,37.269055,1.457070,3.338414,0.492817,0,37.686080,0.548175,19.987793
9.016000,37.272393,1.457558,3.338414,0.483007,0,37.689419,0.548663,19.987793
9.017000,37.275732,1.458036,3.338414,0.473197,0,37.692757,0.549141,19.987793
9.018000,37.279070,1.458504,3.338414,0.463387,0,37.696095,0.549609,19.987793
9.019000,37.282409,1.458962,3.338414,0.453577,0,37.699434,0.550068,19.987793
9.020000,37.285747,1.459411,3.338414,0.443767,0,37.702772,0.550516,19.987793
9.021000,37.289085,1.459850,3.338414,0.433957,0,37.706111,0.550955,19.987793
9.022000,37.292424,1.460279,3.338414,0.424147,0,37.709449,0.551384,19.987793
9.023000,37.295762,1.460698,3.338414,0.414337,0,37.712787,0.551803,19.987793
9.024000,37.299101,1.461108,3.338414,0.404527,0,37.716126,0.552213,19.987793
9.025000,37.302439,1.461507,3.338414,0.394717,0,37.719464,0.552612,19.987793
9.026000,37.305777,1.461897,3.338414,0.384907,0,37.722803,0.553002,19.987793
9.027000,37.309116,1.462277,3.338414,0.375097,0,37.726141,0.553382,19.987793
9.028000,37.312454,1.462647,3.338414,0.365287,0,37.729480,0.553752,19.987793
9.029000,37.315793,1.463008,3.338414,0.355477,0,37.732818,0.554113,19.987793
9.030000,37.319131,1.463358,3.338414,0.345667,0,37.736156,0.554463,19.987793
9.031000,37.322469,1.463699,3.338414,0.335857,0,37.739495,0.554804,19.987793
9.032000,37.325808,1.464030,3.338414,0.326047,0,37.742833,0.555135,19.987793
9.033000,37.329146,1.464351,3.338414,0.316237,0,37.746172,0.555456,19.987793
9.034000,37.332485,1.464663,3.338414,0.306427,0,37.749510,0.555768,19.987793
9.035000,37.335823,1.464964,3.338414,0.296617,0,37.752848,0.556069,19.987793
9.036000,37.339162,1.465256,3.338414,0.286807,0,37.756187,0.556361,19.987793
9.037000,37.342500,1.465538,3.338414,0.276997,0,37.759525,0.556643,19.987793
9.038000,37.345838,1.465810,3.338414,0.267187,0,37.762864,0.556915,19.987793
9.039000,37.349177,1.466072,3.338414,0.257377,0,37.766202,0.557177,19.987793
9.040000,37.352515,1.466324,3.338414,0.247567,0,37.769541,0.557430,19.987793
9.041000,37.355854,1.466567,3.338414,0.237757,0,37.772879,0.557672,19.987793
9.042000,37.359192,1.466800,3.338414,0.227947,0,37.776217,0.557905,19.987793
9.043000,37.362530,1.467023,3.338414,0.218137,0,37.779556,0.558128,19.987793
9.044000,37.365869,1.467236,3.338414,0.208327,0,37.782894,0.558341,19.987793
9.045000,37.369207,1.467440,3.338414,0.198517,0,37.786233,0.558545,19.987793
9.046000,37.372546,1.467633,3.338414,0.188707,0,37.789571,0.558738,19.987793
9.047000,37.375884,1.467817,3.338414,0.178897,0,37.792909,0.558922,19.987793
9.048000,37.379223,1.467991,3.338414,0.169087,0,37.796248,0.559096,19.987793
9.049000,37.382561,1.468155,3.338414,0.159277,0,37.799586,0.559260,19.987793
9.050000,37.385899,1.468310,3.338414,0.149467,0,37.802925,0.559415,19.987793
9.051000,37.389238,1.468454,3.338414,0.139657,0,37.806263,0.559559,19.987793
9.052000,37.392576,1.468589,3.338414,0.129847,0,37.809602,0.559694,19.987793
9.053000,37.395915,1.468714,3.338414,0.120037,0,37.812940,0.559819,19.987793
9.054000,37.399253,1.468829,3.338414,0.110227,0,37.816278,0.559934,19.987793
9.055000,37.402591,1.468934,3.338414,0.100417,0,37.819617,0.560040,19.987793
9.056000,37.405930,1.469030,3.338414,0.090607,0,37.822955,0.560135,19.987793
9.057000,37.409268,1.469116,3.338414,0.080797,0,37.826294,0.560221,19.987793
9.058000,37.412607,1.469191,3.338414,0.070987,0,37.829632,0.560297,19.987793
9.059000,37.415945,1.469258,3.338414,0.061177,0,37.832970,0.560363,19.987793
9.060000,37.419284,1.469314,3.338414,0.051367,0,37.836309,0.560419,19.987793
9.061000,37.422622,1.469360,3.338414,0.041557,0,37.839647,0.560465,19.987793
9.062000,37.425960,1.469397,3.338414,0.031747,0,37.842986,0.560502,19.987793
9.063000,37.429299,1.469424,3.338414,0.021937,0,37.846324,0.560529,19.987793
9.064000,37.432637,1.469441,3.338414,0.012127,0,37.849662,0.560546,19.987793
9.065000,37.435976,1.469448,3.338414,0.002317,0,37.853001,0.560553,19.987793
9.066000,37.439314,1.469445,3.338414,-0.007493,0,37.856339,0.560551,19.987793
9.067000,37.442652,1.469433,3.338414,-0.017303,0,37.859678,0.560538,19.987793
9.068000,37.445991,1.469411,3.338414,-0.027113,0,37.863016,0.560516,19.987793
9.069000,37.449329,1.469379,3.338414,-0.036923,0,37.866355,0.560484,19.987793
9.070000,37.452668,1.469337,3.338414,-0.046733,0,37.869693,0.560442,19.987793
9.071000,37.456006,1.469285,3.338414,-0.056543,0,37.873031,0.560391,19.987793
9.072000,37.459344,1.469224,3.338414,-0.066353,0,37.876370,0.560329,19.987793
9.073000,37.462683,1.469153,3.338414,-0.076163,0,37.879708,0.560258,19.987793
9.074000,37.466021,1.469072,3.338414,-0.085973,0,37.883047,0.560177,19.987793
9.075000,37.469360,1.468981,3.338414,-0.095783,0,37.886385,0.560086,19.987793
9.076000,37.472698,1.468880,3.338414,-0.105593,0,37.889723,0.559985,19.987793
9.077000,37.476037,1.468770,3.338414,-0.115403,0,37.893062,0.559875,19.987793
9.078000,37.479375,1.468649,3.338414,-0.125213,0,37.896400,0.559754,19.987793
9.079000,37.482713,1.468519,3.338414,-0.135023,0,37.899739,0.559624,19.987793
9.080000,37.486052,1.468379,3.338414,-0.144833,0,37.903077,0.559484,19.987793
9.081000,37.489390,1.468229,3.338414,-0.154643,0,37.906416,0.559335,19.987793
9.082000,37.492729,1.468070,3.338414,-0.164453,0,37.909754,0.559175,19.987793
9.083000,37.496067,1.467901,3.338414,-0.174263,0,37.913092,0.559006,19.987793
9.084000,37.499405,1.467721,3.338414,-0.184073,0,37.916431,0.558827,19.987793
9.085000,37.502744,1.467532,3.338414,-0.193883,0,37.919769,0.558638,19.987793
9.086000,37.506082,1.467334,3.338414,-0.203693,0,37.923108,0.558439,19.987793
9.087000,37.509421,1.467125,3.338414,-0.213503,0,37.926446,0.558230,19.987793
9.088000,37.512759,1.466907,3.338414,-0.223313,0,37.929784,0.558012,19.987793
9.089000,37.516098,1.466678,3.338414,-0.233123,0,37.933123,0.557784,19.987793
9.090000,37.519436,1.466440,3.338414,-0.242933,0,37.936461,0.557545,19.987793
9.091000,37.522774,1.466193,3.338414,-0.252743,0,37.939800,0.557298,19.987793
9.092000,37.526113,1.465935,3.338414,-0.262553,0,37.943138,0.557040,19.987793
9.093000,37.529451,1.465667,3.338414,-0.272363,0,37.946476,0.556773,19.987793
9.094000,37.532790,1.465390,3.338414,-0.282173,0,37.949815,0.556495,19.987793
9.095000,37.536128,1.465103,3.338414,-0.291983,0,37.953153,0.556208,19.987793
9.096000,37.539466,1.464806,3.338414,-0.301793,0,37.956492,0.555911,19.987793
9.097000,37.542805,1.464499,3.338414,-0.311603,0,37.959830,0.555605,19.987793
9.098000,37.546143,1.464183,3.338414,-0.321413,0,37.963169,0.555288,19.987793
9.099000,37.549482,1.463857,3.338414,-0.331223,0,37.966507,0.554962,19.987793
9.100000,37.552820,1.463521,3.338414,-0.341033,0,37.969845,0.554626,19.987793
9.101000,37.556158,1.463175,3.338414,-0.350843,0,37.973184,0.554280,19.987793
9.102000,37.559497,1.462819,3.338414,-0.360653,0,37.976522,0.553924,19.987793
9.103000,37.562835,1.462453,3.338414,-0.370463,0,37.979861,0.553558,19.987793
9.104000,37.566174,1.462078,3.338414,-0.380273,0,37.983199,0.553183,19.987793
9.105000,37.569512,1.461693,3.338414,-0.390083,0,37.986537,0.552798,19.987793
9.106000,37.572851,1.461298,3.338414,-0.399893,0,37.989876,0.552403,19.987793
9.107000,37.576189,1.460893,3.338414,-0.409703,0,37.993214,0.551998,19.987793
9.108000,37.579527,1.460478,3.338414,-0.419513,0,37.996553,0.551583,19.987793
9.109000,37.582866,1.460054,3.338414,-0.429323,0,37.999891,0.551159,19.987793
9.110000,37.586204,1.459620,3.338414,-0.439133,0,38.003230,0.550725,19.987793
9.111000,37.589543,1.459176,3.338414,-0.448943,0,38.006568,0.550281,19.987793
9.112000,37.592881,1.458722,3.338414,-0.458753,0,38.009906,0.549827,19.987793
9.113000,37.596219,1.458258,3.338414,-0.468563,0,38.013245,0.549363,19.987793
9.114000,37.599558,1.457785,3.338414,-0.478373,0,38.016583,0.548890,19.987793
9.115000,37.602896,1.457301,3.338414,-0.488183,0,38.019922,0.548407,19.987793
9.116000,37.606235,1.456808,3.338414,-0.497993,0,38.023260,0.547913,19.987793
9.117000,37.609573,1.456305,3.338414,-0.507803,0,38.026598,0.547411,19.987793
9.118000,37.612912,1.455793,3.338414,-0.517613,0,38.029937,0.546898,19.987793
9.119000,37.616250,1.455270,3.338414,-0.527423,0,38.033275,0.546375,19.987793
9.120000,37.619588,1.454738,3.338414,-0.537233,0,38.036614,0.545843,19.987793
9.121000,37.622927,1.454196,3.338414,-0.547043,0,38.039952,0.545301,19.987793
9.122000,37.626265,1.453644,3.338414,-0.556853,0,38.043291,0.544749,19.987793
9.123000,37.629604,1.453082,3.338414,-0.566663,0,38.046629,0.544187,19.987793
9.124000,37.632942,1.452510,3.338414,-0.576473,0,38.049967,0.543616,19.987793
9.125000,37.636280,1.451929,3.338414,-0.586283,0,38.053306,0.543034,19.987793
9.126000,37.639619,1.451338,3.338414,-0.596093,0,38.056644,0.542443,19.987793
9.127000,37.642957,1.450737,3.338414,-0.605903,0,38.059983,0.541842,19.987793
9.128000,37.646296,1.450126,3.338414,-0.615713,0,38.063321,0.541231,19.987793
9.129000,37.649634,1.449505,3.338414,-0.625523,0,38.066659,0.540611,19.987793
9.130000,37.652973,1.448875,3.338414,-0.635333,0,38.069998,0.539980,19.987793
9.131000,37.656311,1.448235,3.338414,-0.645143,0,38.073336,0.539340,19.987793
9.132000,37.659649,1.447585,3.338414,-0.654953,0,38.076675,0.538690,19.987793
9.133000,37.662988,1.446925,3.338414,-0.664763,0,38.080013,0.538030,19.987793
9.134000,37.666326,1.446255,3.338414,-0.674573,0,38.083351,0.537360,19.987793
9.135000,37.669665,1.445576,3.338414,-0.684383,0,38.086690,0.536681,19.987793
9.136000,37.673003,1.444886,3.338414,-0.694193,0,38.090028,0.535992,19.987793
9.137000,37.676341,1.444187,3.338414,-0.704003,0,38.093367,0.535293,19.987793
9.138000,37.679680,1.443478,3.338414,-0.713813,0,38.096705,0.534584,19.987793
9.139000,37.683018,1.442760,3.338414,-0.723623,0,38.100044,0.533865,19.987793
9.140000,37.686357,1.442031,3.338414,-0.733433,0,38.103382,0.533136,19.987793
9.141000,37.689695,1.441293,3.338414,-0.743243,0,38.106720,0.532398,19.987793
9.142000,37.693033,1.440545,3.338414,-0.753053,0,38.110059,0.531650,19.987793
9.143000,37.696372,1.439787,3.338414,-0.762863,0,38.113397,0.530892,19.987793
9.144000,37.699710,1.439019,3.338414,-0.772673,0,38.116736,0.530124,19.987793
9.145000,37.703049,1.438241,3.338414,-0.782483,0,38.120074,0.529347,19.987793
9.146000,37.706387,1.437454,3.338414,-0.792293,0,38.123412,0.528559,19.987793
9.147000,37.709726,1.436657,3.338414,-0.802103,0,38.126751,0.527762,19.987793
9.148000,37.713064,1.435850,3.338414,-0.811913,0,38.130089,0.526955,19.987793
9.149000,37.716402,1.435033,3.338414,-0.821723,0,38.133428,0.526138,19.987793
9.150000,37.719741,1.434206,3.338414,-0.831533,0,38.136766,0.525312,19.987793
9.151000,37.723079,1.433370,3.338414,-0.841343,0,38.140105,0.524475,19.987793
9.152000,37.726418,1.432524,3.338414,-0.851153,0,38.143443,0.523629,19.987793
9.153000,37.729756,1.431668,3.338414,-0.860963,0,38.146781,0.522773,19.987793
9.154000,37.733094,1.430802,3.338414,-0.870773,0,38.150120,0.521907,19.987793
9.155000,37.736433,1.429926,3.338414,-0.880583,0,38.153458,0.521031,19.987793
9.156000,37.739771,1.429041,3.338414,-0.890393,0,38.156797,0.520146,19.987793
9.157000,37.743110,1.428145,3.338414,-0.900203,0,38.160135,0.519250,19.987793
9.158000,37.746448,1.427240,3.338414,-0.910013,0,38.163473,0.518345,19.987793
9.159000,37.749787,1.426325,3.338414,-0.919823,0,38.166812,0.517430,19.987793
9.160000,37.753125,1.425401,3.338414,-0.929633,0,38.170150,0.516506,19.987793
9.161000,37.756463,1.424466,3.338414,-0.939443,0,38.173489,0.515571,19.987793
9.162000,37.759802,1.423522,3.338414,-0.949253,0,38.176827,0.514627,19.987793
9.163000,37.763140,1.422568,3.338414,-0.959063,0,38.180166,0.513673,19.987793
9.164000,37.766479,1.421604,3.338414,-0.968873,0,38.183504,0.512709,19.987793
9.165000,37.769817,1.420630,3.338414,-0.978683,0,38.186842,0.511735,19.987793
9.166000,37.773155,1.419646,3.338414,-0.988493,0,38.190181,0.510751,19.987793
9.167000,37.776494,1.418653,3.338414,-0.998303,0,38.193519,0.509758,19.987793
9.168000,37.779832,1.417650,3.338414,-1.008113,0,38.196858,0.508755,19.987793
9.169000,37.783171,1.416637,3.338414,-1.017923,0,38.200196,0.507742,19.987793
9.170000,37.786509,1.415614,3.338414,-1.027733,0,38.203534,0.506719,19.987793
9.171000,37.789847,1.414581,3.338414,-1.037543,0,38.206873,0.505686,19.987793
9.172000,37.793186,1.413539,3.338414,-1.047353,0,38.210211,0.504644,19.987793
9.173000,37.796524,1.412486,3.338414,-1.057163,0,38.213550,0.503592,19.987793
9.174000,37.799863,1.411424,3.338414,-1.066973,0,38.216888,0.502529,19.987793
9.175000,37.803201,1.410352,3.338414,-1.076783,0,38.220226,0.501458,19.987793
9.176000,37.806540,1.409271,3.338414,-1.086593,0,38.223565,0.500376,19.987793
9.177000,37.809878,1.408179,3.338414,-1.096403,0,38.226903,0.499284,19.987793
9.178000,37.813216,1.407078,3.338414,-1.106213,0,38.230242,0.498183,19.987793
9.179000,37.816555,1.405967,3.338414,-1.116023,0,38.233580,0.497072,19.987793
9.180000,37.819893,1.404846,3.338414,-1.125833,0,38.236919,0.495951,19.987793
9.181000,37.823232,1.403715,3.338414,-1.135643,0,38.240257,0.494820,19.987793
9.182000,37.826570,1.402575,3.338414,-1.145453,0,38.243595,0.493680,19.987793
9.183000,37.829908,1.401424,3.338414,-1.155263,0,38.246934,0.492529,19.987793
9.184000,37.833247,1.400264,3.338414,-1.165073,0,38.250272,0.491369,19.987793
9.185000,37.836585,1.399094,3.338414,-1.174883,0,38.253611,0.490199,19.987793
9.186000,37.839924,1.397914,3.338414,-1.184693,0,38.256949,0.489019,19.987793
9.187000,37.843262,1.396725,3.338414,-1.194503,0,38.260287,0.487830,19.987793
9.188000,37.846601,1.395525,3.338414,-1.204313,0,38.263626,0.486630,19.987793
9.189000,37.849939,1.394316,3.338414,-1.214123,0,38.266964,0.485421,19.987793
9.190000,37.853277,1.393097,3.338414,-1.223933,0,38.270303,0.484202,19.987793
9.191000,37.856616,1.391868,3.338414,-1.233743,0,38.273641,0.482973,19.987793
9.192000,37.859954,1.390630,3.338414,-1.243553,0,38.276980,0.481735,19.987793
9.193000,37.863293,1.389381,3.338414,-1.253363,0,38.280318,0.480486,19.987793
9.194000,37.866631,1.388123,3.338414,-1.263173,0,38.283656,0.479228,19.987793
9.195000,37.869969,1.386855,3.338414,-1.272983,0,38.286995,0.477960,19.987793
9.196000,37.873308,1.385577,3.338414,-1.282793,0,38.290333,0.476682,19.987793
9.197000,37.876646,1.384289,3.338414,-1.292603,0,38.293672,0.475394,19.987793
9.198000,37.879985,1.382992,3.338414,-1.302413,0,38.297010,0.474097,19.987793
9.199000,37.883323,1.381684,3.338414,-1.312223,0,38.300348,0.472790,19.987793
9.200000,37.886662,1.380367,3.338414,-1.322033,0,38.303687,0.471472,19.987793
9.201000,37.890000,1.379040,3.338414,-1.331843,0,38.307025,0.470145,19.987793
9.202000,37.893338,1.377704,3.338414,-1.341653,0,38.310364,0.468809,19.987793
9.203000,37.896677,1.376357,3.338414,-1.351463,0,38.313702,0.467462,19.987793
9.204000,37.900015,1.375001,3.338414,-1.361273,0,38.317040,0.466106,19.987793
9.205000,37.903354,1.373634,3.338414,-1.371083,0,38.320379,0.464740,19.987793
9.206000,37.906692,1.372258,3.338414,-1.380893,0,38.323717,0.463364,19.987793
9.207000,37.910030,1.370873,3.338414,-1.390703,0,38.327056,0.461978,19.987793
9.208000,37.913369,1.369477,3.338414,-1.400513,0,38.330394,0.460582,19.987793
9.209000,37.916707,1.368072,3.338414,-1.410323,0,38.333733,0.459177,19.987793
9.210000,37.920046,1.366656,3.338414,-1.420133,0,38.337071,0.457762,19.987793
9.211000,37.923384,1.365231,3.338414,-1.429943,0,38.340409,0.456337,19.987793
9.212000,37.926722,1.363797,3.338414,-1.439753,0,38.343748,0.454902,19.987793
9.213000,37.930061,1.362352,3.338414,-1.449563,0,38.347086,0.453457,19.987793
9.214000,37.933399,1.360897,3.338414,-1.459373,0,38.350425,0.452003,19.987793
9.215000,37.936738,1.359433,3.338414,-1.469183,0,38.353763,0.450538,19.987793
9.216000,37.940076,1.357959,3.338414,-1.478993,0,38.357101,0.449064,19.987793
9.217000,37.943415,1.356475,3.338414,-1.488803,0,38.360440,0.447580,19.987793
9.218000,37.946753,1.354981,3.338414,-1.498613,0,38.363778,0.446087,19.987793
9.219000,37.950091,1.353478,3.338414,-1.508423,0,38.367117,0.444583,19.987793
9.220000,37.953430,1.351965,3.338414,-1.518233,0,38.370455,0.443070,19.987793
9.221000,37.956768,1.350441,3.338414,-1.528043,0,38.373794,0.441547,19.987793
9.222000,37.960107,1.348909,3.338414,-1.537853,0,38.377132,0.440014,19.987793
9.223000,37.963445,1.347366,3.338414,-1.547663,0,38.380470,0.438471,19.987793
9.224000,37.966783,1.345813,3.338414,-1.557473,0,38.383809,0.436918,19.987793
9.225000,37.970122,1.344251,3.338414,-1.567283,0,38.387147,0.435356,19.987793
9.226000,37.973460,1.342679,3.338414,-1.577093,0,38.390486,0.433784,19.987793
9.227000,37.976799,1.341097,3.338414,-1.586903,0,38.393824,0.432202,19.987793
9.228000,37.980137,1.339505,3.338414,-1.596713,0,38.397162,0.430610,19.987793
9.229000,37.983476,1.337903,3.338414,-1.606523,0,38.400501,0.429008,19.987793
9.230000,37.986814,1.336292,3.338414,-1.616333,0,38.403839,0.427397,19.987793
9.231000,37.990152,1.334671,3.338414,-1.626143,0,38.407178,0.425776,19.987793
9.232000,37.993491,1.333040,3.338414,-1.635953,0,38.410516,0.424145,19.987793
9.233000,37.996829,1.331399,3.338414,-1.645763,0,38.413855,0.422504,19.987793
9.234000,38.000168,1.329748,3.338414,-1.655573,0,38.417193,0.420853,19.987793
9.235000,38.003506,1.328088,3.338414,-1.665383,0,38.420531,0.419193,19.987793
9.236000,38.006844,1.326417,3.338414,-1.675193,0,38.423870,0.417522,19.987793
9.237000,38.010183,1.324737,3.338414,-1.685003,0,38.427208,0.415842,19.987793
9.238000,38.013521,1.323047,3.338414,-1.694813,0,38.430547,0.414152,19.987793
9.239000,38.016860,1.321347,3.338414,-1.704623,0,38.433885,0.412453,19.987793
9.240000,38.020198,1.319638,3.338414,-1.714433,0,38.437223,0.410743,19.987793
9.241000,38.023537,1.317919,3.338414,-1.724243,0,38.440562,0.409024,19.987793
9.242000,38.026875,1.316189,3.338414,-1.734053,0,38.443900,0.407295,19.987793
9.243000,38.030213,1.314451,3.338414,-1.743863,0,38.447239,0.405556,19.987793
9.244000,38.033552,1.312702,3.338414,-1.753673,0,38.450577,0.403807,19.987793
9.245000,38.036890,1.310943,3.338414,-1.763483,0,38.453915,0.402048,19.987793
9.246000,38.040229,1.309175,3.338414,-1.773293,0,38.457254,0.400280,19.987793
9.247000,38.043567,1.307397,3.338414,-1.783103,0,38.460592,0.398502,19.987793
9.248000,38.046905,1.305609,3.338414,-1.792913,0,38.463931,0.396714,19.987793
9.249000,38.050244,1.303811,3.338414,-1.802723,0,38.467269,0.394916,19.987793
9.250000,38.053582,1.302003,3.338414,-1.812533,0,38.470608,0.393108,19.987793
9.251000,38.056921,1.300186,3.338414,-1.822343,0,38.473946,0.391291,19.987793
9.252000,38.060259,1.298358,3.338414,-1.832153,0,38.477284,0.389464,19.987793
9.253000,38.063597,1.296521,3.338414,-1.841963,0,38.480623,0.387627,19.987793
9.254000,38.066936,1.294675,3.338414,-1.851773,0,38.483961,0.385780,19.987793
9.255000,38.070274,1.292818,3.338414,-1.861583,0,38.487300,0.383923,19.987793
9.256000,38.073613,1.290951,3.338414,-1.871393,0,38.490638,0.382056,19.987793
9.257000,38.076951,1.289075,3.338414,-1.881203,0,38.493976,0.380180,19.987793
9.258000,38.080290,1.287189,3.338414,-1.891013,0,38.497315,0.378294,19.987793
9.259000,38.083628,1.285293,3.338414,-1.900823,0,38.500653,0.376398,19.987793
9.260000,38.086966,1.283387,3.338414,-1.910633,0,38.503992,0.374492,19.987793
9.261000,38.090305,1.281472,3.338414,-1.920443,0,38.507330,0.372577,19.987793
9.262000,38.093643,1.279546,3.338414,-1.930253,0,38.510669,0.370652,19.987793
9.263000,38.096982,1.277611,3.338414,-1.940063,0,38.514007,0.368716,19.987793
9.264000,38.100320,1.275666,3.338414,-1.949873,0,38.517345,0.366771,19.987793
9.265000,38.103658,1.273712,3.338414,-1.959683,0,38.520684,0.364817,19.987793
9.266000,38.106997,1.271747,3.338414,-1.969493,0,38.524022,0.362852,19.987793
9.267000,38.110335,1.269773,3.338414,-1.979303,0,38.527361,0.360878,19.987793
9.268000,38.113674,1.267788,3.338414,-1.989113,0,38.530699,0.358893,19.987793
9.269000,38.117012,1.265794,3.338414,-1.998923,0,38.534037,0.356899,19.987793
9.270000,38.120351,1.263790,3.338414,-2.008733,0,38.537376,0.354896,19.987793
9.271000,38.123689,1.261777,3.338414,-2.018543,0,38.540714,0.352882,19.987793
9.272000,38.127027,1.259753,3.338414,-2.028353,0,38.544053,0.350859,19.987793
9.273000,38.130366,1.257720,3.338414,-2.038163,0,38.547391,0.348825,19.987793
9.274000,38.133704,1.255677,3.338414,-2.047973,0,38.550729,0.346782,19.987793
9.275000,38.137043,1.253624,3.338414,-2.057783,0,38.554068,0.344729,19.987793
9.276000,38.140381,1.251562,3.338414,-2.067593,0,38.557406,0.342667,19.987793
9.277000,38.143719,1.249489,3.338414,-2.077403,0,38.560745,0.340594,19.987793
9.278000,38.147058,1.247407,3.338414,-2.087213,0,38.564083,0.338512,19.987793
9.279000,38.150396,1.245315,3.338414,-2.097023,0,38.567422,0.336420,19.987793
9.280000,38.153735,1.243213,3.338414,-2.106833,0,38.570760,0.334318,19.987793
9.281000,38.157073,1.241101,3.338414,-2.116643,0,38.574098,0.332206,19.987793
9.282000,38.160411,1.238979,3.338414,-2.126453,0,38.577437,0.330085,19.987793
9.283000,38.163750,1.236848,3.338414,-2.136263,0,38.580775,0.327953,19.987793
9.284000,38.167088,1.234707,3.338414,-2.146073,0,38.584114,0.325812,19.987793
9.285000,38.170427,1.232556,3.338414,-2.155883,0,38.587452,0.323661,19.987793
9.286000,38.173765,1.230395,3.338414,-2.165693,0,38.590790,0.321500,19.987793
9.287000,38.177104,1.228224,3.338414,-2.175503,0,38.594129,0.319330,19.987793
9.288000,38.180442,1.226044,3.338414,-2.185313,0,38.597467,0.317149,19.987793
9.289000,38.183780,1.223854,3.338414,-2.195123,0,38.600806,0.314959,19.987793
9.290000,38.187119,1.221654,3.338414,-2.204933,0,38.604144,0.312759,19.987793
9.291000,38.190457,1.219444,3.338414,-2.214743,0,38.607483,0.310549,19.987793
9.292000,38.193796,1.217224,3.338414,-2.224553,0,38.610821,0.308329,19.987793
9.293000,38.197134,1.214995,3.338414,-2.234363,0,38.614159,0.306100,19.987793
9.294000,38.200472,1.212756,3.338414,-2.244173,0,38.617498,0.303861,19.987793
9.295000,38.203811,1.210507,3.338414,-2.253983,0,38.620836,0.301612,19.987793
9.296000,38.207149,1.208248,3.338414,-2.263793,0,38.624175,0.299353,19.987793
9.297000,38.210488,1.205979,3.338414,-2.273603,0,38.627513,0.297084,19.987793
9.298000,38.213826,1.203700,3.338414,-2.283413,0,38.630851,0.294806,19.987793
9.299000,38.217165,1.201412,3.338414,-2.293223,0,38.634190,0.292517,19.987793
9.300000,38.220503,1.199114,3.338414,-2.303033,0,38.637528,0.290219,19.987793
9.301000,38.223841,1.196806,3.338414,-2.312843,0,38.640867,0.287911,19.987793
9.302000,38.227180,1.194488,3.338414,-2.322653,0,38.644205,0.285593,19.987793
9.303000,38.230518,1.192161,3.338414,-2.332463,0,38.647544,0.283266,19.987793
9.304000,38.233857,1.189823,3.338414,-2.342273,0,38.650882,0.280929,19.987793
9.305000,38.237195,1.187476,3.338414,-2.352083,0,38.654220,0.278581,19.987793
9.306000,38.240533,1.185119,3.338414,-2.361893,0,38.657559,0.276224,19.987793
9.307000,38.243872,1.182752,3.338414,-2.371703,0,38.660897,0.273858,19.987793
9.308000,38.247210,1.180376,3.338414,-2.381513,0,38.664236,0.271481,19.987793
9.309000,38.250549,1.177989,3.338414,-2.391323,0,38.667574,0.269095,19.987793
9.310000,38.253887,1.175593,3.338414,-2.401133,0,38.670912,0.266698,19.987793
9.311000,38.257226,1.173187,3.338414,-2.410943,0,38.674251,0.264292,19.987793
9.312000,38.260564,1.170771,3.338414,-2.420753,0,38.677589,0.261876,19.987793
9.313000,38.263902,1.168346,3.338414,-2.430563,0,38.680928,0.259451,19.987793
9.314000,38.267241,1.165910,3.338414,-2.440373,0,38.684266,0.257015,19.987793
9.315000,38.270579,1.163465,3.338414,-2.450183,0,38.687604,0.254570,19.987793
9.316000,38.273918,1.161010,3.338414,-2.459993,0,38.690943,0.252115,19.987793
9.317000,38.277256,1.158545,3.338414,-2.469803,0,38.694281,0.249650,19.987793
9.318000,38.280594,1.156070,3.338414,-2.479613,0,38.697620,0.247175,19.987793
9.319000,38.283933,1.153586,3.338414,-2.489423,0,38.700958,0.244691,19.987793
9.320000,38.287271,1.151091,3.338414,-2.499233,0,38.704297,0.242196,19.987793
9.321000,38.290610,1.148587,3.338414,-2.509043,0,38.707635,0.239692,19.987793
9.322000,38.293948,1.146073,3.338414,-2.518853,0,38.710973,0.237178,19.987793
9.323000,38.297286,1.143550,3.338414,-2.528663,0,38.714312,0.234655,19.987793
9.324000,38.300625,1.141016,3.338414,-2.538473,0,38.717650,0.232121,19.987793
9.325000,38.303963,1.138473,3.338414,-2.548283,0,38.720989,0.229578,19.987793
9.326000,38.307302,1.135919,3.338414,-2.558093,0,38.724327,0.227025,19.987793
9.327000,38.310640,1.133356,3.338414,-2.567903,0,38.727665,0.224462,19.987793
9.328000,38.313979,1.130784,3.338414,-2.577713,0,38.731004,0.221889,19.987793
9.329000,38.317317,1.128201,3.338414,-2.587523,0,38.734342,0.219306,19.987793
9.330000,38.320655,1.125609,3.338414,-2.597333,0,38.737681,0.216714,19.987793
9.331000,38.323994,1.123006,3.338414,-2.607143,0,38.741019,0.214111,19.987793
9.332000,38.327332,1.120394,3.338414,-2.616953,0,38.744358,0.211499,19.987793
9.333000,38.330671,1.117772,3.338414,-2.626763,0,38.747696,0.208878,19.987793
9.334000,38.334009,1.115141,3.338414,-2.636573,0,38.751034,0.206246,19.987793
9.335000,38.337347,1.112499,3.338414,-2.646383,0,38.754373,0.203604,19.987793
9.336000,38.340686,1.109848,3.338414,-2.656193,0,38.757711,0.200953,19.987793
9.337000,38.344024,1.107187,3.338414,-2.666003,0,38.761050,0.198292,19.987793
9.338000,38.347363,1.104516,3.338414,-2.675813,0,38.764388,0.195621,19.987793
9.339000,38.350701,1.101835,3.338414,-2.685623,0,38.767726,0.192940,19.987793
9.340000,38.354040,1.099145,3.338414,-2.695433,0,38.771065,0.190250,19.987793
9.341000,38.357378,1.096444,3.338414,-2.705243,0,38.774403,0.187549,19.987793
9.342000,38.360716,1.093734,3.338414,-2.715053,0,38.777742,0.184839,19.987793
9.343000,38.364055,1.091014,3.338414,-2.724863,0,38.781080,0.182119,19.987793
9.344000,38.367393,1.088284,3.338414,-2.734673,0,38.784418,0.179390,19.987793
9.345000,38.370732,1.085545,3.338414,-2.744483,0,38.787757,0.176650,19.987793
9.346000,38.374070,1.082796,3.338414,-2.754293,0,38.791095,0.173901,19.987793
9.347000,38.377408,1.080036,3.338414,-2.764103,0,38.794434,0.171141,19.987793
9.348000,38.380747,1.077267,3.338414,-2.773913,0,38.797772,0.168372,19.987793
9.349000,38.384085,1.074489,3.338414,-2.783723,0,38.801111,0.165594,19.987793
9.350000,38.387424,1.071700,3.338414,-2.793533,0,38.804449,0.162805,19.987793
9.351000,38.390762,1.068901,3.338414,-2.803343,0,38.807787,0.160007,19.987793
9.352000,38.394100,1.066093,3.338414,-2.813153,0,38.811126,0.157198,19.987793
9.353000,38.397439,1.063275,3.338414,-2.822963,0,38.814464,0.154380,19.987793
9.354000,38.400777,1.060447,3.338414,-2.832773,0,38.817803,0.151552,19.987793
9.355000,38.404116,1.057610,3.338414,-2.842583,0,38.821141,0.148715,19.987793
9.356000,38.407454,1.054762,3.338414,-2.852393,0,38.824479,0.145867,19.987793
9.357000,38.410793,1.051905,3.338414,-2.862203,0,38.827818,0.143010,19.987793
9.358000,38.414131,1.049038,3.338414,-2.872013,0,38.831156,0.140143,19.987793
9.359000,38.417469,1.046161,3.338414,-2.881823,0,38.834495,0.137266,19.987793
9.360000,38.420808,1.043274,3.338414,-2.891633,0,38.837833,0.134379,19.987793
9.361000,38.424146,1.040378,3.338414,-2.901443,0,38.841172,0.131483,19.987793
9.362000,38.427485,1.037471,3.338414,-2.911253,0,38.844510,0.128576,19.987793
9.363000,38.430823,1.034555,3.338414,-2.921063,0,38.847848,0.125660,19.987793
9.364000,38.434161,1.031629,3.338414,-2.930873,0,38.851187,0.122734,19.987793
9.365000,38.437500,1.028693,3.338414,-2.940683,0,38.854525,0.119798,19.987793
9.366000,38.440838,1.025748,3.338414,-2.950493,0,38.857864,0.116853,19.987793
9.367000,38.444177,1.022792,3.338414,-2.960303,0,38.861202,0.113897,19.987793
9.368000,38.447515,1.019827,3.338414,-2.970113,0,38.864540,0.110932,19.987793
9.369000,38.450854,1.016852,3.338414,-2.979923,0,38.867879,0.107957,19.987793
9.370000,38.454192,1.013867,3.338414,-2.989733,0,38.871217,0.104972,19.987793
9.371000,38.457530,1.010873,3.338414,-2.999543,0,38.874556,0.101978,19.987793
9.372000,38.460869,1.007868,3.338414,-3.009353,0,38.877894,0.098973,19.987793
9.373000,38.464207,1.004854,3.338414,-3.019163,0,38.881233,0.095959,19.987793
9.374000,38.467546,1.001830,3.338414,-3.028973,0,38.884571,0.092935,19.987793
9.375000,38.470884,0.998796,3.338414,-3.038783,0,38.887909,0.089901,19.987793
9.376000,38.474222,0.995752,3.338414,-3.048593,0,38.891248,0.086857,19.987793
9.377000,38.477561,0.992699,3.338414,-3.058403,0,38.894586,0.083804,19.987793
9.378000,38.480899,0.989635,3.338414,-3.068213,0,38.897925,0.080741,19.987793
9.379000,38.484238,0.986562,3.338414,-3.078023,0,38.901263,0.077667,19.987793
9.380000,38.487576,0.983479,3.338414,-3.087833,0,38.904601,0.074585,19.987793
9.381000,38.490915,0.980387,3.338414,-3.097643,0,38.907940,0.071492,19.987793
9.382000,38.494253,0.977284,3.338414,-3.107453,0,38.911278,0.068389,19.987793
9.383000,38.497591,0.974172,3.338414,-3.117263,0,38.914617,0.065277,19.987793
9.384000,38.500930,0.971050,3.338414,-3.127073,0,38.917955,0.062155,19.987793
9.385000,38.504268,0.967918,3.338414,-3.136883,0,38.921293,0.059023,19.987793
9.386000,38.507607,0.964776,3.338414,-3.146693,0,38.924632,0.055881,19.987793
9.387000,38.510945,0.961624,3.338414,-3.156503,0,38.927970,0.052729,19.987793
9.388000,38.514283,0.958463,3.338414,-3.166313,0,38.931309,0.049568,19.987793
9.389000,38.517622,0.955292,3.338414,-3.176123,0,38.934647,0.046397,19.987793
9.390000,38.520960,0.952111,3.338414,-3.185933,0,38.937986,0.043216,19.987793
9.391000,38.524299,0.948920,3.338414,-3.195743,0,38.941324,0.040025,19.987793
9.392000,38.527637,0.945719,3.338414,-3.205553,0,38.944662,0.036824,19.987793
9.393000,38.530975,0.942509,3.338414,-3.215363,0,38.948001,0.033614,19.987793
9.394000,38.534314,0.939288,3.338414,-3.225173,0,38.951339,0.030393,19.987793
9.395000,38.537652,0.936058,3.338414,-3.234983,0,38.954678,0.027163,19.987793
9.396000,38.540991,0.932818,3.338414,-3.244793,0,38.958016,0.023924,19.987793
9.397000,38.544329,0.929569,3.338414,-3.254603,0,38.961354,0.020674,19.987793
9.398000,38.547668,0.926309,3.338414,-3.264413,0,38.964693,0.017414,19.987793
9.399000,38.551006,0.923040,3.338414,-3.274223,0,38.968031,0.014145,19.987793
9.400000,38.554344,0.919761,3.338414,-3.284033,0,38.971370,0.010866,19.987793
9.401000,38.557683,0.916472,3.338414,-3.293843,0,38.974708,0.007577,19.987793
9.402000,38.561021,0.913173,3.338414,-3.303653,0,38.978047,0.004278,19.987793
9.403000,38.564360,0.909865,3.338414,-3.313463,0,38.981385,0.000970,19.987793
9.404000,38.567698,0.906546,3.338414,-3.323273,1,38.983646,0.000000,19.988461
9.405000,38.571036,0.903218,3.338016,-3.332211,1,38.983646,0.000000,19.988461
9.406000,38.574374,0.899882,3.337252,-3.340345,1,38.983646,0.000000,19.988461
9.407000,38.577711,0.896538,3.336125,-3.347673,1,38.983646,0.000000,19.988461
9.408000,38.581046,0.893187,3.334639,-3.354191,1,38.983646,0.000000,19.988461
9.409000,38.584380,0.889830,3.332794,-3.359900,1,38.983646,0.000000,19.988461
9.410000,38.587712,0.886467,3.330595,-3.364797,1,38.983646,0.000000,19.988461
9.411000,38.591041,0.883100,3.328043,-3.368880,1,38.983646,0.000000,19.988461
9.412000,38.594368,0.879730,3.325142,-3.372150,1,38.983646,0.000000,19.988461
9.413000,38.597691,0.876356,3.321895,-3.374604,1,38.983646,0.000000,19.988461
9.414000,38.601011,0.872981,3.318305,-3.376241,1,38.983646,0.000000,19.988461
9.415000,38.604328,0.869604,3.314374,-3.377062,1,38.983646,0.000000,19.988461
9.416000,38.607640,0.866227,3.310107,-3.377064,1,38.983646,0.000000,19.988461
9.417000,38.610948,0.862850,3.305506,-3.376249,1,38.983646,0.000000,19.988461
9.418000,38.614251,0.859475,3.300576,-3.374616,1,38.983646,0.000000,19.988461
9.419000,38.617549,0.856101,3.295319,-3.372164,1,38.983646,0.000000,19.988461
9.420000,38.620841,0.852731,3.289740,-3.368893,1,38.983646,0.000000,19.988461
9.421000,38.624128,0.849364,3.283842,-3.364805,1,38.983646,0.000000,19.988461
9.422000,38.627409,0.846001,3.277629,-3.359899,1,38.983646,0.000000,19.988461
9.423000,38.630683,0.842644,3.271105,-3.354176,1,38.983646,0.000000,19.988461
9.424000,38.633951,0.839293,3.264275,-3.347636,1,38.983646,0.000000,19.988461
9.425000,38.637212,0.835949,3.257143,-3.340281,1,38.983646,0.000000,19.988461
9.426000,38.640465,0.832613,3.249712,-3.332111,1,38.983646,0.000000,19.988461
9.427000,38.643711,0.829285,3.241987,-3.323128,1,38.983646,0.000000,19.988461
9.428000,38.646949,0.825967,3.233974,-3.313334,1,38.983646,0.000000,19.988461
9.429000,38.650179,0.822659,3.225675,-3.302729,1,38.983646,0.000000,19.988461
9.430000,38.653400,0.819362,3.217097,-3.291315,1,38.983646,0.000000,19.988461
9.431000,38.656613,0.816077,3.208243,-3.279095,1,38.983646,0.000000,19.988461
9.432000,38.659817,0.812804,3.199119,-3.266071,1,38.983646,0.000000,19.988461
9.433000,38.663011,0.809545,3.189730,-3.252244,1,38.983646,0.000000,19.988461
9.434000,38.666196,0.806300,3.180080,-3.237617,1,38.983646,0.000000,19.988461
9.435000,38.669371,0.803070,3.170175,-3.222192,1,38.983646,0.000000,19.988461
9.436000,38.672536,0.799856,3.160020,-3.205973,1,38.983646,0.000000,19.988461
9.437000,38.675691,0.796658,3.149620,-3.188962,1,38.983646,0.000000,19.988461
9.438000,38.678835,0.793478,3.138981,-3.171163,1,38.983646,0.000000,19.988461
9.439000,38.681969,0.790316,3.128107,-3.152577,1,38.983646,0.000000,19.988461
9.440000,38.685092,0.787173,3.117006,-3.133210,1,38.983646,0.000000,19.988461
9.441000,38.688203,0.784050,3.105681,-3.113064,1,38.983646,0.000000,19.988461
9.442000,38.691303,0.780947,3.094139,-3.092144,1,38.983646,0.000000,19.988461
9.443000,38.694391,0.777866,3.082386,-3.070452,1,38.983646,0.000000,19.988461
9.444000,38.697468,0.774807,3.070428,-3.047994,1,38.983646,0.000000,19.988461
9.445000,38.700532,0.771770,3.058269,-3.024773,1,38.983646,0.000000,19.988461
9.446000,38.703584,0.768757,3.045917,-3.000793,1,38.983646,0.000000,19.988461
9.447000,38.706624,0.765769,3.033377,-2.976060,1,38.983646,0.000000,19.988461
9.448000,38.709651,0.762805,3.020655,-2.950579,1,38.983646,0.000000,19.988461
9.449000,38.712665,0.759868,3.007758,-2.924353,1,38.983646,0.000000,19.988461
9.450000,38.715666,0.756957,2.994691,-2.897388,1,38.983646,0.000000,19.988461
9.451000,38.718654,0.754073,2.981461,-2.869689,1,38.983646,0.000000,19.988461
9.452000,38.721629,0.751218,2.968075,-2.841262,1,38.983646,0.000000,19.988461
9.453000,38.724590,0.748391,2.954537,-2.812112,1,38.983646,0.000000,19.988461
9.454000,38.727538,0.745594,2.940856,-2.782246,1,38.983646,0.000000,19.988461
9.455000,38.730472,0.742827,2.927037,-2.751668,1,38.983646,0.000000,19.988461
9.456000,38.733392,0.740091,2.913087,-2.720385,1,38.983646,0.000000,19.988461
9.457000,38.736298,0.737386,2.899012,-2.688403,1,38.983646,0.000000,19.988461
9.458000,38.739190,0.734714,2.884819,-2.655728,1,38.983646,0.000000,19.988461
9.459000,38.742068,0.732075,2.870514,-2.622368,1,38.983646,0.000000,19.988461
9.460000,38.744931,0.729470,2.856104,-2.588328,1,38.983646,0.000000,19.988461
9.461000,38.747780,0.726899,2.841596,-2.553616,1,38.983646,0.000000,19.988461
9.462000,38.750614,0.724363,2.826997,-2.518238,1,38.983646,0.000000,19.988461
9.463000,38.753434,0.721862,2.812312,-2.482203,1,38.983646,0.000000,19.988461
9.464000,38.756239,0.719398,2.797549,-2.445516,1,38.983646,0.000000,19.988461
9.465000,38.759029,0.716972,2.782714,-2.408186,1,38.983646,0.000000,19.988461
9.466000,38.761804,0.714582,2.767815,-2.370221,1,38.983646,0.000000,19.988461
9.467000,38.764565,0.712231,2.752857,-2.331627,1,38.983646,0.000000,19.988461
9.468000,38.767310,0.709919,2.737848,-2.292414,1,38.983646,0.000000,19.988461
9.469000,38.770040,0.707647,2.722794,-2.252589,1,38.983646,0.000000,19.988461
9.470000,38.772756,0.705414,2.707702,-2.212161,1,38.983646,0.000000,19.988461
9.471000,38.775456,0.703223,2.692579,-2.171138,1,38.983646,0.000000,19.988461
9.472000,38.778141,0.701072,2.677431,-2.129528,1,38.983646,0.000000,19.988461
9.473000,38.780811,0.698964,2.662266,-2.087341,1,38.983646,0.000000,19.988461
9.474000,38.783465,0.696898,2.647089,-2.044585,1,38.983646,0.000000,19.988461
9.475000,38.786105,0.694875,2.631908,-2.001269,1,38.983646,0.000000,19.988461
9.476000,38.788729,0.692895,2.616729,-1.957403,1,38.983646,0.000000,19.988461
9.477000,38.791338,0.690960,2.601558,-1.912996,1,38.983646,0.000000,19.988461
9.478000,38.793932,0.689070,2.586403,-1.868057,1,38.983646,0.000000,19.988461
9.479000,38.796511,0.687224,2.571269,-1.822596,1,38.983646,0.000000,19.988461
9.480000,38.799075,0.685425,2.556163,-1.776623,1,38.983646,0.000000,19.988461
9.481000,38.801623,0.683671,2.541092,-1.730148,1,38.983646,0.000000,19.988461
9.482000,38.804157,0.681964,2.526062,-1.683180,1,38.983646,0.000000,19.988461
9.483000,38.806675,0.680305,2.511080,-1.635731,1,38.983646,0.000000,19.988461
9.484000,38.809179,0.678693,2.496150,-1.587809,1,38.983646,0.000000,19.988461
9.485000,38.811668,0.677129,2.481281,-1.539427,1,38.983646,0.000000,19.988461
9.486000,38.814142,0.675614,2.466478,-1.490593,1,38.983646,0.000000,19.988461
9.487000,38.816601,0.674148,2.451746,-1.441320,1,38.983646,0.000000,19.988461
9.488000,38.819045,0.672732,2.437092,-1.391618,1,38.983646,0.000000,19.988461
9.489000,38.821475,0.671365,2.422522,-1.341498,1,38.983646,0.000000,19.988461
9.490000,38.823890,0.670049,2.408042,-1.290971,1,38.983646,0.000000,19.988461
9.491000,38.826291,0.668783,2.393657,-1.240047,1,38.983646,0.000000,19.988461
9.492000,38.828678,0.667569,2.379374,-1.188740,1,38.983646,0.000000,19.988461
9.493000,38.831050,0.666406,2.365196,-1.137060,1,38.983646,0.000000,19.988461
9.494000,38.833408,0.665295,2.351131,-1.085018,1,38.983646,0.000000,19.988461
9.495000,38.835752,0.664236,2.337184,-1.032626,1,38.983646,0.000000,19.988461
9.496000,38.838082,0.663230,2.323358,-0.979897,1,38.983646,0.000000,19.988461
9.497000,38.840399,0.662277,2.309661,-0.926842,1,38.983646,0.000000,19.988461
9.498000,38.842702,0.661376,2.296096,-0.873472,1,38.983646,0.000000,19.988461
9.499000,38.844991,0.660530,2.282669,-0.819801,1,38.983646,0.000000,19.988461
9.500000,38.847267,0.659737,2.269385,-0.765840,1,38.983646,0.000000,19.988461
9.501000,38.849530,0.658998,2.256248,-0.711602,1,38.983646,0.000000,19.988461
9.502000,38.851780,0.658314,2.243262,-0.657098,1,38.983646,0.000000,19.988461
9.503000,38.854017,0.657684,2.230433,-0.602342,1,38.983646,0.000000,19.988461
9.504000,38.856241,0.657109,2.217764,-0.547347,1,38.983646,0.000000,19.988461
9.505000,38.858452,0.656589,2.205259,-0.492123,1,38.983646,0.000000,19.988461
9.506000,38.860651,0.656125,2.192923,-0.436685,1,38.983646,0.000000,19.988461
9.507000,38.862838,0.655716,2.180760,-0.381045,1,38.983646,0.000000,19.988461
9.508000,38.865013,0.655363,2.168772,-0.325217,1,38.983646,0.000000,19.988461
9.509000,38.867176,0.655066,2.156964,-0.269212,1,38.983646,0.000000,19.988461
9.510000,38.869327,0.654825,2.145340,-0.213044,1,38.983646,0.000000,19.988461
9.511000,38.871466,0.654640,2.133902,-0.156726,1,38.983646,0.000000,19.988461
9.512000,38.873595,0.654511,2.122653,-0.100271,1,38.983646,0.000000,19.988461
9.513000,38.875712,0.654439,2.111597,-0.043692,1,38.983646,0.000000,19.988461
9.514000,38.877818,0.654424,2.100737,0.012998,1,38.983646,0.000000,19.988461
9.515000,38.879913,0.654465,2.090074,0.069785,1,38.983646,0.000000,19.988461
9.516000,38.881998,0.654563,2.079612,0.126656,1,38.983646,0.000000,19.988461
9.517000,38.884073,0.654719,2.069353,0.183597,1,38.983646,0.000000,19.988461
9.518000,38.886137,0.654931,2.059300,0.240597,1,38.983646,0.000000,19.988461
9.519000,38.888191,0.655200,2.049453,0.297640,1,38.983646,0.000000,19.988461
9.520000,38.890236,0.655526,2.039816,0.354714,1,38.983646,0.000000,19.988461
9.521000,38.892271,0.655909,2.030389,0.411805,1,38.983646,0.000000,19.988461
9.522000,38.894297,0.656350,2.021175,0.468900,1,38.983646,0.000000,19.988461
9.523000,38.896313,0.656847,2.012175,0.525985,1,38.983646,0.000000,19.988461
9.524000,38.898321,0.657401,2.003390,0.583047,1,38.983646,0.000000,19.988461
9.525000,38.900320,0.658013,1.994821,0.640073,1,38.983646,0.000000,19.988461
9.526000,38.902311,0.658682,1.986469,0.697048,1,38.983646,0.000000,19.988461
9.527000,38.904293,0.659407,1.978335,0.753960,1,38.983646,0.000000,19.988461
9.528000,38.906268,0.660189,1.970419,0.810796,1,38.983646,0.000000,19.988461
9.529000,38.908234,0.661029,1.962722,0.867541,1,38.983646,0.000000,19.988461
9.530000,38.910193,0.661925,1.955245,0.924182,1,38.983646,0.000000,19.988461
9.531000,38.912145,0.662877,1.947987,0.980706,1,38.983646,0.000000,19.988461
9.532000,38.914089,0.663886,1.940948,1.037100,1,38.983646,0.000000,19.988461
9.533000,38.916027,0.664951,1.934129,1.093350,1,38.983646,0.000000,19.988461
9.534000,38.917958,0.666073,1.927528,1.149443,1,38.983646,0.000000,19.988461
9.535000,38.919882,0.667250,1.921146,1.205365,1,38.983646,0.000000,19.988461
9.536000,38.921800,0.668483,1.914982,1.261104,1,38.983646,0.000000,19.988461
9.537000,38.923712,0.669772,1.909035,1.316647,1,38.983646,0.000000,19.988461
9.538000,38.925618,0.671116,1.903304,1.371979,1,38.983646,0.000000,19.988461
9.539000,38.927519,0.672516,1.897789,1.427089,1,38.983646,0.000000,19.988461
9.540000,38.929414,0.673971,1.892487,1.481963,1,38.983646,0.000000,19.988461
9.541000,38.931304,0.675480,1.887398,1.536588,1,38.983646,0.000000,19.988461
9.542000,38.933189,0.677044,1.882521,1.590951,1,38.983646,0.000000,19.988461
9.543000,38.935069,0.678662,1.877853,1.645040,1,38.983646,0.000000,19.988461
9.544000,38.936944,0.680334,1.873393,1.698841,1,38.983646,0.000000,19.988461
9.545000,38.938816,0.682059,1.869139,1.752343,1,38.983646,0.000000,19.988461
9.546000,38.940683,0.683838,1.865090,1.805532,1,38.983646,0.000000,19.988461
9.547000,38.942546,0.685670,1.861243,1.858396,1,38.983646,0.000000,19.988461
9.548000,38.944405,0.687555,1.857595,1.910923,1,38.983646,0.000000,19.988461
9.549000,38.946261,0.689492,1.854146,1.963101,1,38.983646,0.000000,19.988461
9.550000,38.948114,0.691481,1.850892,2.014916,1,38.983646,0.000000,19.988461
9.551000,38.949963,0.693522,1.847831,2.066357,1,38.983646,0.000000,19.988461
9.552000,38.951809,0.695614,1.844960,2.117412,1,38.983646,0.000000,19.988461
9.553000,38.953653,0.697756,1.842277,2.168069,1,38.983646,0.000000,19.988461
9.554000,38.955494,0.699950,1.839778,2.218317,1,38.983646,0.000000,19.988461
9.555000,38.957333,0.702193,1.837462,2.268143,1,38.983646,0.000000,19.988461
9.556000,38.959169,0.704486,1.835324,2.317535,1,38.983646,0.000000,19.988461
9.557000,38.961003,0.706828,1.833362,2.366483,1,38.983646,0.000000,19.988461
9.558000,38.962836,0.709219,1.831573,2.414975,1,38.983646,0.000000,19.988461
9.559000,38.964666,0.711658,1.829953,2.463000,1,38.983646,0.000000,19.988461
9.560000,38.966496,0.714144,1.828500,2.510546,1,38.983646,0.000000,19.988461
9.561000,38.968324,0.716678,1.827209,2.557603,1,38.983646,0.000000,19.988461
9.562000,38.970150,0.719259,1.826077,2.604160,1,38.983646,0.000000,19.988461
9.563000,38.971976,0.721887,1.825102,2.650206,1,38.983646,0.000000,19.988461
9.564000,38.973800,0.724560,1.824279,2.695730,1,38.983646,0.000000,19.988461
9.565000,38.975624,0.727278,1.823604,2.740721,1,38.983646,0.000000,19.988461
9.566000,38.977448,0.730041,1.823075,2.785171,1,38.983646,0.000000,19.988461
9.567000,38.979271,0.732848,1.822686,2.829067,1,38.983646,0.000000,19.988461
9.568000,38.981093,0.735699,1.822435,2.872401,1,38.983646,0.000000,19.988461
9.569000,38.982915,0.738593,1.822318,2.915162,1,38.983646,0.000000,19.988461
9.570000,38.984738,0.741529,1.822331,2.957340,1,38.983646,0.000000,19.988461
9.571000,38.986560,0.744507,1.822469,2.998927,1,38.983646,0.000000,19.988461
9.572000,38.988383,0.747527,1.822729,3.039911,1,38.983646,0.000000,19.988461
9.573000,38.990206,0.750587,1.823108,3.080285,1,38.983646,0.000000,19.988461
9.574000,38.992029,0.753687,1.823600,3.120038,1,38.983646,0.000000,19.988461
9.575000,38.993853,0.756827,1.824202,3.159163,1,38.983646,0.000000,19.988461
9.576000,38.995677,0.760005,1.824910,3.197648,1,38.983646,0.000000,19.988461
9.577000,38.997503,0.763222,1.825719,3.235487,1,38.983646,0.000000,19.988461
9.578000,38.999329,0.766476,1.826627,3.272671,1,38.983646,0.000000,19.988461
9.579000,39.001156,0.769767,1.827628,3.309191,1,38.983646,0.000000,19.988461
9.580000,39.002984,0.773094,1.828718,3.345038,1,38.983646,0.000000,19.988461
9.581000,39.004813,0.776457,1.829894,3.380205,1,38.983646,0.000000,19.988461
9.582000,39.006644,0.779854,1.831150,3.414684,1,38.983646,0.000000,19.988461
9.583000,39.008476,0.783286,1.832484,3.448467,1,38.983646,0.000000,19.988461
9.584000,39.010309,0.786751,1.833890,3.481547,1,38.983646,0.000000,19.988461
9.585000,39.012144,0.790249,1.835366,3.513915,1,38.983646,0.000000,19.988461
9.586000,39.013980,0.793778,1.836905,3.545565,1,38.983646,0.000000,19.988461
9.587000,39.015817,0.797340,1.838505,3.576489,1,38.983646,0.000000,19.988461
9.588000,39.017657,0.800931,1.840162,3.606682,1,38.983646,0.000000,19.988461
9.589000,39.019498,0.804553,1.841870,3.636135,1,38.983646,0.000000,19.988461
9.590000,39.021341,0.808203,1.843626,3.664842,1,38.983646,0.000000,19.988461
9.591000,39.023185,0.811882,1.845427,3.692797,1,38.983646,0.000000,19.988461
9.592000,39.025031,0.815589,1.847267,3.719993,1,38.983646,0.000000,19.988461
9.593000,39.026880,0.819322,1.849142,3.746425,1,38.983646,0.000000,19.988461
9.594000,39.028730,0.823081,1.851049,3.772087,1,38.983646,0.000000,19.988461
9.595000,39.030582,0.826866,1.852984,3.796972,1,38.983646,0.000000,19.988461
9.596000,39.032436,0.830675,1.854943,3.821076,1,38.983646,0.000000,19.988461
9.597000,39.034292,0.834508,1.856921,3.844392,1,38.983646,0.000000,19.988461
9.598000,39.036149,0.838363,1.858914,3.866917,1,38.983646,0.000000,19.988461
9.599000,39.038009,0.842241,1.860920,3.888643,1,38.983646,0.000000,19.988461
9.600000,39.039871,0.846140,1.862932,3.909568,1,38.983646,0.000000,19.988461
9.601000,39.041735,0.850060,1.864949,3.929685,1,38.983646,0.000000,19.988461
9.602000,39.043601,0.853999,1.866966,3.948992,1,38.983646,0.000000,19.988461
9.603000,39.045469,0.857958,1.868979,3.967482,1,38.983646,0.000000,19.988461
9.604000,39.047339,0.861934,1.870984,3.985153,1,38.983646,0.000000,19.988461
9.605000,39.049211,0.865928,1.872978,4.001999,1,38.983646,0.000000,19.988461
9.606000,39.051085,0.869938,1.874957,4.018019,1,38.983646,0.000000,19.988461
9.607000,39.052961,0.873964,1.876918,4.033207,1,38.983646,0.000000,19.988461
9.608000,39.054839,0.878004,1.878855,4.047560,1,38.983646,0.000000,19.988461
9.609000,39.056719,0.882058,1.880767,4.061075,1,38.983646,0.000000,19.988461
9.610000,39.058600,0.886126,1.882649,4.073750,1,38.983646,0.000000,19.988461
9.611000,39.060484,0.890206,1.884498,4.085581,1,38.983646,0.000000,19.988461
9.612000,39.062369,0.894297,1.886311,4.096565,1,38.983646,0.000000,19.988461
9.613000,39.064257,0.898398,1.888084,4.106700,1,38.983646,0.000000,19.988461
9.614000,39.066146,0.902510,1.889813,4.115984,1,38.983646,0.000000,19.988461
9.615000,39.068036,0.906630,1.891495,4.124415,1,38.983646,0.000000,19.988461
9.616000,39.069929,0.910758,1.893128,4.131990,1,38.983646,0.000000,19.988461
9.617000,39.071823,0.914894,1.894707,4.138708,1,38.983646,0.000000,19.988461
9.618000,39.073718,0.919036,1.896230,4.144567,1,38.983646,0.000000,19.988461
9.619000,39.075615,0.923183,1.897693,4.149566,1,38.983646,0.000000,19.988461
9.620000,39.077513,0.927334,1.899094,4.153703,1,38.983646,0.000000,19.988461
9.621000,39.079413,0.931490,1.900429,4.156978,1,38.983646,0.000000,19.988461
9.622000,39.081314,0.935648,1.901695,4.159390,1,38.983646,0.000000,19.988461
9.623000,39.083217,0.939808,1.902889,4.160937,1,38.983646,0.000000,19.988461
9.624000,39.085120,0.943970,1.904009,4.161620,1,38.983646,0.000000,19.988461
9.625000,39.087024,0.948131,1.905051,4.161438,1,38.983646,0.000000,19.988461
9.626000,39.088930,0.952292,1.906013,4.160391,1,38.983646,0.000000,19.988461
9.627000,39.090836,0.956452,1.906892,4.158478,1,38.983646,0.000000,19.988461
9.628000,39.092744,0.960609,1.907685,4.155701,1,38.983646,0.000000,19.988461
9.629000,39.094652,0.964763,1.908390,4.152060,1,38.983646,0.000000,19.988461
9.630000,39.096561,0.968913,1.909005,4.147555,1,38.983646,0.000000,19.988461
9.631000,39.098470,0.973058,1.909525,4.142186,1,38.983646,0.000000,19.988461
9.632000,39.100380,0.977197,1.909950,4.135956,1,38.983646,0.000000,19.988461
9.633000,39.102290,0.981329,1.910277,4.128864,1,38.983646,0.000000,19.988461
9.634000,39.104200,0.985454,1.910503,4.120913,1,38.983646,0.000000,19.988461
9.635000,39.106111,0.989571,1.910626,4.112103,1,38.983646,0.000000,19.988461
9.636000,39.108021,0.993678,1.910644,4.102437,0,39.525047,0.084783,19.988256
9.637000,39.109932,0.997776,1.910644,4.092627,0,39.526957,0.088881,19.988256
9.638000,39.111843,1.001863,1.910644,4.082817,0,39.528868,0.092969,19.988256
9.639000,39.113753,1.005941,1.910644,4.073007,0,39.530779,0.097047,19.988256
9.640000,39.115664,1.010009,1.910644,4.063197,0,39.532689,0.101115,19.988256
9.641000,39.117575,1.014068,1.910644,4.053387,0,39.534600,0.105173,19.988256
9.642000,39.119485,1.018116,1.910644,4.043577,0,39.536510,0.109221,19.988256
9.643000,39.121396,1.022155,1.910644,4.033767,0,39.538421,0.113260,19.988256
9.644000,39.123306,1.026184,1.910644,4.023957,0,39.540332,0.117289,19.988256
9.645000,39.125217,1.030203,1.910644,4.014147,0,39.542242,0.121308,19.988256
9.646000,39.127128,1.034212,1.910644,4.004337,0,39.544153,0.125317,19.988256
9.647000,39.129038,1.038212,1.910644,3.994527,0,39.546064,0.129317,19.988256
9.648000,39.130949,1.042201,1.910644,3.984717,0,39.547974,0.133306,19.988256
9.649000,39.132860,1.046181,1.910644,3.974907,0,39.549885,0.137286,19.988256
9.650000,39.134770,1.050151,1.910644,3.965097,0,39.551796,0.141256,19.988256
9.651000,39.136681,1.054111,1.910644,3.955287,0,39.553706,0.145216,19.988256
9.652000,39.138592,1.058062,1.910644,3.945477,0,39.555617,0.149167,19.988256
9.653000,39.140502,1.062002,1.910644,3.935667,0,39.557528,0.153107,19.988256
9.654000,39.142413,1.065933,1.910644,3.925857,0,39.559438,0.157038,19.988256
9.655000,39.144324,1.069854,1.910644,3.916047,0,39.561349,0.160959,19.988256
9.656000,39.146234,1.073765,1.910644,3.906237,0,39.563259,0.164870,19.988256
9.657000,39.148145,1.077666,1.910644,3.896427,0,39.565170,0.168771,19.988256
9.658000,39.150055,1.081558,1.910644,3.886617,0,39.567081,0.172663,19.988256
9.659000,39.151966,1.085440,1.910644,3.876807,0,39.568991,0.176545,19.988256
9.660000,39.153877,1.089311,1.910644,3.866997,0,39.570902,0.180417,19.988256
9.661000,39.155787,1.093174,1.910644,3.857187,0,39.572813,0.184279,19.988256
9.662000,39.157698,1.097026,1.910644,3.847377,0,39.574723,0.188131,19.988256
9.663000,39.159609,1.100868,1.910644,3.837567,0,39.576634,0.191973,19.988256
9.664000,39.161519,1.104701,1.910644,3.827757,0,39.578545,0.195806,19.988256
9.665000,39.163430,1.108524,1.910644,3.817947,0,39.580455,0.199629,19.988256
9.666000,39.165341,1.112337,1.910644,3.808137,0,39.582366,0.203442,19.988256
9.667000,39.167251,1.116140,1.910644,3.798327,0,39.584277,0.207245,19.988256
9.668000,39.169162,1.119933,1.910644,3.788517,0,39.586187,0.211039,19.988256
9.669000,39.171073,1.123717,1.910644,3.778707,0,39.588098,0.214822,19.988256
9.670000,39.172983,1.127491,1.910644,3.768897,0,39.590008,0.218596,19.988256
9.671000,39.174894,1.131255,1.910644,3.759087,0,39.591919,0.222360,19.988256
9.672000,39.176804,1.135009,1.910644,3.749277,0,39.593830,0.226114,19.988256
9.673000,39.178715,1.138753,1.910644,3.739467,0,39.595740,0.229859,19.988256
9.674000,39.180626,1.142488,1.910644,3.729657,0,39.597651,0.233593,19.988256
9.675000,39.182536,1.146213,1.910644,3.719847,0,39.599562,0.237318,19.988256
9.676000,39.184447,1.149928,1.910644,3.710037,0,39.601472,0.241033,19.988256
9.677000,39.186358,1.153633,1.910644,3.700227,0,39.603383,0.244738,19.988256
9.678000,39.188268,1.157328,1.910644,3.690417,0,39.605294,0.248433,19.988256
9.679000,39.190179,1.161014,1.910644,3.680607,0,39.607204,0.252119,19.988256
9.680000,39.192090,1.164689,1.910644,3.670797,0,39.609115,0.255794,19.988256
9.681000,39.194000,1.168355,1.910644,3.660987,0,39.611026,0.259460,19.988256
9.682000,39.195911,1.172011,1.910644,3.651177,0,39.612936,0.263116,19.988256
9.683000,39.197822,1.175658,1.910644,3.641367,0,39.614847,0.266763,19.988256
9.684000,39.199732,1.179294,1.910644,3.631557,0,39.616758,0.270399,19.988256
9.685000,39.201643,1.182921,1.910644,3.621747,0,39.618668,0.274026,19.988256
9.686000,39.203553,1.186538,1.910644,3.611937,0,39.620579,0.277643,19.988256
9.687000,39.205464,1.190145,1.910644,3.602127,0,39.622489,0.281250,19.988256
9.688000,39.207375,1.193742,1.910644,3.592317,0,39.624400,0.284847,19.988256
9.689000,39.209285,1.197329,1.910644,3.582507,0,39.626311,0.288434,19.988256
9.690000,39.211196,1.200907,1.910644,3.572697,0,39.628221,0.292012,19.988256
9.691000,39.213107,1.204475,1.910644,3.562887,0,39.630132,0.295580,19.988256
9.692000,39.215017,1.208033,1.910644,3.553077,0,39.632043,0.299138,19.988256
9.693000,39.216928,1.211581,1.910644,3.543267,0,39.633953,0.302686,19.988256
9.694000,39.218839,1.215119,1.910644,3.533457,0,39.635864,0.306224,19.988256
9.695000,39.220749,1.218648,1.910644,3.523647,0,39.637775,0.309753,19.988256
9.696000,39.222660,1.222166,1.910644,3.513837,0,39.639685,0.313272,19.988256
9.697000,39.224571,1.225675,1.910644,3.504027,0,39.641596,0.316780,19.988256
9.698000,39.226481,1.229174,1.910644,3.494217,0,39.643507,0.320280,19.988256
9.699000,39.228392,1.232664,1.910644,3.484407,0,39.645417,0.323769,19.988256
9.700000,39.230302,1.236143,1.910644,3.474597,0,39.647328,0.327248,19.988256
9.701000,39.232213,1.239613,1.910644,3.464787,0,39.649238,0.330718,19.988256
9.702000,39.234124,1.243073,1.910644,3.454977,0,39.651149,0.334178,19.988256
9.703000,39.236034,1.246523,1.910644,3.445167,0,39.653060,0.337628,19.988256
9.704000,39.237945,1.249963,1.910644,3.435357,0,39.654970,0.341068,19.988256
9.705000,39.239856,1.253394,1.910644,3.425547,0,39.656881,0.344499,19.988256
9.706000,39.241766,1.256814,1.910644,3.415737,0,39.658792,0.347919,19.988256
9.707000,39.243677,1.260225,1.910644,3.405927,0,39.660702,0.351330,19.988256
9.708000,39.245588,1.263626,1.910644,3.396117,0,39.662613,0.354731,19.988256
9.709000,39.247498,1.267017,1.910644,3.386307,0,39.664524,0.358122,19.988256
9.710000,39.249409,1.270399,1.910644,3.376497,0,39.666434,0.361504,19.988256
9.711000,39.251320,1.273770,1.910644,3.366687,0,39.668345,0.364875,19.988256
9.712000,39.253230,1.277132,1.910644,3.356877,0,39.670256,0.368237,19.988256
9.713000,39.255141,1.280484,1.910644,3.347067,0,39.672166,0.371589,19.988256
9.714000,39.257051,1.283826,1.910644,3.337257,0,39.674077,0.374931,19.988256
9.715000,39.258962,1.287159,1.910644,3.327447,0,39.675987,0.378264,19.988256
9.716000,39.260873,1.290481,1.910644,3.317637,0,39.677898,0.381586,19.988256
9.717000,39.262783,1.293794,1.910644,3.307827,0,39.679809,0.384899,19.988256
9.718000,39.264694,1.297097,1.910644,3.298017,0,39.681719,0.388202,19.988256
9.719000,39.266605,1.300390,1.910644,3.288207,0,39.683630,0.391495,19.988256
9.720000,39.268515,1.303673,1.910644,3.278397,0,39.685541,0.394778,19.988256
9.721000,39.270426,1.306947,1.910644,3.268587,0,39.687451,0.398052,19.988256
9.722000,39.272337,1.310210,1.910644,3.258777,0,39.689362,0.401316,19.988256
9.723000,39.274247,1.313464,1.910644,3.248967,0,39.691273,0.404569,19.988256
9.724000,39.276158,1.316708,1.910644,3.239157,0,39.693183,0.407813,19.988256
9.725000,39.278069,1.319943,1.910644,3.229347,0,39.695094,0.411048,19.988256
9.726000,39.279979,1.323167,1.910644,3.219537,0,39.697005,0.414272,19.988256
9.727000,39.281890,1.326382,1.910644,3.209727,0,39.698915,0.417487,19.988256
9.728000,39.283801,1.329586,1.910644,3.199917,0,39.700826,0.420692,19.988256
9.729000,39.285711,1.332781,1.910644,3.190107,0,39.702736,0.423887,19.988256
9.730000,39.287622,1.335967,1.910644,3.180297,0,39.704647,0.427072,19.988256
9.731000,39.289532,1.339142,1.910644,3.170487,0,39.706558,0.430247,19.988256
9.732000,39.291443,1.342308,1.910644,3.160677,0,39.708468,0.433413,19.988256
9.733000,39.293354,1.345463,1.910644,3.150867,0,39.710379,0.436569,19.988256
9.734000,39.295264,1.348609,1.910644,3.141057,0,39.712290,0.439715,19.988256
9.735000,39.297175,1.351746,1.910644,3.131247,0,39.714200,0.442851,19.988256
9.736000,39.299086,1.354872,1.910644,3.121437,0,39.716111,0.445977,19.988256
9.737000,39.300996,1.357988,1.910644,3.111627,0,39.718022,0.449094,19.988256
9.738000,39.302907,1.361095,1.910644,3.101817,0,39.719932,0.452200,19.988256
9.739000,39.304818,1.364192,1.910644,3.092007,0,39.721843,0.455297,19.988256
9.740000,39.306728,1.367279,1.910644,3.082197,0,39.723754,0.458384,19.988256
9.741000,39.308639,1.370356,1.910644,3.072387,0,39.725664,0.461462,19.988256
9.742000,39.310550,1.373424,1.910644,3.062577,0,39.727575,0.464529,19.988256
9.743000,39.312460,1.376482,1.910644,3.052767,0,39.729485,0.467587,19.988256
9.744000,39.314371,1.379529,1.910644,3.042957,0,39.731396,0.470635,19.988256
9.745000,39.316281,1.382568,1.910644,3.033147,0,39.733307,0.473673,19.988256
9.746000,39.318192,1.385596,1.910644,3.023337,0,39.735217,0.476701,19.988256
9.747000,39.320103,1.388614,1.910644,3.013527,0,39.737128,0.479719,19.988256
9.748000,39.322013,1.391623,1.910644,3.003717,0,39.739039,0.482728,19.988256
9.749000,39.323924,1.394622,1.910644,2.993907,0,39.740949,0.485727,19.988256
9.750000,39.325835,1.397611,1.910644,2.984097,0,39.742860,0.488716,19.988256
9.751000,39.327745,1.400590,1.910644,2.974287,0,39.744771,0.491695,19.988256
9.752000,39.329656,1.403559,1.910644,2.964477,0,39.746681,0.494664,19.988256
9.753000,39.331567,1.406519,1.910644,2.954667,0,39.748592,0.497624,19.988256
9.754000,39.333477,1.409469,1.910644,2.944857,0,39.750503,0.500574,19.988256
9.755000,39.335388,1.412408,1.910644,2.935047,0,39.752413,0.503514,19.988256
9.756000,39.337299,1.415339,1.910644,2.925237,0,39.754324,0.506444,19.988256
9.757000,39.339209,1.418259,1.910644,2.915427,0,39.756234,0.509364,19.988256
9.758000,39.341120,1.421169,1.910644,2.905617,0,39.758145,0.512275,19.988256
9.759000,39.343030,1.424070,1.910644,2.895807,0,39.760056,0.515175,19.988256
9.760000,39.344941,1.426961,1.910644,2.885997,0,39.761966,0.518066,19.988256
9.761000,39.346852,1.429842,1.910644,2.876187,0,39.763877,0.520947,19.988256
9.762000,39.348762,1.432713,1.910644,2.866377,0,39.765788,0.523819,19.988256
9.763000,39.350673,1.435575,1.910644,2.856567,0,39.767698,0.526680,19.988256
9.764000,39.352584,1.438427,1.910644,2.846757,0,39.769609,0.529532,19.988256
9.765000,39.354494,1.441268,1.910644,2.836947,0,39.771520,0.532374,19.988256
9.766000,39.356405,1.444100,1.910644,2.827137,0,39.773430,0.535206,19.988256
9.767000,39.358316,1.446923,1.910644,2.817327,0,39.775341,0.538028,19.988256
9.768000,39.360226,1.449735,1.910644,2.807517,0,39.777252,0.540840,19.988256
9.769000,39.362137,1.452538,1.910644,2.797707,0,39.779162,0.543643,19.988256
9.770000,39.364048,1.455331,1.910644,2.787897,0,39.781073,0.546436,19.988256
9.771000,39.365958,1.458114,1.910644,2.778087,0,39.782984,0.549219,19.988256
9.772000,39.367869,1.460887,1.910644,2.768277,0,39.784894,0.551992,19.988256
9.773000,39.369779,1.463650,1.910644,2.758467,0,39.786805,0.554755,19.988256
9.774000,39.371690,1.466404,1.910644,2.748657,0,39.788715,0.557509,19.988256
9.775000,39.373601,1.469147,1.910644,2.738847,0,39.790626,0.560253,19.988256
9.776000,39.375511,1.471881,1.910644,2.729037,0,39.792537,0.562986,19.988256
9.777000,39.377422,1.474605,1.910644,2.719227,0,39.794447,0.565711,19.988256
9.778000,39.379333,1.477320,1.910644,2.709417,0,39.796358,0.568425,19.988256
9.779000,39.381243,1.480024,1.910644,2.699607,0,39.798269,0.571129,19.988256
9.780000,39.383154,1.482719,1.910644,2.689797,0,39.800179,0.573824,19.988256
9.781000,39.385065,1.485404,1.910644,2.679987,0,39.802090,0.576509,19.988256
9.782000,39.386975,1.488079,1.910644,2.670177,0,39.804001,0.579184,19.988256
9.783000,39.388886,1.490744,1.910644,2.660367,0,39.805911,0.581849,19.988256
9.784000,39.390797,1.493400,1.910644,2.650557,0,39.807822,0.584505,19.988256
9.785000,39.392707,1.496045,1.910644,2.640747,0,39.809733,0.587151,19.988256
9.786000,39.394618,1.498681,1.910644,2.630937,0,39.811643,0.589786,19.988256
9.787000,39.396528,1.501307,1.910644,2.621127,0,39.813554,0.592412,19.988256
9.788000,39.398439,1.503923,1.910644,2.611317,0,39.815464,0.595029,19.988256
9.789000,39.400350,1.506530,1.910644,2.601507,0,39.817375,0.597635,19.988256
9.790000,39.402260,1.509126,1.910644,2.591697,0,39.819286,0.600232,19.988256
9.791000,39.404171,1.511713,1.910644,2.581887,0,39.821196,0.602818,19.988256
9.792000,39.406082,1.514290,1.910644,2.572077,0,39.823107,0.605395,19.988256
9.793000,39.407992,1.516857,1.910644,2.562267,0,39.825018,0.607963,19.988256
9.794000,39.409903,1.519415,1.910644,2.552457,0,39.826928,0.610520,19.988256
9.795000,39.411814,1.521962,1.910644,2.542647,0,39.828839,0.613067,19.988256
9.796000,39.413724,1.524500,1.910644,2.532837,0,39.830750,0.615605,19.988256
9.797000,39.415635,1.527028,1.910644,2.523027,0,39.832660,0.618133,19.988256
9.798000,39.417546,1.529546,1.910644,2.513217,0,39.834571,0.620651,19.988256
9.799000,39.419456,1.532054,1.910644,2.503407,0,39.836482,0.623160,19.988256
9.800000,39.421367,1.534553,1.910644,2.493597,0,39.838392,0.625658,19.988256
9.801000,39.423277,1.537042,1.910644,2.483787,0,39.840303,0.628147,19.988256
9.802000,39.425188,1.539521,1.910644,2.473977,0,39.842213,0.630626,19.988256
9.803000,39.427099,1.541990,1.910644,2.464167,0,39.844124,0.633095,19.988256
9.804000,39.429009,1.544449,1.910644,2.454357,0,39.846035,0.635554,19.988256
9.805000,39.430920,1.546898,1.910644,2.444547,0,39.847945,0.638003,19.988256
9.806000,39.432831,1.549338,1.910644,2.434737,0,39.849856,0.640443,19.988256
9.807000,39.434741,1.551768,1.910644,2.424927,0,39.851767,0.642873,19.988256
9.808000,39.436652,1.554188,1.910644,2.415117,0,39.853677,0.645293,19.988256
9.809000,39.438563,1.556598,1.910644,2.405307,0,39.855588,0.647703,19.988256
9.810000,39.440473,1.558998,1.910644,2.395497,0,39.857499,0.650104,19.988256
9.811000,39.442384,1.561389,1.910644,2.385687,0,39.859409,0.652494,19.988256
9.812000,39.444295,1.563770,1.910644,2.375877,0,39.861320,0.654875,19.988256
9.813000,39.446205,1.566141,1.910644,2.366067,0,39.863231,0.657246,19.988256
9.814000,39.448116,1.568502,1.910644,2.356257,0,39.865141,0.659607,19.988256
9.815000,39.450027,1.570853,1.910644,2.346447,0,39.867052,0.661958,19.988256
9.816000,39.451937,1.573195,1.910644,2.336637,0,39.868962,0.664300,19.988256
9.817000,39.453848,1.575527,1.910644,2.326827,0,39.870873,0.666632,19.988256
9.818000,39.455758,1.577848,1.910644,2.317017,0,39.872784,0.668954,19.988256
9.819000,39.457669,1.580161,1.910644,2.307207,0,39.874694,0.671266,19.988256
9.820000,39.459580,1.582463,1.910644,2.297397,0,39.876605,0.673568,19.988256
9.821000,39.461490,1.584755,1.910644,2.287587,0,39.878516,0.675861,19.988256
9.822000,39.463401,1.587038,1.910644,2.277777,0,39.880426,0.678143,19.988256
9.823000,39.465312,1.589311,1.910644,2.267967,0,39.882337,0.680416,19.988256
9.824000,39.467222,1.591574,1.910644,2.258157,0,39.884248,0.682679,19.988256
9.825000,39.469133,1.593827,1.910644,2.248347,0,39.886158,0.684932,19.988256
9.826000,39.471044,1.596071,1.910644,2.238537,0,39.888069,0.687176,19.988256
9.827000,39.472954,1.598304,1.910644,2.228727,0,39.889980,0.689409,19.988256
9.828000,39.474865,1.600528,1.910644,2.218917,0,39.891890,0.691633,19.988256
9.829000,39.476776,1.602742,1.910644,2.209107,0,39.893801,0.693847,19.988256
9.830000,39.478686,1.604946,1.910644,2.199297,0,39.895711,0.696051,19.988256
9.831000,39.480597,1.607141,1.910644,2.189487,0,39.897622,0.698246,19.988256
9.832000,39.482507,1.609325,1.910644,2.179677,0,39.899533,0.700430,19.988256
9.833000,39.484418,1.611500,1.910644,2.169867,0,39.901443,0.702605,19.988256
9.834000,39.486329,1.613665,1.910644,2.160057,0,39.903354,0.704770,19.988256
9.835000,39.488239,1.615820,1.910644,2.150247,0,39.905265,0.706925,19.988256
9.836000,39.490150,1.617966,1.910644,2.140437,0,39.907175,0.709071,19.988256
9.837000,39.492061,1.620101,1.910644,2.130627,0,39.909086,0.711206,19.988256
9.838000,39.493971,1.622227,1.910644,2.120817,0,39.910997,0.713332,19.988256
9.839000,39.495882,1.624343,1.910644,2.111007,0,39.912907,0.715448,19.988256
9.840000,39.497793,1.626449,1.910644,2.101197,0,39.914818,0.717554,19.988256
9.841000,39.499703,1.628545,1.910644,2.091387,0,39.916729,0.719650,19.988256
9.842000,39.501614,1.630632,1.910644,2.081577,0,39.918639,0.721737,19.988256
9.843000,39.503525,1.632708,1.910644,2.071767,0,39.920550,0.723813,19.988256
9.844000,39.505435,1.634775,1.910644,2.061957,0,39.922460,0.725880,19.988256
9.845000,39.507346,1.636832,1.910644,2.052147,0,39.924371,0.727937,19.988256
9.846000,39.509256,1.638879,1.910644,2.042337,0,39.926282,0.729985,19.988256
9.847000,39.511167,1.640917,1.910644,2.032527,0,39.928192,0.732022,19.988256
9.848000,39.513078,1.642944,1.910644,2.022717,0,39.930103,0.734050,19.988256
9.849000,39.514988,1.644962,1.910644,2.012907,0,39.932014,0.736067,19.988256
9.850000,39.516899,1.646970,1.910644,2.003097,0,39.933924,0.738075,19.988256
9.851000,39.518810,1.648968,1.910644,1.993287,0,39.935835,0.740074,19.988256
9.852000,39.520720,1.650957,1.910644,1.983477,0,39.937746,0.742062,19.988256
9.853000,39.522631,1.652935,1.910644,1.973667,0,39.939656,0.744041,19.988256
9.854000,39.524542,1.654904,1.910644,1.963857,0,39.941567,0.746009,19.988256
9.855000,39.526452,1.656863,1.910644,1.954047,0,39.943478,0.747968,19.988256
9.856000,39.528363,1.658812,1.910644,1.944237,0,39.945388,0.749917,19.988256
9.857000,39.530274,1.660752,1.910644,1.934427,0,39.947299,0.751857,19.988256
9.858000,39.532184,1.662681,1.910644,1.924617,0,39.949209,0.753786,19.988256
9.859000,39.534095,1.664601,1.910644,1.914807,0,39.951120,0.755706,19.988256
9.860000,39.536005,1.666511,1.910644,1.904997,0,39.953031,0.757616,19.988256
9.861000,39.537916,1.668411,1.910644,1.895187,0,39.954941,0.759516,19.988256
9.862000,39.539827,1.670301,1.910644,1.885377,0,39.956852,0.761406,19.988256
9.863000,39.541737,1.672182,1.910644,1.875567,0,39.958763,0.763287,19.988256
9.864000,39.543648,1.674052,1.910644,1.865757,0,39.960673,0.765157,19.988256
9.865000,39.545559,1.675913,1.910644,1.855947,0,39.962584,0.767018,19.988256
9.866000,39.547469,1.677764,1.910644,1.846137,0,39.964495,0.768869,19.988256
9.867000,39.549380,1.679605,1.910644,1.836327,0,39.966405,0.770711,19.988256
9.868000,39.551291,1.681437,1.910644,1.826517,0,39.968316,0.772542,19.988256
9.869000,39.553201,1.683258,1.910644,1.816707,0,39.970227,0.774364,19.988256
9.870000,39.555112,1.685070,1.910644,1.806897,0,39.972137,0.776175,19.988256
9.871000,39.557023,1.686872,1.910644,1.797087,0,39.974048,0.777977,19.988256
9.872000,39.558933,1.688664,1.910644,1.787277,0,39.975959,0.779770,19.988256
9.873000,39.560844,1.690447,1.910644,1.777467,0,39.977869,0.781552,19.988256
9.874000,39.562754,1.692219,1.910644,1.767657,0,39.979780,0.783324,19.988256
9.875000,39.564665,1.693982,1.910644,1.757847,0,39.981690,0.785087,19.988256
9.876000,39.566576,1.695735,1.910644,1.748037,0,39.983601,0.786840,19.988256
9.877000,39.568486,1.697478,1.910644,1.738227,0,39.985512,0.788583,19.988256
9.878000,39.570397,1.699211,1.910644,1.728417,0,39.987422,0.790317,19.988256
9.879000,39.572308,1.700935,1.910644,1.718607,0,39.989333,0.792040,19.988256
9.880000,39.574218,1.702649,1.910644,1.708797,0,39.991244,0.793754,19.988256
9.881000,39.576129,1.704353,1.910644,1.698987,0,39.993154,0.795458,19.988256
9.882000,39.578040,1.706047,1.910644,1.689177,0,39.995065,0.797152,19.988256
9.883000,39.579950,1.707731,1.910644,1.679367,0,39.996976,0.798836,19.988256
9.884000,39.581861,1.709405,1.910644,1.669557,0,39.998886,0.800511,19.988256
9.885000,39.583772,1.711070,1.910644,1.659747,0,40.000797,0.802175,19.988256
9.886000,39.585682,1.712725,1.910644,1.649937,0,40.002708,0.803830,19.988256
9.887000,39.587593,1.714370,1.910644,1.640127,0,40.004618,0.805475,19.988256
9.888000,39.589503,1.716005,1.910644,1.630317,0,40.006529,0.807110,19.988256
9.889000,39.591414,1.717631,1.910644,1.620507,0,40.008439,0.808736,19.988256
9.890000,39.593325,1.719246,1.910644,1.610697,0,40.010350,0.810351,19.988256
9.891000,39.595235,1.720852,1.910644,1.600887,0,40.012261,0.811957,19.988256
9.892000,39.597146,1.722448,1.910644,1.591077,0,40.014171,0.813553,19.988256
9.893000,39.599057,1.724034,1.910644,1.581267,0,40.016082,0.815139,19.988256
9.894000,39.600967,1.725610,1.910644,1.571457,0,40.017993,0.816716,19.988256
9.895000,39.602878,1.727177,1.910644,1.561647,0,40.019903,0.818282,19.988256
9.896000,39.604789,1.728734,1.910644,1.551837,0,40.021814,0.819839,19.988256
9.897000,39.606699,1.730281,1.910644,1.542027,0,40.023725,0.821386,19.988256
9.898000,39.608610,1.731818,1.910644,1.532217,0,40.025635,0.822923,19.988256
9.899000,39.610521,1.733345,1.910644,1.522407,0,40.027546,0.824450,19.988256
9.900000,39.612431,1.734863,1.910644,1.512597,0,40.029457,0.825968,19.988256
9.901000,39.614342,1.736370,1.910644,1.502787,0,40.031367,0.827475,19.988256
9.902000,39.616252,1.737868,1.910644,1.492977,0,40.033278,0.828973,19.988256
9.903000,39.618163,1.739356,1.910644,1.483167,0,40.035188,0.830461,19.988256
9.904000,39.620074,1.740835,1.910644,1.473357,0,40.037099,0.831940,19.988256
9.905000,39.621984,1.742303,1.910644,1.463547,0,40.039010,0.833408,19.988256
9.906000,39.623895,1.743762,1.910644,1.453737,0,40.040920,0.834867,19.988256
9.907000,39.625806,1.745210,1.910644,1.443927,0,40.042831,0.836316,19.988256
9.908000,39.627716,1.746649,1.910644,1.434117,0,40.044742,0.837755,19.988256
9.909000,39.629627,1.748079,1.910644,1.424307,0,40.046652,0.839184,19.988256
9.910000,39.631538,1.749498,1.910644,1.414497,0,40.048563,0.840603,19.988256
9.911000,39.633448,1.750908,1.910644,1.404687,0,40.050474,0.842013,19.988256
9.912000,39.635359,1.752307,1.910644,1.394877,0,40.052384,0.843413,19.988256
9.913000,39.637270,1.753697,1.910644,1.385067,0,40.054295,0.844803,19.988256
9.914000,39.639180,1.755078,1.910644,1.375257,0,40.056206,0.846183,19.988256
9.915000,39.641091,1.756448,1.910644,1.365447,0,40.058116,0.847553,19.988256
9.916000,39.643002,1.757808,1.910644,1.355637,0,40.060027,0.848914,19.988256
9.917000,39.644912,1.759159,1.910644,1.345827,0,40.061937,0.850264,19.988256
9.918000,39.646823,1.760500,1.910644,1.336017,0,40.063848,0.851605,19.988256
9.919000,39.648733,1.761831,1.910644,1.326207,0,40.065759,0.852936,19.988256
9.920000,39.650644,1.763153,1.910644,1.316397,0,40.067669,0.854258,19.988256
9.921000,39.652555,1.764464,1.910644,1.306587,0,40.069580,0.855569,19.988256
9.922000,39.654465,1.765766,1.910644,1.296777,0,40.071491,0.856871,19.988256
9.923000,39.656376,1.767058,1.910644,1.286967,0,40.073401,0.858163,19.988256
9.924000,39.658287,1.768340,1.910644,1.277157,0,40.075312,0.859445,19.988256
9.925000,39.660197,1.769612,1.910644,1.267347,0,40.077223,0.860717,19.988256
9.926000,39.662108,1.770874,1.910644,1.257537,0,40.079133,0.861979,19.988256
9.927000,39.664019,1.772127,1.910644,1.247727,0,40.081044,0.863232,19.988256
9.928000,39.665929,1.773370,1.910644,1.237917,0,40.082955,0.864475,19.988256
9.929000,39.667840,1.774603,1.910644,1.228107,0,40.084865,0.865708,19.988256
9.930000,39.669751,1.775826,1.910644,1.218297,0,40.086776,0.866931,19.988256
9.931000,39.671661,1.777039,1.910644,1.208487,0,40.088686,0.868145,19.988256
9.932000,39.673572,1.778243,1.910644,1.198677,0,40.090597,0.869348,19.988256
9.933000,39.675482,1.779437,1.910644,1.188867,0,40.092508,0.870542,19.988256
9.934000,39.677393,1.780621,1.910644,1.179057,0,40.094418,0.871726,19.988256
9.935000,39.679304,1.781795,1.910644,1.169247,0,40.096329,0.872900,19.988256
9.936000,39.681214,1.782959,1.910644,1.159437,0,40.098240,0.874064,19.988256
9.937000,39.683125,1.784114,1.910644,1.149627,0,40.100150,0.875219,19.988256
9.938000,39.685036,1.785258,1.910644,1.139817,0,40.102061,0.876364,19.988256
9.939000,39.686946,1.786393,1.910644,1.130007,0,40.103972,0.877499,19.988256
9.940000,39.688857,1.787518,1.910644,1.120197,0,40.105882,0.878624,19.988256
9.941000,39.690768,1.788634,1.910644,1.110387,0,40.107793,0.879739,19.988256
9.942000,39.692678,1.789739,1.910644,1.100577,0,40.109704,0.880844,19.988256
9.943000,39.694589,1.790835,1.910644,1.090767,0,40.111614,0.881940,19.988256
9.944000,39.696500,1.791921,1.910644,1.080957,0,40.113525,0.883026,19.988256
9.945000,39.698410,1.792997,1.910644,1.071147,0,40.115435,0.884102,19.988256
9.946000,39.700321,1.794063,1.910644,1.061337,0,40.117346,0.885168,19.988256
9.947000,39.702231,1.795120,1.910644,1.051527,0,40.119257,0.886225,19.988256
9.948000,39.704142,1.796166,1.910644,1.041717,0,40.121167,0.887271,19.988256
9.949000,39.706053,1.797203,1.910644,1.031907,0,40.123078,0.888308,19.988256
9.950000,39.707963,1.798230,1.910644,1.022097,0,40.124989,0.889335,19.988256
9.951000,39.709874,1.799247,1.910644,1.012287,0,40.126899,0.890352,19.988256
9.952000,39.711785,1.800255,1.910644,1.002477,0,40.128810,0.891360,19.988256
9.953000,39.713695,1.801252,1.910644,0.992667,0,40.130721,0.892357,19.988256
9.954000,39.715606,1.802240,1.910644,0.982857,0,40.132631,0.893345,19.988256
9.955000,39.717517,1.803218,1.910644,0.973047,0,40.134542,0.894323,19.988256
9.956000,39.719427,1.804186,1.910644,0.963237,0,40.136453,0.895291,19.988256
9.957000,39.721338,1.805144,1.910644,0.953427,0,40.138363,0.896249,19.988256
9.958000,39.723249,1.806093,1.910644,0.943617,0,40.140274,0.897198,19.988256
9.959000,39.725159,1.807032,1.910644,0.933807,0,40.142185,0.898137,19.988256
9.960000,39.727070,1.807960,1.910644,0.923997,0,40.144095,0.899066,19.988256
9.961000,39.728980,1.808880,1.910644,0.914187,0,40.146006,0.899985,19.988256
9.962000,39.730891,1.809789,1.910644,0.904377,0,40.147916,0.900894,19.988256
9.963000,39.732802,1.810688,1.910644,0.894567,0,40.149827,0.901793,19.988256
9.964000,39.734712,1.811578,1.910644,0.884757,0,40.151738,0.902683,19.988256
9.965000,39.736623,1.812458,1.910644,0.874947,0,40.153648,0.903563,19.988256
9.966000,39.738534,1.813328,1.910644,0.865137,0,40.155559,0.904433,19.988256
9.967000,39.740444,1.814188,1.910644,0.855327,0,40.157470,0.905293,19.988256
9.968000,39.742355,1.815038,1.910644,0.845517,0,40.159380,0.906144,19.988256
9.969000,39.744266,1.815879,1.910644,0.835707,0,40.161291,0.906984,19.988256
9.970000,39.746176,1.816710,1.910644,0.825897,0,40.163202,0.907815,19.988256
9.971000,39.748087,1.817531,1.910644,0.816087,0,40.165112,0.908636,19.988256
9.972000,39.749998,1.818342,1.910644,0.806277,0,40.167023,0.909447,19.988256
9.973000,39.751908,1.819143,1.910644,0.796467,0,40.168934,0.910249,19.988256
9.974000,39.753819,1.819935,1.910644,0.786657,0,40.170844,0.911040,19.988256
9.975000,39.755729,1.820717,1.910644,0.776847,0,40.172755,0.911822,19.988256
9.976000,39.757640,1.821489,1.910644,0.767037,0,40.174665,0.912594,19.988256
9.977000,39.759551,1.822251,1.910644,0.757227,0,40.176576,0.913356,19.988256
9.978000,39.761461,1.823003,1.910644,0.747417,0,40.178487,0.914108,19.988256
9.979000,39.763372,1.823746,1.910644,0.737607,0,40.180397,0.914851,19.988256
9.980000,39.765283,1.824478,1.910644,0.727797,0,40.182308,0.915583,19.988256
9.981000,39.767193,1.825201,1.910644,0.717987,0,40.184219,0.916306,19.988256
9.982000,39.769104,1.825914,1.910644,0.708177,0,40.186129,0.917019,19.988256
9.983000,39.771015,1.826618,1.910644,0.698367,0,40.188040,0.917723,19.988256
9.984000,39.772925,1.827311,1.910644,0.688557,0,40.189951,0.918416,19.988256
9.985000,39.774836,1.827995,1.910644,0.678747,0,40.191861,0.919100,19.988256
9.986000,39.776747,1.828669,1.910644,0.668937,0,40.193772,0.919774,19.988256
9.987000,39.778657,1.829333,1.910644,0.659127,0,40.195683,0.920438,19.988256
9.988000,39.780568,1.829987,1.910644,0.649317,0,40.197593,0.921092,19.988256
9.989000,39.782478,1.830631,1.910644,0.639507,0,40.199504,0.921736,19.988256
9.990000,39.784389,1.831266,1.910644,0.629697,0,40.201414,0.922371,19.988256
9.991000,39.786300,1.831891,1.910644,0.619887,0,40.203325,0.922996,19.988256
9.992000,39.788210,1.832506,1.910644,0.610077,0,40.205236,0.923611,19.988256
9.993000,39.790121,1.833111,1.910644,0.600267,0,40.207146,0.924216,19.988256
9.994000,39.792032,1.833706,1.910644,0.590457,0,40.209057,0.924811,19.988256
9.995000,39.793942,1.834292,1.910644,0.580647,0,40.210968,0.925397,19.988256
9.996000,39.795853,1.834867,1.910644,0.570837,0,40.212878,0.925973,19.988256
9.997000,39.797764,1.835433,1.910644,0.561027,0,40.214789,0.926538,19.988256
9.998000,39.799674,1.835989,1.910644,0.551217,0,40.216700,0.927095,19.988256
9.999000,39.801585,1.836536,1.910644,0.541407,0,40.218610,0.927641,19.988256
10.000000,39.803496,1.837072,1.910644,0.531597,0,40.220521,0.928177,19.988256
10.001000,39.805406,1.837599,1.910644,0.521787,0,40.222432,0.928704,19.988256
